<?xml version='1.0' encoding='UTF-8' standalone='no'?>
<doxygen xmlns:xsi="http://www.w3.org/2001/XMLSchema-instance" xsi:noNamespaceSchemaLocation="compound.xsd" version="1.9.3" xml:lang="en-US">
  <compounddef id="classqrefcnt__obj__t" kind="class" language="C++" prot="public" abstract="yes">
    <compoundname>qrefcnt_obj_t</compoundname>
    <derivedcompoundref refid="classqiterator" prot="public" virt="non-virtual">qiterator&lt; T &gt;</derivedcompoundref>
    <derivedcompoundref refid="classrefcnted__regex__t" prot="public" virt="non-virtual">refcnted_regex_t</derivedcompoundref>
    <derivedcompoundref refid="classsource__file__t" prot="public" virt="non-virtual">source_file_t</derivedcompoundref>
    <derivedcompoundref refid="classsource__item__t" prot="public" virt="non-virtual">source_item_t</derivedcompoundref>
    <includes refid="pro_8h" local="no">pro.h</includes>
      <sectiondef kind="public-attrib">
      <memberdef kind="variable" id="classqrefcnt__obj__t_1ab8d5e88bdc5903c5d918b6150c57f454" prot="public" static="no" mutable="no">
        <type>int</type>
        <definition>int qrefcnt_obj_t::refcnt</definition>
        <argsstring></argsstring>
        <name>refcnt</name>
        <qualifiedname>qrefcnt_obj_t::refcnt</qualifiedname>
        <briefdescription>
        </briefdescription>
        <detaileddescription>
<para>counter </para>
        </detaileddescription>
        <inbodydescription>
        </inbodydescription>
        <location file="obj/x64_linux_gcc_32_opt_pro/idasdk/pro.h" line="2885" column="7" bodyfile="obj/x64_linux_gcc_32_opt_pro/idasdk/pro.h" bodystart="2885" bodyend="-1"/>
      </memberdef>
      </sectiondef>
      <sectiondef kind="public-func">
      <memberdef kind="function" id="classqrefcnt__obj__t_1abca79ba34587bd7253077569aee4d137" prot="public" static="no" const="no" explicit="no" inline="yes" virt="non-virtual">
        <type></type>
        <definition>qrefcnt_obj_t::qrefcnt_obj_t</definition>
        <argsstring>(void)</argsstring>
        <name>qrefcnt_obj_t</name>
        <qualifiedname>qrefcnt_obj_t::qrefcnt_obj_t</qualifiedname>
        <param>
          <type>void</type>
        </param>
        <briefdescription>
<para>Constructor. </para>
        </briefdescription>
        <detaileddescription>
        </detaileddescription>
        <inbodydescription>
        </inbodydescription>
        <location file="obj/x64_linux_gcc_32_opt_pro/idasdk/pro.h" line="2887" column="3" bodyfile="obj/x64_linux_gcc_32_opt_pro/idasdk/pro.h" bodystart="2887" bodyend="2887"/>
      </memberdef>
      <memberdef kind="function" id="classqrefcnt__obj__t_1a745ea2234fa257ca04514ef78977ad84" prot="public" static="no" const="no" explicit="no" inline="no" virt="pure-virtual">
        <type>void idaapi</type>
        <definition>virtual void idaapi qrefcnt_obj_t::release</definition>
        <argsstring>(void)=0</argsstring>
        <name>release</name>
        <qualifiedname>qrefcnt_obj_t::release</qualifiedname>
        <reimplementedby refid="classsource__file__t_1ab3752bd5ce30eac3246a25c56897395a">release</reimplementedby>
        <reimplementedby refid="classsource__item__t_1a6a9d1cb1b9a9375d7565058822b59748">release</reimplementedby>
        <reimplementedby refid="classrefcnted__regex__t_1a3b55c0fb9b2fbe98b726318c7181b2fc">release</reimplementedby>
        <param>
          <type>void</type>
        </param>
        <briefdescription>
        </briefdescription>
        <detaileddescription>
<para>Call destructor. We use <ref refid="classqrefcnt__obj__t_1a745ea2234fa257ca04514ef78977ad84" kindref="member">release()</ref> instead of operator delete() to maintain binary compatibility with all compilers (vc and gcc use different vtable layouts for operator delete) </para>
        </detaileddescription>
        <inbodydescription>
        </inbodydescription>
        <location file="obj/x64_linux_gcc_32_opt_pro/idasdk/pro.h" line="2892" column="23"/>
      </memberdef>
      </sectiondef>
    <briefdescription>
<para>Base class for reference count objects. </para>
    </briefdescription>
    <detaileddescription>
    </detaileddescription>
    <inheritancegraph>
      <node id="2">
        <label>qiterator&lt; T &gt;</label>
        <link refid="classqiterator"/>
        <childnode refid="1" relation="public-inheritance">
        </childnode>
      </node>
      <node id="1">
        <label>qrefcnt_obj_t</label>
        <link refid="classqrefcnt__obj__t"/>
      </node>
      <node id="3">
        <label>refcnted_regex_t</label>
        <link refid="classrefcnted__regex__t"/>
        <childnode refid="1" relation="public-inheritance">
        </childnode>
      </node>
      <node id="4">
        <label>source_file_t</label>
        <link refid="classsource__file__t"/>
        <childnode refid="1" relation="public-inheritance">
        </childnode>
      </node>
      <node id="5">
        <label>source_item_t</label>
        <link refid="classsource__item__t"/>
        <childnode refid="1" relation="public-inheritance">
        </childnode>
      </node>
    </inheritancegraph>
    <location file="obj/x64_linux_gcc_32_opt_pro/idasdk/pro.h" line="2882" column="1" bodyfile="obj/x64_linux_gcc_32_opt_pro/idasdk/pro.h" bodystart="2883" bodyend="2893"/>
    <listofallmembers>
      <member refid="classqrefcnt__obj__t_1abca79ba34587bd7253077569aee4d137" prot="public" virt="non-virtual"><scope>qrefcnt_obj_t</scope><name>qrefcnt_obj_t</name></member>
      <member refid="classqrefcnt__obj__t_1ab8d5e88bdc5903c5d918b6150c57f454" prot="public" virt="non-virtual"><scope>qrefcnt_obj_t</scope><name>refcnt</name></member>
      <member refid="classqrefcnt__obj__t_1a745ea2234fa257ca04514ef78977ad84" prot="public" virt="pure-virtual"><scope>qrefcnt_obj_t</scope><name>release</name></member>
    </listofallmembers>
  </compounddef>
</doxygen>
