<?xml version='1.0' encoding='UTF-8' standalone='no'?>
<doxygen xmlns:xsi="http://www.w3.org/2001/XMLSchema-instance" xsi:noNamespaceSchemaLocation="compound.xsd" version="1.8.15">
  <compounddef id="classida__lowertype__helper__t" kind="class" language="C++" prot="public">
    <compoundname>ida_lowertype_helper_t</compoundname>
    <basecompoundref refid="classlowertype__helper__t" prot="public" virt="non-virtual">lowertype_helper_t</basecompoundref>
    <includes refid="typeinf_8hpp" local="no">typeinf.hpp</includes>
      <sectiondef kind="private-attrib">
      <memberdef kind="variable" id="classida__lowertype__helper__t_1a771633811d48a1ace8787adc45609747" prot="private" static="no" mutable="no">
        <type>const <ref refid="classtinfo__t" kindref="compound">tinfo_t</ref> &amp;</type>
        <definition>const tinfo_t&amp; ida_lowertype_helper_t::tif</definition>
        <argsstring></argsstring>
        <name>tif</name>
        <briefdescription>
        </briefdescription>
        <detaileddescription>
        </detaileddescription>
        <inbodydescription>
        </inbodydescription>
        <location file="obj/x64_linux_gcc_32_opt/idasdk/typeinf.hpp" line="3889" column="1" bodyfile="obj/x64_linux_gcc_32_opt/idasdk/typeinf.hpp" bodystart="3889" bodyend="-1"/>
      </memberdef>
      <memberdef kind="variable" id="classida__lowertype__helper__t_1a27cb0f5da5667c19876c8d0171c1e81d" prot="private" static="no" mutable="no">
        <type>ea_t</type>
        <definition>ea_t ida_lowertype_helper_t::ea</definition>
        <argsstring></argsstring>
        <name>ea</name>
        <briefdescription>
        </briefdescription>
        <detaileddescription>
        </detaileddescription>
        <inbodydescription>
        </inbodydescription>
        <location file="obj/x64_linux_gcc_32_opt/idasdk/typeinf.hpp" line="3890" column="1" bodyfile="obj/x64_linux_gcc_32_opt/idasdk/typeinf.hpp" bodystart="3890" bodyend="-1"/>
      </memberdef>
      <memberdef kind="variable" id="classida__lowertype__helper__t_1a5b1256d978eabd0b83b674a3afd8913d" prot="private" static="no" mutable="no">
        <type>int</type>
        <definition>int ida_lowertype_helper_t::purged_bytes</definition>
        <argsstring></argsstring>
        <name>purged_bytes</name>
        <briefdescription>
        </briefdescription>
        <detaileddescription>
        </detaileddescription>
        <inbodydescription>
        </inbodydescription>
        <location file="obj/x64_linux_gcc_32_opt/idasdk/typeinf.hpp" line="3891" column="1" bodyfile="obj/x64_linux_gcc_32_opt/idasdk/typeinf.hpp" bodystart="3891" bodyend="-1"/>
      </memberdef>
      </sectiondef>
      <sectiondef kind="public-func">
      <memberdef kind="function" id="classida__lowertype__helper__t_1ac2da5cdfd9212d187ad23fdb87452d9a" prot="public" static="no" const="no" explicit="no" inline="yes" virt="non-virtual">
        <type></type>
        <definition>ida_lowertype_helper_t::ida_lowertype_helper_t</definition>
        <argsstring>(const tinfo_t &amp;_tif, ea_t _ea, int _pb)</argsstring>
        <name>ida_lowertype_helper_t</name>
        <param>
          <type>const <ref refid="classtinfo__t" kindref="compound">tinfo_t</ref> &amp;</type>
          <declname>_tif</declname>
        </param>
        <param>
          <type>ea_t</type>
          <declname>_ea</declname>
        </param>
        <param>
          <type>int</type>
          <declname>_pb</declname>
        </param>
        <briefdescription>
        </briefdescription>
        <detaileddescription>
        </detaileddescription>
        <inbodydescription>
        </inbodydescription>
        <location file="obj/x64_linux_gcc_32_opt/idasdk/typeinf.hpp" line="3894" column="1" bodyfile="obj/x64_linux_gcc_32_opt/idasdk/typeinf.hpp" bodystart="3894" bodyend="3895"/>
      </memberdef>
      <memberdef kind="function" id="classida__lowertype__helper__t_1a07a68900e921d0babadd6b81a4bf111a" prot="public" static="no" const="no" explicit="no" inline="yes" virt="virtual">
        <type>bool idaapi</type>
        <definition>virtual bool idaapi ida_lowertype_helper_t::func_has_stkframe_hole</definition>
        <argsstring>(const tinfo_t &amp;candidate, const func_type_data_t &amp;candidate_data)</argsstring>
        <name>func_has_stkframe_hole</name>
        <reimplements refid="classlowertype__helper__t_1a6cbbad8b63f50fe16e71ddcda84ff90f">func_has_stkframe_hole</reimplements>
        <param>
          <type>const <ref refid="classtinfo__t" kindref="compound">tinfo_t</ref> &amp;</type>
          <declname>candidate</declname>
        </param>
        <param>
          <type>const <ref refid="structfunc__type__data__t" kindref="compound">func_type_data_t</ref> &amp;</type>
          <declname>candidate_data</declname>
        </param>
        <briefdescription>
        </briefdescription>
        <detaileddescription>
        </detaileddescription>
        <inbodydescription>
        </inbodydescription>
        <location file="obj/x64_linux_gcc_32_opt/idasdk/typeinf.hpp" line="3897" column="1" bodyfile="obj/x64_linux_gcc_32_opt/idasdk/typeinf.hpp" bodystart="3897" bodyend="3904"/>
      </memberdef>
      <memberdef kind="function" id="classida__lowertype__helper__t_1ad27b15c1316471ce4ef0c9ef0f75acc3" prot="public" static="no" const="no" explicit="no" inline="yes" virt="virtual">
        <type>int idaapi</type>
        <definition>virtual int idaapi ida_lowertype_helper_t::get_func_purged_bytes</definition>
        <argsstring>(const tinfo_t &amp;candidate, const func_type_data_t &amp;)</argsstring>
        <name>get_func_purged_bytes</name>
        <reimplements refid="classlowertype__helper__t_1a318917e32b2467494097b3d5497d7101">get_func_purged_bytes</reimplements>
        <param>
          <type>const <ref refid="classtinfo__t" kindref="compound">tinfo_t</ref> &amp;</type>
          <declname>candidate</declname>
        </param>
        <param>
          <type>const <ref refid="structfunc__type__data__t" kindref="compound">func_type_data_t</ref> &amp;</type>
        </param>
        <briefdescription>
        </briefdescription>
        <detaileddescription>
        </detaileddescription>
        <inbodydescription>
        </inbodydescription>
        <location file="obj/x64_linux_gcc_32_opt/idasdk/typeinf.hpp" line="3906" column="1" bodyfile="obj/x64_linux_gcc_32_opt/idasdk/typeinf.hpp" bodystart="3906" bodyend="3913"/>
      </memberdef>
      </sectiondef>
    <briefdescription>
    </briefdescription>
    <detaileddescription>
<para>An implementation of <ref refid="classlowertype__helper__t" kindref="compound">lowertype_helper_t</ref> that has access to the IDB, and thus can help spot holes in the stack arguments. </para>
    </detaileddescription>
    <inheritancegraph>
      <node id="1784">
        <label>ida_lowertype_helper_t</label>
        <link refid="classida__lowertype__helper__t"/>
        <childnode refid="1785" relation="public-inheritance">
        </childnode>
      </node>
      <node id="1785">
        <label>lowertype_helper_t</label>
        <link refid="classlowertype__helper__t"/>
      </node>
    </inheritancegraph>
    <collaborationgraph>
      <node id="1786">
        <label>ida_lowertype_helper_t</label>
        <link refid="classida__lowertype__helper__t"/>
        <childnode refid="1787" relation="public-inheritance">
        </childnode>
      </node>
      <node id="1787">
        <label>lowertype_helper_t</label>
        <link refid="classlowertype__helper__t"/>
      </node>
    </collaborationgraph>
    <location file="obj/x64_linux_gcc_32_opt/idasdk/typeinf.hpp" line="3888" column="1" bodyfile="obj/x64_linux_gcc_32_opt/idasdk/typeinf.hpp" bodystart="3887" bodyend="3914"/>
    <listofallmembers>
      <member refid="classida__lowertype__helper__t_1a27cb0f5da5667c19876c8d0171c1e81d" prot="private" virt="non-virtual"><scope>ida_lowertype_helper_t</scope><name>ea</name></member>
      <member refid="classida__lowertype__helper__t_1a07a68900e921d0babadd6b81a4bf111a" prot="public" virt="virtual"><scope>ida_lowertype_helper_t</scope><name>func_has_stkframe_hole</name></member>
      <member refid="classida__lowertype__helper__t_1ad27b15c1316471ce4ef0c9ef0f75acc3" prot="public" virt="virtual"><scope>ida_lowertype_helper_t</scope><name>get_func_purged_bytes</name></member>
      <member refid="classida__lowertype__helper__t_1ac2da5cdfd9212d187ad23fdb87452d9a" prot="public" virt="non-virtual"><scope>ida_lowertype_helper_t</scope><name>ida_lowertype_helper_t</name></member>
      <member refid="classida__lowertype__helper__t_1a5b1256d978eabd0b83b674a3afd8913d" prot="private" virt="non-virtual"><scope>ida_lowertype_helper_t</scope><name>purged_bytes</name></member>
      <member refid="classida__lowertype__helper__t_1a771633811d48a1ace8787adc45609747" prot="private" virt="non-virtual"><scope>ida_lowertype_helper_t</scope><name>tif</name></member>
    </listofallmembers>
  </compounddef>
</doxygen>
