<?xml version='1.0' encoding='UTF-8' standalone='no'?>
<doxygen xmlns:xsi="http://www.w3.org/2001/XMLSchema-instance" xsi:noNamespaceSchemaLocation="compound.xsd" version="1.8.9.1">
  <compounddef id="classsource__item__t" kind="class" language="C++" prot="public" abstract="yes">
    <compoundname>source_item_t</compoundname>
    <basecompoundref prot="public" virt="non-virtual">qrefcnt_obj_t</basecompoundref>
    <includes refid="dbg_8hpp" local="no">dbg.hpp</includes>
      <sectiondef kind="user-defined">
      <header>Old get_kind()</header>
      <description><para>The following methods are deprecated - see <ref refid="classsource__item__t_1ad1f295b119e599148c53bbc2c3d3bea3" kindref="member">get_kind()</ref> </para></description>
      <memberdef kind="function" id="classsource__item__t_1ae13401d1cb23ca596cc313abef89a872" prot="public" static="no" const="yes" explicit="no" inline="yes" virt="virtual">
        <type><ref refid="group__dbg__funcs__srcinfo_1gadd1590e46b67c1fbc2820300b894596f" kindref="member">src_item_kind_t</ref> idaapi</type>
        <definition>virtual src_item_kind_t idaapi source_item_t::get_item_kind</definition>
        <argsstring>() const </argsstring>
        <name>get_item_kind</name>
        <briefdescription>
        </briefdescription>
        <detaileddescription>
        </detaileddescription>
        <inbodydescription>
        </inbodydescription>
        <location file="/home/aundro/idasrc/695/include/dbg.hpp" line="2179" column="1" bodyfile="/home/aundro/idasrc/695/include/dbg.hpp" bodystart="2179" bodyend="2179"/>
      </memberdef>
      <memberdef kind="function" id="classsource__item__t_1afd54bbb9f1b2f0ab02a6f6528630b612" prot="public" static="no" const="yes" explicit="no" inline="yes" virt="non-virtual">
        <type>bool</type>
        <definition>bool source_item_t::is_stmt</definition>
        <argsstring>() const </argsstring>
        <name>is_stmt</name>
        <briefdescription>
        </briefdescription>
        <detaileddescription>
        </detaileddescription>
        <inbodydescription>
        </inbodydescription>
        <location file="/home/aundro/idasrc/695/include/dbg.hpp" line="2180" column="1" bodyfile="/home/aundro/idasrc/695/include/dbg.hpp" bodystart="2180" bodyend="2180"/>
      </memberdef>
      <memberdef kind="function" id="classsource__item__t_1adab1607ad9621636731949e435ce8cbf" prot="public" static="no" const="yes" explicit="no" inline="yes" virt="non-virtual">
        <type>bool</type>
        <definition>bool source_item_t::is_module</definition>
        <argsstring>() const </argsstring>
        <name>is_module</name>
        <briefdescription>
        </briefdescription>
        <detaileddescription>
        </detaileddescription>
        <inbodydescription>
        </inbodydescription>
        <location file="/home/aundro/idasrc/695/include/dbg.hpp" line="2181" column="1" bodyfile="/home/aundro/idasrc/695/include/dbg.hpp" bodystart="2181" bodyend="2181"/>
      </memberdef>
      <memberdef kind="function" id="classsource__item__t_1a370fc571501f6c19a41201401e7ef5a9" prot="public" static="no" const="yes" explicit="no" inline="yes" virt="non-virtual">
        <type>bool</type>
        <definition>bool source_item_t::is_func</definition>
        <argsstring>() const </argsstring>
        <name>is_func</name>
        <briefdescription>
        </briefdescription>
        <detaileddescription>
        </detaileddescription>
        <inbodydescription>
        </inbodydescription>
        <location file="/home/aundro/idasrc/695/include/dbg.hpp" line="2182" column="1" bodyfile="/home/aundro/idasrc/695/include/dbg.hpp" bodystart="2182" bodyend="2182"/>
      </memberdef>
      <memberdef kind="function" id="classsource__item__t_1aea56f6c48728b24241451e5e90b3e339" prot="public" static="no" const="yes" explicit="no" inline="yes" virt="non-virtual">
        <type>bool</type>
        <definition>bool source_item_t::is_expr</definition>
        <argsstring>() const </argsstring>
        <name>is_expr</name>
        <briefdescription>
        </briefdescription>
        <detaileddescription>
        </detaileddescription>
        <inbodydescription>
        </inbodydescription>
        <location file="/home/aundro/idasrc/695/include/dbg.hpp" line="2183" column="1" bodyfile="/home/aundro/idasrc/695/include/dbg.hpp" bodystart="2183" bodyend="2183"/>
      </memberdef>
      <memberdef kind="function" id="classsource__item__t_1aeaef3e8c5e3d6b4714a7ff78a3de44ad" prot="public" static="no" const="yes" explicit="no" inline="yes" virt="non-virtual">
        <type>bool</type>
        <definition>bool source_item_t::is_var</definition>
        <argsstring>() const </argsstring>
        <name>is_var</name>
        <briefdescription>
        </briefdescription>
        <detaileddescription>
        </detaileddescription>
        <inbodydescription>
        </inbodydescription>
        <location file="/home/aundro/idasrc/695/include/dbg.hpp" line="2184" column="1" bodyfile="/home/aundro/idasrc/695/include/dbg.hpp" bodystart="2184" bodyend="2184"/>
      </memberdef>
      <memberdef kind="function" id="classsource__item__t_1a3b36a8ddc6df0cca847b65c473b903fe" prot="public" static="no" const="yes" explicit="no" inline="yes" virt="non-virtual">
        <type>bool</type>
        <definition>bool source_item_t::is_stkvar</definition>
        <argsstring>() const </argsstring>
        <name>is_stkvar</name>
        <briefdescription>
        </briefdescription>
        <detaileddescription>
        </detaileddescription>
        <inbodydescription>
        </inbodydescription>
        <location file="/home/aundro/idasrc/695/include/dbg.hpp" line="2185" column="1" bodyfile="/home/aundro/idasrc/695/include/dbg.hpp" bodystart="2185" bodyend="2185"/>
      </memberdef>
      <memberdef kind="function" id="classsource__item__t_1a0620bed3e8cf8eca0c7bbe99fe2d98c0" prot="public" static="no" const="yes" explicit="no" inline="yes" virt="non-virtual">
        <type>bool</type>
        <definition>bool source_item_t::is_regvar</definition>
        <argsstring>() const </argsstring>
        <name>is_regvar</name>
        <briefdescription>
        </briefdescription>
        <detaileddescription>
        </detaileddescription>
        <inbodydescription>
        </inbodydescription>
        <location file="/home/aundro/idasrc/695/include/dbg.hpp" line="2186" column="1" bodyfile="/home/aundro/idasrc/695/include/dbg.hpp" bodystart="2186" bodyend="2186"/>
      </memberdef>
      <memberdef kind="function" id="classsource__item__t_1a53b0603bf7e5ebd0e1242c8b6dfc09a6" prot="public" static="no" const="yes" explicit="no" inline="yes" virt="non-virtual">
        <type>bool</type>
        <definition>bool source_item_t::is_rrlvar</definition>
        <argsstring>() const </argsstring>
        <name>is_rrlvar</name>
        <briefdescription>
        </briefdescription>
        <detaileddescription>
        </detaileddescription>
        <inbodydescription>
        </inbodydescription>
        <location file="/home/aundro/idasrc/695/include/dbg.hpp" line="2187" column="1" bodyfile="/home/aundro/idasrc/695/include/dbg.hpp" bodystart="2187" bodyend="2187"/>
      </memberdef>
      <memberdef kind="function" id="classsource__item__t_1abf62860fe68300145409fce110716ec4" prot="public" static="no" const="yes" explicit="no" inline="yes" virt="non-virtual">
        <type>bool</type>
        <definition>bool source_item_t::is_sttvar</definition>
        <argsstring>() const </argsstring>
        <name>is_sttvar</name>
        <briefdescription>
        </briefdescription>
        <detaileddescription>
        </detaileddescription>
        <inbodydescription>
        </inbodydescription>
        <location file="/home/aundro/idasrc/695/include/dbg.hpp" line="2188" column="1" bodyfile="/home/aundro/idasrc/695/include/dbg.hpp" bodystart="2188" bodyend="2188"/>
      </memberdef>
      </sectiondef>
      <sectiondef kind="user-defined">
      <header>Old get_location()</header>
      <description><para>The following methods are deprecated - see <ref refid="classsource__item__t_1aa0759eb9adb2bdf3f4a90e15ef444477" kindref="member">get_location()</ref> </para></description>
      <memberdef kind="function" id="classsource__item__t_1ac616f7b0b087822d7a5cb7ad79c74499" prot="public" static="no" const="yes" explicit="no" inline="yes" virt="virtual">
        <type>bool idaapi</type>
        <definition>virtual bool idaapi source_item_t::get_stkvar_info</definition>
        <argsstring>(char *, size_t, uval_t *, ea_t) const </argsstring>
        <name>get_stkvar_info</name>
        <param>
          <type>char *</type>
        </param>
        <param>
          <type>size_t</type>
        </param>
        <param>
          <type>uval_t *</type>
        </param>
        <param>
          <type>ea_t</type>
        </param>
        <briefdescription>
        </briefdescription>
        <detaileddescription>
        </detaileddescription>
        <inbodydescription>
        </inbodydescription>
        <location file="/home/aundro/idasrc/695/include/dbg.hpp" line="2194" column="1" bodyfile="/home/aundro/idasrc/695/include/dbg.hpp" bodystart="2194" bodyend="2194"/>
      </memberdef>
      <memberdef kind="function" id="classsource__item__t_1a528d7606e1ecc49743eb59957aa67020" prot="public" static="no" const="yes" explicit="no" inline="yes" virt="virtual">
        <type>bool idaapi</type>
        <definition>virtual bool idaapi source_item_t::get_regvar_info</definition>
        <argsstring>(char *, size_t) const </argsstring>
        <name>get_regvar_info</name>
        <param>
          <type>char *</type>
        </param>
        <param>
          <type>size_t</type>
        </param>
        <briefdescription>
        </briefdescription>
        <detaileddescription>
        </detaileddescription>
        <inbodydescription>
        </inbodydescription>
        <location file="/home/aundro/idasrc/695/include/dbg.hpp" line="2195" column="1" bodyfile="/home/aundro/idasrc/695/include/dbg.hpp" bodystart="2195" bodyend="2195"/>
      </memberdef>
      <memberdef kind="function" id="classsource__item__t_1aad303c7610f073c47957d450e70ef990" prot="public" static="no" const="yes" explicit="no" inline="yes" virt="virtual">
        <type>bool idaapi</type>
        <definition>virtual bool idaapi source_item_t::get_rrlvar_info</definition>
        <argsstring>(char *, size_t, uval_t *) const </argsstring>
        <name>get_rrlvar_info</name>
        <param>
          <type>char *</type>
        </param>
        <param>
          <type>size_t</type>
        </param>
        <param>
          <type>uval_t *</type>
        </param>
        <briefdescription>
        </briefdescription>
        <detaileddescription>
        </detaileddescription>
        <inbodydescription>
        </inbodydescription>
        <location file="/home/aundro/idasrc/695/include/dbg.hpp" line="2196" column="1" bodyfile="/home/aundro/idasrc/695/include/dbg.hpp" bodystart="2196" bodyend="2196"/>
      </memberdef>
      </sectiondef>
      <sectiondef kind="user-defined">
      <header>Getters (for modification)</header>
      <description><para>The following functions can be used to extract the item information in order to modify it. For example, if the user wants to modify a variable we will find what exactly needs to be modified. </para></description>
      <memberdef kind="function" id="classsource__item__t_1ad1f295b119e599148c53bbc2c3d3bea3" prot="public" static="no" const="yes" explicit="no" inline="yes" virt="virtual">
        <type><ref refid="group__dbg__funcs__srcinfo_1gadd1590e46b67c1fbc2820300b894596f" kindref="member">src_item_kind_t</ref> idaapi</type>
        <definition>virtual src_item_kind_t idaapi source_item_t::get_kind</definition>
        <argsstring>(const eval_ctx_t *) const </argsstring>
        <name>get_kind</name>
        <param>
          <type>const <ref refid="classeval__ctx__t" kindref="compound">eval_ctx_t</ref> *</type>
        </param>
        <briefdescription>
<para>Get item kind. </para>        </briefdescription>
        <detaileddescription>
        </detaileddescription>
        <inbodydescription>
        </inbodydescription>
        <location file="/home/aundro/idasrc/695/include/dbg.hpp" line="2216" column="1" bodyfile="/home/aundro/idasrc/695/include/dbg.hpp" bodystart="2216" bodyend="2216"/>
      </memberdef>
      <memberdef kind="function" id="classsource__item__t_1a7ac7bed742bf874c18266aba65f1b068" prot="public" static="no" const="yes" explicit="no" inline="yes" virt="non-virtual">
        <type>bool</type>
        <definition>bool source_item_t::is_stmt</definition>
        <argsstring>(const eval_ctx_t *ctx) const </argsstring>
        <name>is_stmt</name>
        <param>
          <type>const <ref refid="classeval__ctx__t" kindref="compound">eval_ctx_t</ref> *</type>
          <declname>ctx</declname>
        </param>
        <briefdescription>
<para>Does this source item represent a statement? </para>        </briefdescription>
        <detaileddescription>
        </detaileddescription>
        <inbodydescription>
        </inbodydescription>
        <location file="/home/aundro/idasrc/695/include/dbg.hpp" line="2218" column="1" bodyfile="/home/aundro/idasrc/695/include/dbg.hpp" bodystart="2218" bodyend="2218"/>
      </memberdef>
      <memberdef kind="function" id="classsource__item__t_1a31f11f0db54d21a1d49d71645d8d3991" prot="public" static="no" const="yes" explicit="no" inline="yes" virt="non-virtual">
        <type>bool</type>
        <definition>bool source_item_t::is_module</definition>
        <argsstring>(const eval_ctx_t *ctx) const </argsstring>
        <name>is_module</name>
        <param>
          <type>const <ref refid="classeval__ctx__t" kindref="compound">eval_ctx_t</ref> *</type>
          <declname>ctx</declname>
        </param>
        <briefdescription>
<para>Does this source item represent a module? </para>        </briefdescription>
        <detaileddescription>
        </detaileddescription>
        <inbodydescription>
        </inbodydescription>
        <location file="/home/aundro/idasrc/695/include/dbg.hpp" line="2220" column="1" bodyfile="/home/aundro/idasrc/695/include/dbg.hpp" bodystart="2220" bodyend="2220"/>
      </memberdef>
      <memberdef kind="function" id="classsource__item__t_1a15bfd641cd754dfa43f520dd60ff9fb6" prot="public" static="no" const="yes" explicit="no" inline="yes" virt="non-virtual">
        <type>bool</type>
        <definition>bool source_item_t::is_func</definition>
        <argsstring>(const eval_ctx_t *ctx) const </argsstring>
        <name>is_func</name>
        <param>
          <type>const <ref refid="classeval__ctx__t" kindref="compound">eval_ctx_t</ref> *</type>
          <declname>ctx</declname>
        </param>
        <briefdescription>
<para>Does this source item represent a function? </para>        </briefdescription>
        <detaileddescription>
        </detaileddescription>
        <inbodydescription>
        </inbodydescription>
        <location file="/home/aundro/idasrc/695/include/dbg.hpp" line="2222" column="1" bodyfile="/home/aundro/idasrc/695/include/dbg.hpp" bodystart="2222" bodyend="2222"/>
      </memberdef>
      <memberdef kind="function" id="classsource__item__t_1a173f6a2bc5b3634818649ebfd95ad8d8" prot="public" static="no" const="yes" explicit="no" inline="yes" virt="non-virtual">
        <type>bool</type>
        <definition>bool source_item_t::is_expr</definition>
        <argsstring>(const eval_ctx_t *ctx) const </argsstring>
        <name>is_expr</name>
        <param>
          <type>const <ref refid="classeval__ctx__t" kindref="compound">eval_ctx_t</ref> *</type>
          <declname>ctx</declname>
        </param>
        <briefdescription>
<para>Does this source item represent an expression? </para>        </briefdescription>
        <detaileddescription>
        </detaileddescription>
        <inbodydescription>
        </inbodydescription>
        <location file="/home/aundro/idasrc/695/include/dbg.hpp" line="2224" column="1" bodyfile="/home/aundro/idasrc/695/include/dbg.hpp" bodystart="2224" bodyend="2224"/>
      </memberdef>
      <memberdef kind="function" id="classsource__item__t_1aaf8eb9318941e425376ba83b919a8090" prot="public" static="no" const="yes" explicit="no" inline="yes" virt="non-virtual">
        <type>bool</type>
        <definition>bool source_item_t::is_locvar</definition>
        <argsstring>(const eval_ctx_t *ctx) const </argsstring>
        <name>is_locvar</name>
        <param>
          <type>const <ref refid="classeval__ctx__t" kindref="compound">eval_ctx_t</ref> *</type>
          <declname>ctx</declname>
        </param>
        <briefdescription>
<para>Does this source item represent a stack, register, or register-relative local variable or parameter? </para>        </briefdescription>
        <detaileddescription>
        </detaileddescription>
        <inbodydescription>
        </inbodydescription>
        <location file="/home/aundro/idasrc/695/include/dbg.hpp" line="2226" column="1" bodyfile="/home/aundro/idasrc/695/include/dbg.hpp" bodystart="2226" bodyend="2226"/>
      </memberdef>
      <memberdef kind="function" id="classsource__item__t_1a97c8687d828031f9d4bfd08a1e3143f9" prot="public" static="no" const="yes" explicit="no" inline="yes" virt="non-virtual">
        <type>bool</type>
        <definition>bool source_item_t::is_sttvar</definition>
        <argsstring>(const eval_ctx_t *ctx) const </argsstring>
        <name>is_sttvar</name>
        <param>
          <type>const <ref refid="classeval__ctx__t" kindref="compound">eval_ctx_t</ref> *</type>
          <declname>ctx</declname>
        </param>
        <briefdescription>
<para>Does this source item represent a static variable or code? </para>        </briefdescription>
        <detaileddescription>
        </detaileddescription>
        <inbodydescription>
        </inbodydescription>
        <location file="/home/aundro/idasrc/695/include/dbg.hpp" line="2228" column="1" bodyfile="/home/aundro/idasrc/695/include/dbg.hpp" bodystart="2228" bodyend="2228"/>
      </memberdef>
      <memberdef kind="function" id="classsource__item__t_1a74e3643be69e7b1798c3d37c7c11f04f" prot="public" static="no" const="yes" explicit="no" inline="no" virt="pure-virtual">
        <type><ref refid="classsrcinfo__provider__t" kindref="compound">srcinfo_provider_t</ref> *idaapi</type>
        <definition>virtual srcinfo_provider_t* idaapi source_item_t::get_provider</definition>
        <argsstring>(void) const  =0</argsstring>
        <name>get_provider</name>
        <param>
          <type>void</type>
        </param>
        <briefdescription>
        </briefdescription>
        <detaileddescription>
<para>Get source info provider. The instance shouldn&apos;t be freed or released after using </para>        </detaileddescription>
        <inbodydescription>
        </inbodydescription>
        <location file="/home/aundro/idasrc/695/include/dbg.hpp" line="2232" column="1"/>
      </memberdef>
      <memberdef kind="function" id="classsource__item__t_1aa0759eb9adb2bdf3f4a90e15ef444477" prot="public" static="no" const="yes" explicit="no" inline="yes" virt="virtual">
        <type>bool idaapi</type>
        <definition>virtual bool idaapi source_item_t::get_location</definition>
        <argsstring>(argloc_t *, const eval_ctx_t *) const </argsstring>
        <name>get_location</name>
        <param>
          <type>argloc_t *</type>
        </param>
        <param>
          <type>const <ref refid="classeval__ctx__t" kindref="compound">eval_ctx_t</ref> *</type>
        </param>
        <briefdescription>
<para>Get the location for this source item. </para>        </briefdescription>
        <detaileddescription>
        </detaileddescription>
        <inbodydescription>
        </inbodydescription>
        <location file="/home/aundro/idasrc/695/include/dbg.hpp" line="2235" column="1" bodyfile="/home/aundro/idasrc/695/include/dbg.hpp" bodystart="2235" bodyend="2235"/>
      </memberdef>
      <memberdef kind="function" id="classsource__item__t_1a7e4fb1e35c74fb69cfbbb7fd7ac2d31b" prot="public" static="no" const="yes" explicit="no" inline="no" virt="pure-virtual">
        <type>bool idaapi</type>
        <definition>virtual bool idaapi source_item_t::get_expr_tinfo</definition>
        <argsstring>(tinfo_t *tif) const  =0</argsstring>
        <name>get_expr_tinfo</name>
        <param>
          <type>tinfo_t *</type>
          <declname>tif</declname>
        </param>
        <briefdescription>
<para>Get expression type. </para>        </briefdescription>
        <detaileddescription>
        </detaileddescription>
        <inbodydescription>
        </inbodydescription>
        <location file="/home/aundro/idasrc/695/include/dbg.hpp" line="2238" column="1"/>
      </memberdef>
      </sectiondef>
      <sectiondef kind="public-func">
      <memberdef kind="function" id="classsource__item__t_1ac4d949c9f53d0b02c493b87c3b2c7506" prot="public" static="no" const="no" explicit="no" inline="no" virt="pure-virtual">
        <type>void idaapi</type>
        <definition>virtual void idaapi source_item_t::release</definition>
        <argsstring>()=0</argsstring>
        <name>release</name>
        <briefdescription>
<para>Call this function to free <ref refid="classsource__item__t" kindref="compound">source_item_t</ref>. </para>        </briefdescription>
        <detaileddescription>
        </detaileddescription>
        <inbodydescription>
        </inbodydescription>
        <location file="/home/aundro/idasrc/695/include/dbg.hpp" line="2096" column="1"/>
      </memberdef>
      <memberdef kind="function" id="classsource__item__t_1a35c80f5af1582bdbbb4e0f50dab3dff4" prot="public" static="no" const="no" explicit="no" inline="no" virt="pure-virtual">
        <type><ref refid="group__dbg__funcs__srcinfo_1ga3a88865b1c3ef359dea9675b081896ab" kindref="member">source_file_iterator</ref> idaapi</type>
        <definition>virtual source_file_iterator idaapi source_item_t::get_source_files</definition>
        <argsstring>()=0</argsstring>
        <name>get_source_files</name>
        <briefdescription>
<para>Get source files of the item. </para>        </briefdescription>
        <detaileddescription>
        </detaileddescription>
        <inbodydescription>
        </inbodydescription>
        <location file="/home/aundro/idasrc/695/include/dbg.hpp" line="2099" column="1"/>
      </memberdef>
      <memberdef kind="function" id="classsource__item__t_1a9262bd6aca65cbea30d576ef942d86b3" prot="public" static="no" const="yes" explicit="no" inline="no" virt="pure-virtual">
        <type>bool idaapi</type>
        <definition>virtual bool idaapi source_item_t::get_name</definition>
        <argsstring>(qstring *buf) const  =0</argsstring>
        <name>get_name</name>
        <param>
          <type>qstring *</type>
          <declname>buf</declname>
        </param>
        <briefdescription>
<para>Get name of the item. </para>        </briefdescription>
        <detaileddescription>
        </detaileddescription>
        <inbodydescription>
        </inbodydescription>
        <location file="/home/aundro/idasrc/695/include/dbg.hpp" line="2102" column="1"/>
      </memberdef>
      <memberdef kind="function" id="classsource__item__t_1acb081e8c25db36b921b4183895ed7bfe" prot="public" static="no" const="yes" explicit="no" inline="no" virt="pure-virtual">
        <type>int idaapi</type>
        <definition>virtual int idaapi source_item_t::get_lnnum</definition>
        <argsstring>() const  =0</argsstring>
        <name>get_lnnum</name>
        <briefdescription>
<para>Get line number of the item. </para>        </briefdescription>
        <detaileddescription>
        </detaileddescription>
        <inbodydescription>
        </inbodydescription>
        <location file="/home/aundro/idasrc/695/include/dbg.hpp" line="2105" column="1"/>
      </memberdef>
      <memberdef kind="function" id="classsource__item__t_1a79e113dfeda110aa630e0cc91db8264b" prot="public" static="no" const="yes" explicit="no" inline="no" virt="pure-virtual">
        <type>int idaapi</type>
        <definition>virtual int idaapi source_item_t::get_end_lnnum</definition>
        <argsstring>() const  =0</argsstring>
        <name>get_end_lnnum</name>
        <briefdescription>
        </briefdescription>
        <detaileddescription>
<para>Get ending line number. The returned line number is the next line after the expression </para>        </detaileddescription>
        <inbodydescription>
        </inbodydescription>
        <location file="/home/aundro/idasrc/695/include/dbg.hpp" line="2110" column="1"/>
      </memberdef>
      <memberdef kind="function" id="classsource__item__t_1a54b89f857ecd6af9cfa2b472a56753e7" prot="public" static="no" const="yes" explicit="no" inline="no" virt="pure-virtual">
        <type>int idaapi</type>
        <definition>virtual int idaapi source_item_t::get_colnum</definition>
        <argsstring>() const  =0</argsstring>
        <name>get_colnum</name>
        <briefdescription>
        </briefdescription>
        <detaileddescription>
<para>Get column number of the item. If unknown, return -1 </para>        </detaileddescription>
        <inbodydescription>
        </inbodydescription>
        <location file="/home/aundro/idasrc/695/include/dbg.hpp" line="2114" column="1"/>
      </memberdef>
      <memberdef kind="function" id="classsource__item__t_1a331e7420b90ffd7d0794077af9c7969b" prot="public" static="no" const="yes" explicit="no" inline="no" virt="pure-virtual">
        <type>int idaapi</type>
        <definition>virtual int idaapi source_item_t::get_end_colnum</definition>
        <argsstring>() const  =0</argsstring>
        <name>get_end_colnum</name>
        <briefdescription>
        </briefdescription>
        <detaileddescription>
<para>Get ending column number. The returned column number is the next column after the expression. If unknown, return -1 </para>        </detaileddescription>
        <inbodydescription>
        </inbodydescription>
        <location file="/home/aundro/idasrc/695/include/dbg.hpp" line="2120" column="1"/>
      </memberdef>
      <memberdef kind="function" id="classsource__item__t_1aa411c52e182320722e4a26a3cabede5e" prot="public" static="no" const="yes" explicit="no" inline="no" virt="pure-virtual">
        <type>ea_t idaapi</type>
        <definition>virtual ea_t idaapi source_item_t::get_ea</definition>
        <argsstring>() const  =0</argsstring>
        <name>get_ea</name>
        <briefdescription>
<para>Get starting address of the item. </para>        </briefdescription>
        <detaileddescription>
        </detaileddescription>
        <inbodydescription>
        </inbodydescription>
        <location file="/home/aundro/idasrc/695/include/dbg.hpp" line="2123" column="1"/>
      </memberdef>
      <memberdef kind="function" id="classsource__item__t_1a19da52e29bae99c7abbfdbcc8ebeb65a" prot="public" static="no" const="yes" explicit="no" inline="no" virt="pure-virtual">
        <type>asize_t idaapi</type>
        <definition>virtual asize_t idaapi source_item_t::get_size</definition>
        <argsstring>() const  =0</argsstring>
        <name>get_size</name>
        <briefdescription>
        </briefdescription>
        <detaileddescription>
<para>Get size of the item in bytes. If the item is fragmented, return size of the main fragment. if unknown, return 0. On error, return (asize_t) -1. </para>        </detaileddescription>
        <inbodydescription>
        </inbodydescription>
        <location file="/home/aundro/idasrc/695/include/dbg.hpp" line="2130" column="1"/>
      </memberdef>
      <memberdef kind="function" id="classsource__item__t_1a3e2204fc8b5331c2bda731a10581d29e" prot="public" static="no" const="yes" explicit="no" inline="no" virt="pure-virtual">
        <type>bool idaapi</type>
        <definition>virtual bool idaapi source_item_t::get_item_bounds</definition>
        <argsstring>(areaset_t *set) const  =0</argsstring>
        <name>get_item_bounds</name>
        <param>
          <type>areaset_t *</type>
          <declname>set</declname>
        </param>
        <briefdescription>
        </briefdescription>
        <detaileddescription>
<para>Get item boundaries as a set of areas. This function will be used to determine what breakpoints to set for stepping into/stepping over the item. </para>        </detaileddescription>
        <inbodydescription>
        </inbodydescription>
        <location file="/home/aundro/idasrc/695/include/dbg.hpp" line="2135" column="1"/>
      </memberdef>
      <memberdef kind="function" id="classsource__item__t_1a701f02085ac4cd0e8d9d036b2d0ec578" prot="public" static="no" const="yes" explicit="no" inline="no" virt="pure-virtual">
        <type><ref refid="group__dbg__funcs__srcinfo_1ga3c73aaf1eda8ff72a5a78ea13840afa5" kindref="member">source_item_ptr</ref> idaapi</type>
        <definition>virtual source_item_ptr idaapi source_item_t::get_parent</definition>
        <argsstring>(src_item_kind_t max_kind) const  =0</argsstring>
        <name>get_parent</name>
        <param>
          <type><ref refid="group__dbg__funcs__srcinfo_1gadd1590e46b67c1fbc2820300b894596f" kindref="member">src_item_kind_t</ref></type>
          <declname>max_kind</declname>
        </param>
        <briefdescription>
        </briefdescription>
        <detaileddescription>
<para>Get parent of the item. <parameterlist kind="param"><parameteritem>
<parameternamelist>
<parametername>max_kind</parametername>
</parameternamelist>
<parameterdescription>
<para>maximal source item kind we are interested in. for example, if max_kinds==<ref refid="group__dbg__funcs__srcinfo_1ggadd1590e46b67c1fbc2820300b894596faaeceec779eabbd5638ff5ef4cf2e7b13" kindref="member">SRCIT_STMT</ref>, we are not interested in expressions, only in the enclosing statement or function </para></parameterdescription>
</parameteritem>
</parameterlist>
</para>        </detaileddescription>
        <inbodydescription>
        </inbodydescription>
        <location file="/home/aundro/idasrc/695/include/dbg.hpp" line="2141" column="1"/>
      </memberdef>
      <memberdef kind="function" id="classsource__item__t_1abd340b3b34a30bfd7336f66506a3d55b" prot="public" static="no" const="no" explicit="no" inline="no" virt="pure-virtual">
        <type><ref refid="group__dbg__funcs__srcinfo_1gafdf5f52760e4ac48addc8b82986f6a8e" kindref="member">source_item_iterator</ref> idaapi</type>
        <definition>virtual source_item_iterator idaapi source_item_t::create_children_iterator</definition>
        <argsstring>()=0</argsstring>
        <name>create_children_iterator</name>
        <briefdescription>
<para>Create an iterator to enumerate all children of the item. </para>        </briefdescription>
        <detaileddescription>
        </detaileddescription>
        <inbodydescription>
        </inbodydescription>
        <location file="/home/aundro/idasrc/695/include/dbg.hpp" line="2144" column="1"/>
      </memberdef>
      <memberdef kind="function" id="classsource__item__t_1a5383a7ab9850692ba4ed7763630ee65f" prot="public" static="no" const="yes" explicit="no" inline="no" virt="pure-virtual">
        <type>bool idaapi</type>
        <definition>virtual bool idaapi source_item_t::get_hint</definition>
        <argsstring>(const eval_ctx_t *ctx, qstring *hint, int *nlines) const  =0</argsstring>
        <name>get_hint</name>
        <param>
          <type>const <ref refid="classeval__ctx__t" kindref="compound">eval_ctx_t</ref> *</type>
          <declname>ctx</declname>
        </param>
        <param>
          <type>qstring *</type>
          <declname>hint</declname>
        </param>
        <param>
          <type>int *</type>
          <declname>nlines</declname>
        </param>
        <briefdescription>
        </briefdescription>
        <detaileddescription>
<para>Calculate a string to display as a hint. <parameterlist kind="param"><parameteritem>
<parameternamelist>
<parametername>ctx</parametername>
</parameternamelist>
<parameterdescription>
<para>execution context. NULL means missing context. </para></parameterdescription>
</parameteritem>
<parameteritem>
<parameternamelist>
<parametername>hint</parametername>
</parameternamelist>
<parameterdescription>
<para>output buffer for the hint (may by multiline &amp; with colors) </para></parameterdescription>
</parameteritem>
<parameteritem>
<parameternamelist>
<parametername>nlines</parametername>
</parameternamelist>
<parameterdescription>
<para>number of important lines in the hint </para></parameterdescription>
</parameteritem>
</parameterlist>
</para>        </detaileddescription>
        <inbodydescription>
        </inbodydescription>
        <location file="/home/aundro/idasrc/695/include/dbg.hpp" line="2150" column="1"/>
      </memberdef>
      <memberdef kind="function" id="classsource__item__t_1aa5094338d48f17966096aba6a9b6fa13" prot="public" static="no" const="yes" explicit="no" inline="no" virt="pure-virtual">
        <type>bool idaapi</type>
        <definition>virtual bool idaapi source_item_t::evaluate</definition>
        <argsstring>(const eval_ctx_t *ctx, idc_value_t *res, qstring *errbuf) const  =0</argsstring>
        <name>evaluate</name>
        <param>
          <type>const <ref refid="classeval__ctx__t" kindref="compound">eval_ctx_t</ref> *</type>
          <declname>ctx</declname>
        </param>
        <param>
          <type>idc_value_t *</type>
          <declname>res</declname>
        </param>
        <param>
          <type>qstring *</type>
          <declname>errbuf</declname>
        </param>
        <briefdescription>
        </briefdescription>
        <detaileddescription>
<para>Evaluate item value (meaningful only for expression items). <parameterlist kind="param"><parameteritem>
<parameternamelist>
<parametername>ctx</parametername>
</parameternamelist>
<parameterdescription>
<para>execution context. NULL means missing context. </para></parameterdescription>
</parameteritem>
<parameteritem>
<parameternamelist>
<parametername>res</parametername>
</parameternamelist>
<parameterdescription>
<para>buffer for the result (or exception if evaluation failed) </para></parameterdescription>
</parameteritem>
<parameteritem>
<parameternamelist>
<parametername>errbuf</parametername>
</parameternamelist>
<parameterdescription>
<para>buffer for the error message </para></parameterdescription>
</parameteritem>
</parameterlist>
</para>        </detaileddescription>
        <inbodydescription>
        </inbodydescription>
        <location file="/home/aundro/idasrc/695/include/dbg.hpp" line="2159" column="1"/>
      </memberdef>
      <memberdef kind="function" id="classsource__item__t_1a8b06eeee66df13635ab5b33aea32a171" prot="public" static="no" const="yes" explicit="no" inline="no" virt="pure-virtual">
        <type>bool idaapi</type>
        <definition>virtual bool idaapi source_item_t::equals</definition>
        <argsstring>(const source_item_t *other) const  =0</argsstring>
        <name>equals</name>
        <param>
          <type>const <ref refid="classsource__item__t" kindref="compound">source_item_t</ref> *</type>
          <declname>other</declname>
        </param>
        <briefdescription>
        </briefdescription>
        <detaileddescription>
<para>Do these two items have the same source?. <parameterlist kind="retval"><parameteritem>
<parameternamelist>
<parametername>false</parametername>
</parameternamelist>
<parameterdescription>
<para>the source of the underlying data differs between the two items. </para></parameterdescription>
</parameteritem>
<parameteritem>
<parameternamelist>
<parametername>true</parametername>
</parameternamelist>
<parameterdescription>
<para>when either the source of the underlying data is the same for the two items, or when such information is not available.</para></parameterdescription>
</parameteritem>
</parameterlist>
E.g., A DWARF implementation of <ref refid="classsource__item__t" kindref="compound">source_item_t</ref> will return true if the two items are backed by DIEs that have the same file offset. </para>        </detaileddescription>
        <inbodydescription>
        </inbodydescription>
        <location file="/home/aundro/idasrc/695/include/dbg.hpp" line="2174" column="1"/>
      </memberdef>
      <memberdef kind="function" id="classsource__item__t_1a59af97eb1245c91fb8bb6c796af80de7" prot="public" static="no" const="yes" explicit="no" inline="yes" virt="virtual">
        <type>bool idaapi</type>
        <definition>virtual bool idaapi source_item_t::get_expr_type</definition>
        <argsstring>(qtype *, qtype *) const </argsstring>
        <name>get_expr_type</name>
        <param>
          <type>qtype *</type>
        </param>
        <param>
          <type>qtype *</type>
        </param>
        <briefdescription>
<para>Deprecated - see <ref refid="classsource__item__t_1a7e4fb1e35c74fb69cfbbb7fd7ac2d31b" kindref="member">get_expr_tinfo()</ref> </para>        </briefdescription>
        <detaileddescription>
        </detaileddescription>
        <inbodydescription>
        </inbodydescription>
        <location file="/home/aundro/idasrc/695/include/dbg.hpp" line="2200" column="1" bodyfile="/home/aundro/idasrc/695/include/dbg.hpp" bodystart="2200" bodyend="2200"/>
      </memberdef>
      </sectiondef>
    <briefdescription>
<para>Describes a subdivision of source information. </para>    </briefdescription>
    <detaileddescription>
    </detaileddescription>
    <inheritancegraph>
      <node id="106">
        <label>qrefcnt_obj_t</label>
      </node>
      <node id="105">
        <label>source_item_t</label>
        <link refid="classsource__item__t"/>
        <childnode refid="106" relation="public-inheritance">
        </childnode>
      </node>
    </inheritancegraph>
    <collaborationgraph>
      <node id="108">
        <label>qrefcnt_obj_t</label>
      </node>
      <node id="107">
        <label>source_item_t</label>
        <link refid="classsource__item__t"/>
        <childnode refid="108" relation="public-inheritance">
        </childnode>
      </node>
    </collaborationgraph>
    <location file="/home/aundro/idasrc/695/include/dbg.hpp" line="2093" column="1" bodyfile="/home/aundro/idasrc/695/include/dbg.hpp" bodystart="2092" bodyend="2240"/>
    <listofallmembers>
      <member refid="classsource__item__t_1abd340b3b34a30bfd7336f66506a3d55b" prot="public" virt="pure-virtual"><scope>source_item_t</scope><name>create_children_iterator</name></member>
      <member refid="classsource__item__t_1a8b06eeee66df13635ab5b33aea32a171" prot="public" virt="pure-virtual"><scope>source_item_t</scope><name>equals</name></member>
      <member refid="classsource__item__t_1aa5094338d48f17966096aba6a9b6fa13" prot="public" virt="pure-virtual"><scope>source_item_t</scope><name>evaluate</name></member>
      <member refid="classsource__item__t_1a54b89f857ecd6af9cfa2b472a56753e7" prot="public" virt="pure-virtual"><scope>source_item_t</scope><name>get_colnum</name></member>
      <member refid="classsource__item__t_1aa411c52e182320722e4a26a3cabede5e" prot="public" virt="pure-virtual"><scope>source_item_t</scope><name>get_ea</name></member>
      <member refid="classsource__item__t_1a331e7420b90ffd7d0794077af9c7969b" prot="public" virt="pure-virtual"><scope>source_item_t</scope><name>get_end_colnum</name></member>
      <member refid="classsource__item__t_1a79e113dfeda110aa630e0cc91db8264b" prot="public" virt="pure-virtual"><scope>source_item_t</scope><name>get_end_lnnum</name></member>
      <member refid="classsource__item__t_1a7e4fb1e35c74fb69cfbbb7fd7ac2d31b" prot="public" virt="pure-virtual"><scope>source_item_t</scope><name>get_expr_tinfo</name></member>
      <member refid="classsource__item__t_1a59af97eb1245c91fb8bb6c796af80de7" prot="public" virt="virtual"><scope>source_item_t</scope><name>get_expr_type</name></member>
      <member refid="classsource__item__t_1a5383a7ab9850692ba4ed7763630ee65f" prot="public" virt="pure-virtual"><scope>source_item_t</scope><name>get_hint</name></member>
      <member refid="classsource__item__t_1a3e2204fc8b5331c2bda731a10581d29e" prot="public" virt="pure-virtual"><scope>source_item_t</scope><name>get_item_bounds</name></member>
      <member refid="classsource__item__t_1ae13401d1cb23ca596cc313abef89a872" prot="public" virt="virtual"><scope>source_item_t</scope><name>get_item_kind</name></member>
      <member refid="classsource__item__t_1ad1f295b119e599148c53bbc2c3d3bea3" prot="public" virt="virtual"><scope>source_item_t</scope><name>get_kind</name></member>
      <member refid="classsource__item__t_1acb081e8c25db36b921b4183895ed7bfe" prot="public" virt="pure-virtual"><scope>source_item_t</scope><name>get_lnnum</name></member>
      <member refid="classsource__item__t_1aa0759eb9adb2bdf3f4a90e15ef444477" prot="public" virt="virtual"><scope>source_item_t</scope><name>get_location</name></member>
      <member refid="classsource__item__t_1a9262bd6aca65cbea30d576ef942d86b3" prot="public" virt="pure-virtual"><scope>source_item_t</scope><name>get_name</name></member>
      <member refid="classsource__item__t_1a701f02085ac4cd0e8d9d036b2d0ec578" prot="public" virt="pure-virtual"><scope>source_item_t</scope><name>get_parent</name></member>
      <member refid="classsource__item__t_1a74e3643be69e7b1798c3d37c7c11f04f" prot="public" virt="pure-virtual"><scope>source_item_t</scope><name>get_provider</name></member>
      <member refid="classsource__item__t_1a528d7606e1ecc49743eb59957aa67020" prot="public" virt="virtual"><scope>source_item_t</scope><name>get_regvar_info</name></member>
      <member refid="classsource__item__t_1aad303c7610f073c47957d450e70ef990" prot="public" virt="virtual"><scope>source_item_t</scope><name>get_rrlvar_info</name></member>
      <member refid="classsource__item__t_1a19da52e29bae99c7abbfdbcc8ebeb65a" prot="public" virt="pure-virtual"><scope>source_item_t</scope><name>get_size</name></member>
      <member refid="classsource__item__t_1a35c80f5af1582bdbbb4e0f50dab3dff4" prot="public" virt="pure-virtual"><scope>source_item_t</scope><name>get_source_files</name></member>
      <member refid="classsource__item__t_1ac616f7b0b087822d7a5cb7ad79c74499" prot="public" virt="virtual"><scope>source_item_t</scope><name>get_stkvar_info</name></member>
      <member refid="classsource__item__t_1aea56f6c48728b24241451e5e90b3e339" prot="public" virt="non-virtual"><scope>source_item_t</scope><name>is_expr</name></member>
      <member refid="classsource__item__t_1a173f6a2bc5b3634818649ebfd95ad8d8" prot="public" virt="non-virtual"><scope>source_item_t</scope><name>is_expr</name></member>
      <member refid="classsource__item__t_1a370fc571501f6c19a41201401e7ef5a9" prot="public" virt="non-virtual"><scope>source_item_t</scope><name>is_func</name></member>
      <member refid="classsource__item__t_1a15bfd641cd754dfa43f520dd60ff9fb6" prot="public" virt="non-virtual"><scope>source_item_t</scope><name>is_func</name></member>
      <member refid="classsource__item__t_1aaf8eb9318941e425376ba83b919a8090" prot="public" virt="non-virtual"><scope>source_item_t</scope><name>is_locvar</name></member>
      <member refid="classsource__item__t_1adab1607ad9621636731949e435ce8cbf" prot="public" virt="non-virtual"><scope>source_item_t</scope><name>is_module</name></member>
      <member refid="classsource__item__t_1a31f11f0db54d21a1d49d71645d8d3991" prot="public" virt="non-virtual"><scope>source_item_t</scope><name>is_module</name></member>
      <member refid="classsource__item__t_1a0620bed3e8cf8eca0c7bbe99fe2d98c0" prot="public" virt="non-virtual"><scope>source_item_t</scope><name>is_regvar</name></member>
      <member refid="classsource__item__t_1a53b0603bf7e5ebd0e1242c8b6dfc09a6" prot="public" virt="non-virtual"><scope>source_item_t</scope><name>is_rrlvar</name></member>
      <member refid="classsource__item__t_1a3b36a8ddc6df0cca847b65c473b903fe" prot="public" virt="non-virtual"><scope>source_item_t</scope><name>is_stkvar</name></member>
      <member refid="classsource__item__t_1afd54bbb9f1b2f0ab02a6f6528630b612" prot="public" virt="non-virtual"><scope>source_item_t</scope><name>is_stmt</name></member>
      <member refid="classsource__item__t_1a7ac7bed742bf874c18266aba65f1b068" prot="public" virt="non-virtual"><scope>source_item_t</scope><name>is_stmt</name></member>
      <member refid="classsource__item__t_1abf62860fe68300145409fce110716ec4" prot="public" virt="non-virtual"><scope>source_item_t</scope><name>is_sttvar</name></member>
      <member refid="classsource__item__t_1a97c8687d828031f9d4bfd08a1e3143f9" prot="public" virt="non-virtual"><scope>source_item_t</scope><name>is_sttvar</name></member>
      <member refid="classsource__item__t_1aeaef3e8c5e3d6b4714a7ff78a3de44ad" prot="public" virt="non-virtual"><scope>source_item_t</scope><name>is_var</name></member>
      <member refid="classsource__item__t_1ac4d949c9f53d0b02c493b87c3b2c7506" prot="public" virt="pure-virtual"><scope>source_item_t</scope><name>release</name></member>
    </listofallmembers>
  </compounddef>
</doxygen>
