<?xml version='1.0' encoding='UTF-8' standalone='no'?>
<doxygen xmlns:xsi="http://www.w3.org/2001/XMLSchema-instance" xsi:noNamespaceSchemaLocation="compound.xsd" version="1.9.3" xml:lang="en-US">
  <compounddef id="classvalstr__t" kind="class" language="C++" prot="public">
    <compoundname>valstr_t</compoundname>
    <includes refid="typeinf_8hpp" local="no">typeinf.hpp</includes>
    <innerclass refid="structvalstr__t_1_1flatten__args__t" prot="private">valstr_t::flatten_args_t</innerclass>
      <sectiondef kind="public-attrib">
      <memberdef kind="variable" id="classvalstr__t_1a27c3fa51b9da4540e9aa1985ab9ea85b" prot="public" static="no" mutable="no">
        <type><ref refid="pro_8h_1a386c10c6aa4340f1d63df85f40454fce" kindref="member">qstring</ref></type>
        <definition>qstring valstr_t::oneline</definition>
        <argsstring></argsstring>
        <name>oneline</name>
        <qualifiedname>valstr_t::oneline</qualifiedname>
        <briefdescription>
<para>result if printed on one line in UTF-8 encoding </para>
        </briefdescription>
        <detaileddescription>
        </detaileddescription>
        <inbodydescription>
        </inbodydescription>
        <location file="obj/x64_linux_gcc_32_opt_pro/idasdk/typeinf.hpp" line="4240" column="11" bodyfile="obj/x64_linux_gcc_32_opt_pro/idasdk/typeinf.hpp" bodystart="4240" bodyend="-1"/>
      </memberdef>
      <memberdef kind="variable" id="classvalstr__t_1aea2f74de94c39d2a0b5378e061319b3d" prot="public" static="no" mutable="no">
        <type>size_t</type>
        <definition>size_t valstr_t::length</definition>
        <argsstring></argsstring>
        <name>length</name>
        <qualifiedname>valstr_t::length</qualifiedname>
        <briefdescription>
<para>length if printed on one line </para>
        </briefdescription>
        <detaileddescription>
        </detaileddescription>
        <inbodydescription>
        </inbodydescription>
        <location file="obj/x64_linux_gcc_32_opt_pro/idasdk/typeinf.hpp" line="4241" column="10" bodyfile="obj/x64_linux_gcc_32_opt_pro/idasdk/typeinf.hpp" bodystart="4241" bodyend="-1"/>
      </memberdef>
      <memberdef kind="variable" id="classvalstr__t_1a69585a4c995f7863d3d8ad13c2dddaf8" prot="public" static="no" mutable="no">
        <type>struct <ref refid="structvalstrs__t" kindref="compound">valstrs_t</ref> *</type>
        <definition>struct valstrs_t* valstr_t::members</definition>
        <argsstring></argsstring>
        <name>members</name>
        <qualifiedname>valstr_t::members</qualifiedname>
        <briefdescription>
<para>strings for members, each member separately </para>
        </briefdescription>
        <detaileddescription>
        </detaileddescription>
        <inbodydescription>
        </inbodydescription>
        <location file="obj/x64_linux_gcc_32_opt_pro/idasdk/typeinf.hpp" line="4242" column="18" bodyfile="obj/x64_linux_gcc_32_opt_pro/idasdk/typeinf.hpp" bodystart="4242" bodyend="-1"/>
      </memberdef>
      <memberdef kind="variable" id="classvalstr__t_1ac8c41414eadad1e3ef4e5882d974495c" prot="public" static="no" mutable="no">
        <type><ref refid="structvalinfo__t" kindref="compound">valinfo_t</ref> *</type>
        <definition>valinfo_t* valstr_t::info</definition>
        <argsstring></argsstring>
        <name>info</name>
        <qualifiedname>valstr_t::info</qualifiedname>
        <briefdescription>
<para>additional info </para>
        </briefdescription>
        <detaileddescription>
        </detaileddescription>
        <inbodydescription>
        </inbodydescription>
        <location file="obj/x64_linux_gcc_32_opt_pro/idasdk/typeinf.hpp" line="4243" column="13" bodyfile="obj/x64_linux_gcc_32_opt_pro/idasdk/typeinf.hpp" bodystart="4243" bodyend="-1"/>
      </memberdef>
      <memberdef kind="variable" id="classvalstr__t_1ab2cd08f1b7030569aa60d9c06773ad9e" prot="public" static="no" mutable="no">
        <type>int</type>
        <definition>int valstr_t::props</definition>
        <argsstring></argsstring>
        <name>props</name>
        <qualifiedname>valstr_t::props</qualifiedname>
        <briefdescription>
<para>temporary properties, used internally </para>
        </briefdescription>
        <detaileddescription>
        </detaileddescription>
        <inbodydescription>
        </inbodydescription>
        <location file="obj/x64_linux_gcc_32_opt_pro/idasdk/typeinf.hpp" line="4244" column="7" bodyfile="obj/x64_linux_gcc_32_opt_pro/idasdk/typeinf.hpp" bodystart="4244" bodyend="-1"/>
      </memberdef>
      </sectiondef>
      <sectiondef kind="friend">
      <memberdef kind="friend" id="classvalstr__t_1a3ddeb34b41d8a6a7294b636bc47b5005" prot="private" static="no" const="no" explicit="no" inline="no" virt="non-virtual">
        <type>struct</type>
        <definition>friend struct valstr_sink_t</definition>
        <argsstring></argsstring>
        <name>valstr_sink_t</name>
        <qualifiedname>valstr_t::valstr_sink_t</qualifiedname>
        <param>
          <type>valstr_sink_t</type>
        </param>
        <briefdescription>
        </briefdescription>
        <detaileddescription>
        </detaileddescription>
        <inbodydescription>
        </inbodydescription>
        <location file="obj/x64_linux_gcc_32_opt_pro/idasdk/typeinf.hpp" line="4259" column="17" bodyfile="obj/x64_linux_gcc_32_opt_pro/idasdk/typeinf.hpp" bodystart="4259" bodyend="-1"/>
      </memberdef>
      </sectiondef>
      <sectiondef kind="public-func">
      <memberdef kind="function" id="classvalstr__t_1a32ae92adfc329351a7b7fef862184910" prot="public" static="no" const="no" explicit="no" inline="yes" virt="non-virtual">
        <type></type>
        <definition>valstr_t::valstr_t</definition>
        <argsstring>(void)</argsstring>
        <name>valstr_t</name>
        <qualifiedname>valstr_t::valstr_t</qualifiedname>
        <param>
          <type>void</type>
        </param>
        <briefdescription>
        </briefdescription>
        <detaileddescription>
        </detaileddescription>
        <inbodydescription>
        </inbodydescription>
        <location file="obj/x64_linux_gcc_32_opt_pro/idasdk/typeinf.hpp" line="4247" column="3" bodyfile="obj/x64_linux_gcc_32_opt_pro/idasdk/typeinf.hpp" bodystart="4247" bodyend="4247"/>
      </memberdef>
      <memberdef kind="function" id="classvalstr__t_1ad8d67c7be383029ff23afb5c18762b67" prot="public" static="no" const="no" explicit="no" inline="yes" virt="non-virtual">
        <type></type>
        <definition>valstr_t::~valstr_t</definition>
        <argsstring>(void)</argsstring>
        <name>~valstr_t</name>
        <qualifiedname>valstr_t::~valstr_t</qualifiedname>
        <param>
          <type>void</type>
        </param>
        <briefdescription>
        </briefdescription>
        <detaileddescription>
        </detaileddescription>
        <inbodydescription>
        </inbodydescription>
        <location file="obj/x64_linux_gcc_32_opt_pro/idasdk/typeinf.hpp" line="4248" column="3" bodyfile="obj/x64_linux_gcc_32_opt_pro/idasdk/typeinf.hpp" bodystart="4280" bodyend="4284"/>
      </memberdef>
      </sectiondef>
      <sectiondef kind="private-func">
      <memberdef kind="function" id="classvalstr__t_1a8f69103496ecd7a245140c2f18efa2b7" prot="private" static="no" const="no" explicit="no" inline="no" virt="non-virtual">
        <type>void</type>
        <definition>void valstr_t::update_length</definition>
        <argsstring>(int ptvf)</argsstring>
        <name>update_length</name>
        <qualifiedname>valstr_t::update_length</qualifiedname>
        <param>
          <type>int</type>
          <declname>ptvf</declname>
        </param>
        <briefdescription>
        </briefdescription>
        <detaileddescription>
        </detaileddescription>
        <inbodydescription>
        </inbodydescription>
        <location file="obj/x64_linux_gcc_32_opt_pro/idasdk/typeinf.hpp" line="4260" column="8"/>
      </memberdef>
      <memberdef kind="function" id="classvalstr__t_1a3cbdfa4897001710038ce194c230c4f6" prot="private" static="no" const="no" explicit="no" inline="yes" virt="non-virtual">
        <type>void</type>
        <definition>void valstr_t::set_oneline</definition>
        <argsstring>(const char *line, int len)</argsstring>
        <name>set_oneline</name>
        <qualifiedname>valstr_t::set_oneline</qualifiedname>
        <param>
          <type>const char *</type>
          <declname>line</declname>
        </param>
        <param>
          <type>int</type>
          <declname>len</declname>
        </param>
        <briefdescription>
        </briefdescription>
        <detaileddescription>
        </detaileddescription>
        <inbodydescription>
        </inbodydescription>
        <location file="obj/x64_linux_gcc_32_opt_pro/idasdk/typeinf.hpp" line="4261" column="8" bodyfile="obj/x64_linux_gcc_32_opt_pro/idasdk/typeinf.hpp" bodystart="4261" bodyend="4265"/>
      </memberdef>
      <memberdef kind="function" id="classvalstr__t_1a7a0c55e40d48429f1003ccd6ace2d2ab" prot="private" static="no" const="no" explicit="no" inline="yes" virt="non-virtual">
        <type>void</type>
        <definition>void valstr_t::consume_oneline</definition>
        <argsstring>(const qstring &amp;line)</argsstring>
        <name>consume_oneline</name>
        <qualifiedname>valstr_t::consume_oneline</qualifiedname>
        <param>
          <type>const <ref refid="pro_8h_1a386c10c6aa4340f1d63df85f40454fce" kindref="member">qstring</ref> &amp;</type>
          <declname>line</declname>
        </param>
        <briefdescription>
        </briefdescription>
        <detaileddescription>
        </detaileddescription>
        <inbodydescription>
        </inbodydescription>
        <location file="obj/x64_linux_gcc_32_opt_pro/idasdk/typeinf.hpp" line="4266" column="8" bodyfile="obj/x64_linux_gcc_32_opt_pro/idasdk/typeinf.hpp" bodystart="4266" bodyend="4270"/>
      </memberdef>
      <memberdef kind="function" id="classvalstr__t_1a378d46f9078f4aab8291f509f94ee590" prot="private" static="no" const="no" explicit="no" inline="no" virt="non-virtual">
        <type>bool</type>
        <definition>bool valstr_t::append_char</definition>
        <argsstring>(char c, int max_length)</argsstring>
        <name>append_char</name>
        <qualifiedname>valstr_t::append_char</qualifiedname>
        <param>
          <type>char</type>
          <declname>c</declname>
        </param>
        <param>
          <type>int</type>
          <declname>max_length</declname>
        </param>
        <briefdescription>
        </briefdescription>
        <detaileddescription>
        </detaileddescription>
        <inbodydescription>
        </inbodydescription>
        <location file="obj/x64_linux_gcc_32_opt_pro/idasdk/typeinf.hpp" line="4271" column="8"/>
      </memberdef>
      <memberdef kind="function" id="classvalstr__t_1a5da2a48782540c4a93f7dfa0caedef03" prot="private" static="no" const="no" explicit="no" inline="no" virt="non-virtual">
        <type>bool</type>
        <definition>bool valstr_t::convert_to_one_line</definition>
        <argsstring>(int ptvf, int max_length)</argsstring>
        <name>convert_to_one_line</name>
        <qualifiedname>valstr_t::convert_to_one_line</qualifiedname>
        <param>
          <type>int</type>
          <declname>ptvf</declname>
        </param>
        <param>
          <type>int</type>
          <declname>max_length</declname>
        </param>
        <briefdescription>
        </briefdescription>
        <detaileddescription>
        </detaileddescription>
        <inbodydescription>
        </inbodydescription>
        <location file="obj/x64_linux_gcc_32_opt_pro/idasdk/typeinf.hpp" line="4272" column="8"/>
      </memberdef>
      <memberdef kind="function" id="classvalstr__t_1a3b0ab1e125baf21632f245b76e26fb90" prot="private" static="no" const="no" explicit="no" inline="no" virt="non-virtual">
        <type>bool</type>
        <definition>bool valstr_t::flatten</definition>
        <argsstring>(const flatten_args_t &amp;flargs, int level)</argsstring>
        <name>flatten</name>
        <qualifiedname>valstr_t::flatten</qualifiedname>
        <param>
          <type>const flatten_args_t &amp;</type>
          <declname>flargs</declname>
        </param>
        <param>
          <type>int</type>
          <declname>level</declname>
        </param>
        <briefdescription>
        </briefdescription>
        <detaileddescription>
        </detaileddescription>
        <inbodydescription>
        </inbodydescription>
        <location file="obj/x64_linux_gcc_32_opt_pro/idasdk/typeinf.hpp" line="4273" column="8"/>
      </memberdef>
      </sectiondef>
    <briefdescription>
    </briefdescription>
    <detaileddescription>
<para>Text representation of a data value (value string). This structure is used before we decide how to represent it, on one line or on many lines </para>
    </detaileddescription>
    <collaborationgraph>
      <node id="2">
        <label>_qstring&lt; char &gt;</label>
        <link refid="class__qstring"/>
      </node>
      <node id="6">
        <label>argloc_t</label>
        <link refid="classargloc__t"/>
        <childnode refid="7" relation="usage">
          <edgelabel>rrel</edgelabel>
        </childnode>
        <childnode refid="8" relation="usage">
          <edgelabel>dist</edgelabel>
        </childnode>
      </node>
      <node id="9">
        <label>argpartvec_t</label>
        <link refid="classqvector"/>
      </node>
      <node id="7">
        <label>rrel_t</label>
        <link refid="structrrel__t"/>
      </node>
      <node id="8">
        <label>scattered_aloc_t</label>
        <link refid="classscattered__aloc__t"/>
        <childnode refid="9" relation="public-inheritance">
        </childnode>
      </node>
      <node id="10">
        <label>tinfo_t</label>
        <link refid="classtinfo__t"/>
      </node>
      <node id="5">
        <label>valinfo_t</label>
        <link refid="structvalinfo__t"/>
        <childnode refid="6" relation="usage">
          <edgelabel>loc</edgelabel>
        </childnode>
        <childnode refid="2" relation="usage">
          <edgelabel>label</edgelabel>
        </childnode>
        <childnode refid="10" relation="usage">
          <edgelabel>type</edgelabel>
        </childnode>
      </node>
      <node id="1">
        <label>valstr_t</label>
        <link refid="classvalstr__t"/>
        <childnode refid="2" relation="usage">
          <edgelabel>oneline</edgelabel>
        </childnode>
        <childnode refid="3" relation="usage">
          <edgelabel>members</edgelabel>
        </childnode>
        <childnode refid="5" relation="usage">
          <edgelabel>info</edgelabel>
        </childnode>
      </node>
      <node id="3">
        <label>valstrs_t</label>
        <link refid="structvalstrs__t"/>
        <childnode refid="4" relation="public-inheritance">
        </childnode>
      </node>
      <node id="4">
        <label>valstrvec_t</label>
        <link refid="classqvector"/>
      </node>
    </collaborationgraph>
    <location file="obj/x64_linux_gcc_32_opt_pro/idasdk/typeinf.hpp" line="4237" column="1" bodyfile="obj/x64_linux_gcc_32_opt_pro/idasdk/typeinf.hpp" bodystart="4238" bodyend="4274"/>
    <listofallmembers>
      <member refid="classvalstr__t_1a378d46f9078f4aab8291f509f94ee590" prot="private" virt="non-virtual"><scope>valstr_t</scope><name>append_char</name></member>
      <member refid="classvalstr__t_1a7a0c55e40d48429f1003ccd6ace2d2ab" prot="private" virt="non-virtual"><scope>valstr_t</scope><name>consume_oneline</name></member>
      <member refid="classvalstr__t_1a5da2a48782540c4a93f7dfa0caedef03" prot="private" virt="non-virtual"><scope>valstr_t</scope><name>convert_to_one_line</name></member>
      <member refid="classvalstr__t_1a3b0ab1e125baf21632f245b76e26fb90" prot="private" virt="non-virtual"><scope>valstr_t</scope><name>flatten</name></member>
      <member refid="classvalstr__t_1ac8c41414eadad1e3ef4e5882d974495c" prot="public" virt="non-virtual"><scope>valstr_t</scope><name>info</name></member>
      <member refid="classvalstr__t_1aea2f74de94c39d2a0b5378e061319b3d" prot="public" virt="non-virtual"><scope>valstr_t</scope><name>length</name></member>
      <member refid="classvalstr__t_1a69585a4c995f7863d3d8ad13c2dddaf8" prot="public" virt="non-virtual"><scope>valstr_t</scope><name>members</name></member>
      <member refid="classvalstr__t_1a27c3fa51b9da4540e9aa1985ab9ea85b" prot="public" virt="non-virtual"><scope>valstr_t</scope><name>oneline</name></member>
      <member refid="classvalstr__t_1ab2cd08f1b7030569aa60d9c06773ad9e" prot="public" virt="non-virtual"><scope>valstr_t</scope><name>props</name></member>
      <member refid="classvalstr__t_1a3cbdfa4897001710038ce194c230c4f6" prot="private" virt="non-virtual"><scope>valstr_t</scope><name>set_oneline</name></member>
      <member refid="classvalstr__t_1a8f69103496ecd7a245140c2f18efa2b7" prot="private" virt="non-virtual"><scope>valstr_t</scope><name>update_length</name></member>
      <member refid="classvalstr__t_1a3ddeb34b41d8a6a7294b636bc47b5005" prot="private" virt="non-virtual"><scope>valstr_t</scope><name>valstr_sink_t</name></member>
      <member refid="classvalstr__t_1a32ae92adfc329351a7b7fef862184910" prot="public" virt="non-virtual"><scope>valstr_t</scope><name>valstr_t</name></member>
      <member refid="classvalstr__t_1ad8d67c7be383029ff23afb5c18762b67" prot="public" virt="non-virtual"><scope>valstr_t</scope><name>~valstr_t</name></member>
    </listofallmembers>
  </compounddef>
</doxygen>
