<?xml version='1.0' encoding='UTF-8' standalone='no'?>
<doxygen xmlns:xsi="http://www.w3.org/2001/XMLSchema-instance" xsi:noNamespaceSchemaLocation="compound.xsd" version="1.9.3" xml:lang="en-US">
  <compounddef id="classlumina__client__t" kind="class" language="C++" prot="public">
    <compoundname>lumina_client_t</compoundname>
    <basecompoundref refid="classgeneric__client__t" prot="public" virt="non-virtual">generic_client_t</basecompoundref>
      <sectiondef kind="private-attrib">
      <memberdef kind="variable" id="classlumina__client__t_1a2a6102092e5a81e54c3afe387f88c404" prot="private" static="no" mutable="no">
        <type>lumina_feature_t</type>
        <definition>lumina_feature_t lumina_client_t::feature</definition>
        <argsstring></argsstring>
        <name>feature</name>
        <qualifiedname>lumina_client_t::feature</qualifiedname>
        <briefdescription>
        </briefdescription>
        <detaileddescription>
        </detaileddescription>
        <inbodydescription>
        </inbodydescription>
        <location file="obj/x64_linux_gcc_64_opt/idasdk/lumina.hpp" line="1104" column="20" bodyfile="obj/x64_linux_gcc_64_opt/idasdk/lumina.hpp" bodystart="1104" bodyend="-1"/>
      </memberdef>
      <memberdef kind="variable" id="classlumina__client__t_1a8bed3a5e528ff656c625759f32a6d2c9" prot="private" static="no" mutable="no">
        <type><ref refid="structlumina__user__t" kindref="compound">lumina_user_t</ref></type>
        <definition>lumina_user_t lumina_client_t::user</definition>
        <argsstring></argsstring>
        <name>user</name>
        <qualifiedname>lumina_client_t::user</qualifiedname>
        <briefdescription>
        </briefdescription>
        <detaileddescription>
        </detaileddescription>
        <inbodydescription>
        </inbodydescription>
        <location file="obj/x64_linux_gcc_64_opt/idasdk/lumina.hpp" line="1105" column="17" bodyfile="obj/x64_linux_gcc_64_opt/idasdk/lumina.hpp" bodystart="1105" bodyend="-1"/>
      </memberdef>
      </sectiondef>
      <sectiondef kind="public-func">
      <memberdef kind="function" id="classlumina__client__t_1abf3d3b13bf8a399eaab862c5ca56ea21" prot="public" static="no" const="no" explicit="no" inline="no" virt="non-virtual">
        <type></type>
        <definition>lumina_client_t::lumina_client_t</definition>
        <argsstring>(lumina_feature_t _feature, idarpc_stream_t *_irs)</argsstring>
        <name>lumina_client_t</name>
        <qualifiedname>lumina_client_t::lumina_client_t</qualifiedname>
        <param>
          <type>lumina_feature_t</type>
          <declname>_feature</declname>
        </param>
        <param>
          <type>idarpc_stream_t *</type>
          <declname>_irs</declname>
        </param>
        <briefdescription>
        </briefdescription>
        <detaileddescription>
        </detaileddescription>
        <inbodydescription>
        </inbodydescription>
        <location file="obj/x64_linux_gcc_64_opt/idasdk/lumina.hpp" line="1108" column="3"/>
      </memberdef>
      <memberdef kind="function" id="classlumina__client__t_1a828b2f4dbccfe6b1d7ead032480c805c" prot="public" static="no" const="no" explicit="no" inline="no" virt="non-virtual">
        <type></type>
        <definition>lumina_client_t::~lumina_client_t</definition>
        <argsstring>()</argsstring>
        <name>~lumina_client_t</name>
        <qualifiedname>lumina_client_t::~lumina_client_t</qualifiedname>
        <briefdescription>
        </briefdescription>
        <detaileddescription>
        </detaileddescription>
        <inbodydescription>
        </inbodydescription>
        <location file="obj/x64_linux_gcc_64_opt/idasdk/lumina.hpp" line="1109" column="3"/>
      </memberdef>
      <memberdef kind="function" id="classlumina__client__t_1a332ba51cc04a833b95b5cc7b5385d1ec" prot="public" static="no" const="yes" explicit="no" inline="no" virt="virtual">
        <type>void</type>
        <definition>virtual void lumina_client_t::set_pattern_id_md5</definition>
        <argsstring>(pattern_id_t *out, const md5_t &amp;md5) const newapi</argsstring>
        <name>set_pattern_id_md5</name>
        <qualifiedname>lumina_client_t::set_pattern_id_md5</qualifiedname>
        <param>
          <type><ref refid="structpattern__id__t" kindref="compound">pattern_id_t</ref> *</type>
          <declname>out</declname>
        </param>
        <param>
          <type>const <ref refid="structmd5__t" kindref="compound">md5_t</ref> &amp;</type>
          <declname>md5</declname>
        </param>
        <briefdescription>
        </briefdescription>
        <detaileddescription>
        </detaileddescription>
        <inbodydescription>
        </inbodydescription>
        <location file="obj/x64_linux_gcc_64_opt/idasdk/lumina.hpp" line="1111" column="16"/>
      </memberdef>
      <memberdef kind="function" id="classlumina__client__t_1a1d9a8a05c7a3c5f95196ac449fa9a14c" prot="public" static="no" const="yes" explicit="no" inline="no" virt="virtual">
        <type>bool</type>
        <definition>virtual bool lumina_client_t::is_pattern_id</definition>
        <argsstring>(const pattern_id_t &amp;pid, const md5_t &amp;md5) const newapi</argsstring>
        <name>is_pattern_id</name>
        <qualifiedname>lumina_client_t::is_pattern_id</qualifiedname>
        <param>
          <type>const <ref refid="structpattern__id__t" kindref="compound">pattern_id_t</ref> &amp;</type>
          <declname>pid</declname>
        </param>
        <param>
          <type>const <ref refid="structmd5__t" kindref="compound">md5_t</ref> &amp;</type>
          <declname>md5</declname>
        </param>
        <briefdescription>
        </briefdescription>
        <detaileddescription>
        </detaileddescription>
        <inbodydescription>
        </inbodydescription>
        <location file="obj/x64_linux_gcc_64_opt/idasdk/lumina.hpp" line="1112" column="16"/>
      </memberdef>
      <memberdef kind="function" id="classlumina__client__t_1a1fe07608ed813c66ee7bc1a420c2c39e" prot="public" static="no" const="no" explicit="no" inline="no" virt="non-virtual">
        <type>bool</type>
        <definition>bool lumina_client_t::send_helo</definition>
        <argsstring>(const bytevec_t &amp;key_data, const uchar license_id[6], qstring *errbuf, const char *username, const char *password)</argsstring>
        <name>send_helo</name>
        <qualifiedname>lumina_client_t::send_helo</qualifiedname>
        <param>
          <type>const <ref refid="classbytevec__t" kindref="compound">bytevec_t</ref> &amp;</type>
          <declname>key_data</declname>
        </param>
        <param>
          <type>const <ref refid="pro_8h_1a65f85814a8290f9797005d3b28e7e5fc" kindref="member">uchar</ref></type>
          <declname>license_id</declname>
          <array>[6]</array>
        </param>
        <param>
          <type><ref refid="pro_8h_1a386c10c6aa4340f1d63df85f40454fce" kindref="member">qstring</ref> *</type>
          <declname>errbuf</declname>
        </param>
        <param>
          <type>const char *</type>
          <declname>username</declname>
        </param>
        <param>
          <type>const char *</type>
          <declname>password</declname>
        </param>
        <briefdescription>
        </briefdescription>
        <detaileddescription>
        </detaileddescription>
        <inbodydescription>
        </inbodydescription>
        <location file="obj/x64_linux_gcc_64_opt/idasdk/lumina.hpp" line="1114" column="8"/>
      </memberdef>
      <memberdef kind="function" id="classlumina__client__t_1ab00fe9ece225f8c21f6cbdde7ecfa4e2" prot="public" static="no" const="no" explicit="no" inline="no" new="yes" virt="virtual">
        <type><ref refid="structpkt__pull__md__result__t" kindref="compound">pkt_pull_md_result_t</ref> *</type>
        <definition>virtual pkt_pull_md_result_t * lumina_client_t::pull_md</definition>
        <argsstring>(pattern_ids_t &amp;pattern_ids, qstring *errbuf, uint32 pull_md_flags=0) new api</argsstring>
        <name>pull_md</name>
        <qualifiedname>lumina_client_t::pull_md</qualifiedname>
        <param>
          <type><ref refid="classqvector" kindref="compound">pattern_ids_t</ref> &amp;</type>
          <declname>pattern_ids</declname>
        </param>
        <param>
          <type><ref refid="pro_8h_1a386c10c6aa4340f1d63df85f40454fce" kindref="member">qstring</ref> *</type>
          <declname>errbuf</declname>
        </param>
        <param>
          <type><ref refid="pro_8h_1a1134b580f8da4de94ca6b1de4d37975e" kindref="member">uint32</ref></type>
          <declname>pull_md_flags</declname>
          <defval>0</defval>
        </param>
        <briefdescription>
        </briefdescription>
        <detaileddescription>
        </detaileddescription>
        <inbodydescription>
        </inbodydescription>
        <location file="obj/x64_linux_gcc_64_opt/idasdk/lumina.hpp" line="1120" column="32"/>
      </memberdef>
      <memberdef kind="function" id="classlumina__client__t_1ae1187048ba8005c2471999deb8e93ec3" prot="public" static="no" const="no" explicit="no" inline="no" new="yes" virt="virtual">
        <type><ref refid="structpkt__pull__md__result__t" kindref="compound">pkt_pull_md_result_t</ref> *</type>
        <definition>virtual pkt_pull_md_result_t * lumina_client_t::pull_md</definition>
        <argsstring>(eavec_t *funcs, qstring *errbuf, uint32 pull_md_flags=0) new api</argsstring>
        <name>pull_md</name>
        <qualifiedname>lumina_client_t::pull_md</qualifiedname>
        <param>
          <type><ref refid="pro_8h_1a9f46d9d52bbfcc78bc1836f4f2683da4" kindref="member">eavec_t</ref> *</type>
          <declname>funcs</declname>
        </param>
        <param>
          <type><ref refid="pro_8h_1a386c10c6aa4340f1d63df85f40454fce" kindref="member">qstring</ref> *</type>
          <declname>errbuf</declname>
        </param>
        <param>
          <type><ref refid="pro_8h_1a1134b580f8da4de94ca6b1de4d37975e" kindref="member">uint32</ref></type>
          <declname>pull_md_flags</declname>
          <defval>0</defval>
        </param>
        <briefdescription>
        </briefdescription>
        <detaileddescription>
        </detaileddescription>
        <inbodydescription>
        </inbodydescription>
        <location file="obj/x64_linux_gcc_64_opt/idasdk/lumina.hpp" line="1124" column="32"/>
      </memberdef>
      <memberdef kind="function" id="classlumina__client__t_1aee77e86c4d4660add2498f698904597b" prot="public" static="no" const="no" explicit="no" inline="no" new="yes" virt="virtual">
        <type>bool</type>
        <definition>virtual bool lumina_client_t::push_md</definition>
        <argsstring>(push_md_result_t *result, const push_md_opts_t &amp;opts, qstring *errbuf, metadata_appender_t *append_metadata=nullptr, uint32 flags=0) new api</argsstring>
        <name>push_md</name>
        <qualifiedname>lumina_client_t::push_md</qualifiedname>
        <param>
          <type><ref refid="structpush__md__result__t" kindref="compound">push_md_result_t</ref> *</type>
          <declname>result</declname>
        </param>
        <param>
          <type>const <ref refid="structpush__md__opts__t" kindref="compound">push_md_opts_t</ref> &amp;</type>
          <declname>opts</declname>
        </param>
        <param>
          <type><ref refid="pro_8h_1a386c10c6aa4340f1d63df85f40454fce" kindref="member">qstring</ref> *</type>
          <declname>errbuf</declname>
        </param>
        <param>
          <type>metadata_appender_t *</type>
          <declname>append_metadata</declname>
          <defval>nullptr</defval>
        </param>
        <param>
          <type><ref refid="pro_8h_1a1134b580f8da4de94ca6b1de4d37975e" kindref="member">uint32</ref></type>
          <declname>flags</declname>
          <defval>0</defval>
        </param>
        <briefdescription>
        </briefdescription>
        <detaileddescription>
        </detaileddescription>
        <inbodydescription>
        </inbodydescription>
        <location file="obj/x64_linux_gcc_64_opt/idasdk/lumina.hpp" line="1133" column="16"/>
      </memberdef>
      <memberdef kind="function" id="classlumina__client__t_1a946af67377e2058f808db19f49b7b8de" prot="public" static="no" const="no" explicit="no" inline="no" new="yes" virt="virtual">
        <type><ref refid="structpkt__get__pop__result__t" kindref="compound">pkt_get_pop_result_t</ref> *</type>
        <definition>virtual pkt_get_pop_result_t * lumina_client_t::get_pop</definition>
        <argsstring>(qstring *errbuf, uint32 nresults=LUMINA_GET_POP_DEFAULT_NRESULTS) new api</argsstring>
        <name>get_pop</name>
        <qualifiedname>lumina_client_t::get_pop</qualifiedname>
        <param>
          <type><ref refid="pro_8h_1a386c10c6aa4340f1d63df85f40454fce" kindref="member">qstring</ref> *</type>
          <declname>errbuf</declname>
        </param>
        <param>
          <type><ref refid="pro_8h_1a1134b580f8da4de94ca6b1de4d37975e" kindref="member">uint32</ref></type>
          <declname>nresults</declname>
          <defval>LUMINA_GET_POP_DEFAULT_NRESULTS</defval>
        </param>
        <briefdescription>
        </briefdescription>
        <detaileddescription>
        </detaileddescription>
        <inbodydescription>
        </inbodydescription>
        <location file="obj/x64_linux_gcc_64_opt/idasdk/lumina.hpp" line="1140" column="32"/>
      </memberdef>
      <memberdef kind="function" id="classlumina__client__t_1aa2f3d9053d8366843a598e647ed800d3" prot="public" static="no" const="no" explicit="no" inline="no" new="yes" virt="virtual">
        <type>bool</type>
        <definition>virtual bool lumina_client_t::del_history</definition>
        <argsstring>(qstring *errbuf, const eavec_t &amp;funcs) new api</argsstring>
        <name>del_history</name>
        <qualifiedname>lumina_client_t::del_history</qualifiedname>
        <param>
          <type><ref refid="pro_8h_1a386c10c6aa4340f1d63df85f40454fce" kindref="member">qstring</ref> *</type>
          <declname>errbuf</declname>
        </param>
        <param>
          <type>const <ref refid="pro_8h_1a9f46d9d52bbfcc78bc1836f4f2683da4" kindref="member">eavec_t</ref> &amp;</type>
          <declname>funcs</declname>
        </param>
        <briefdescription>
        </briefdescription>
        <detaileddescription>
        </detaileddescription>
        <inbodydescription>
        </inbodydescription>
        <location file="obj/x64_linux_gcc_64_opt/idasdk/lumina.hpp" line="1145" column="16"/>
      </memberdef>
      <memberdef kind="function" id="classlumina__client__t_1ae265b45d050ead2915cf9993ab33b914" prot="public" static="no" const="yes" explicit="no" inline="yes" virt="non-virtual">
        <type>bool</type>
        <definition>bool lumina_client_t::can_del_history</definition>
        <argsstring>() const</argsstring>
        <name>can_del_history</name>
        <qualifiedname>lumina_client_t::can_del_history</qualifiedname>
        <briefdescription>
        </briefdescription>
        <detaileddescription>
        </detaileddescription>
        <inbodydescription>
        </inbodydescription>
        <location file="obj/x64_linux_gcc_64_opt/idasdk/lumina.hpp" line="1147" column="8" bodyfile="obj/x64_linux_gcc_64_opt/idasdk/lumina.hpp" bodystart="1147" bodyend="1150"/>
      </memberdef>
      </sectiondef>
    <briefdescription>
    </briefdescription>
    <detaileddescription>
    </detaileddescription>
    <inheritancegraph>
      <node id="2">
        <label>generic_client_t</label>
        <link refid="classgeneric__client__t"/>
      </node>
      <node id="1">
        <label>lumina_client_t</label>
        <link refid="classlumina__client__t"/>
        <childnode refid="2" relation="public-inheritance">
        </childnode>
      </node>
    </inheritancegraph>
    <collaborationgraph>
      <node id="5">
        <label>_qstring&lt; char &gt;</label>
        <link refid="class__qstring"/>
      </node>
      <node id="2">
        <label>generic_client_t</label>
        <link refid="classgeneric__client__t"/>
        <childnode refid="3" relation="usage">
          <edgelabel>rpc_engine</edgelabel>
        </childnode>
      </node>
      <node id="1">
        <label>lumina_client_t</label>
        <link refid="classlumina__client__t"/>
        <childnode refid="2" relation="public-inheritance">
        </childnode>
      </node>
      <node id="3">
        <label>recording_rpc_engine_t</label>
        <link refid="classrecording__rpc__engine__t"/>
        <childnode refid="4" relation="public-inheritance">
        </childnode>
      </node>
      <node id="4">
        <label>rpc_engine_t</label>
        <link refid="classrpc__engine__t"/>
        <childnode refid="5" relation="usage">
          <edgelabel>last_errstr</edgelabel>
        </childnode>
        <childnode refid="6" relation="usage">
          <edgelabel>pkt_timeouts</edgelabel>
        </childnode>
      </node>
      <node id="6">
        <label>rpc_pkt_timeout_t</label>
        <link refid="structrpc__pkt__timeout__t"/>
      </node>
    </collaborationgraph>
    <location file="obj/x64_linux_gcc_64_opt/idasdk/lumina.hpp" line="1102" column="1" bodyfile="obj/x64_linux_gcc_64_opt/idasdk/lumina.hpp" bodystart="1103" bodyend="1152"/>
    <listofallmembers>
      <member refid="classlumina__client__t_1ae265b45d050ead2915cf9993ab33b914" prot="public" virt="non-virtual"><scope>lumina_client_t</scope><name>can_del_history</name></member>
      <member refid="classgeneric__client__t_1a54318b3a09d80737bf12570d190f54ca" prot="protected" virt="pure-virtual"><scope>lumina_client_t</scope><name>create_failure_packet</name></member>
      <member refid="classgeneric__client__t_1a94ca822e17160e6ee9db40c706839938" prot="protected" virt="non-virtual"><scope>lumina_client_t</scope><name>create_rpc_engine</name></member>
      <member refid="classlumina__client__t_1aa2f3d9053d8366843a598e647ed800d3" prot="public" virt="virtual"><scope>lumina_client_t</scope><name>del_history</name></member>
      <member refid="classlumina__client__t_1a2a6102092e5a81e54c3afe387f88c404" prot="private" virt="non-virtual"><scope>lumina_client_t</scope><name>feature</name></member>
      <member refid="classgeneric__client__t_1a73203f51a93185e4c2e87418c25f6a0d" prot="public" virt="non-virtual"><scope>lumina_client_t</scope><name>generic_client_t</name></member>
      <member refid="classlumina__client__t_1a946af67377e2058f808db19f49b7b8de" prot="public" virt="virtual"><scope>lumina_client_t</scope><name>get_pop</name></member>
      <member refid="classgeneric__client__t_1a985f6f26e81d73216f066167c8af05d4" prot="protected" virt="virtual"><scope>lumina_client_t</scope><name>is_handshake_packet</name></member>
      <member refid="classlumina__client__t_1a1d9a8a05c7a3c5f95196ac449fa9a14c" prot="public" virt="virtual"><scope>lumina_client_t</scope><name>is_pattern_id</name></member>
      <member refid="classlumina__client__t_1abf3d3b13bf8a399eaab862c5ca56ea21" prot="public" virt="non-virtual"><scope>lumina_client_t</scope><name>lumina_client_t</name></member>
      <member refid="classlumina__client__t_1ab00fe9ece225f8c21f6cbdde7ecfa4e2" prot="public" virt="virtual"><scope>lumina_client_t</scope><name>pull_md</name></member>
      <member refid="classlumina__client__t_1ae1187048ba8005c2471999deb8e93ec3" prot="public" virt="virtual"><scope>lumina_client_t</scope><name>pull_md</name></member>
      <member refid="classlumina__client__t_1aee77e86c4d4660add2498f698904597b" prot="public" virt="virtual"><scope>lumina_client_t</scope><name>push_md</name></member>
      <member refid="classgeneric__client__t_1ac30947a6e5c321f0f589af5619669bea" prot="protected" virt="non-virtual"><scope>lumina_client_t</scope><name>rpc_engine</name></member>
      <member refid="classlumina__client__t_1a1fe07608ed813c66ee7bc1a420c2c39e" prot="public" virt="non-virtual"><scope>lumina_client_t</scope><name>send_helo</name></member>
      <member refid="classlumina__client__t_1a332ba51cc04a833b95b5cc7b5385d1ec" prot="public" virt="virtual"><scope>lumina_client_t</scope><name>set_pattern_id_md5</name></member>
      <member refid="classgeneric__client__t_1a86fdcc375cb8adde21442534a7786d11" prot="protected" virt="pure-virtual"><scope>lumina_client_t</scope><name>try_reconnect</name></member>
      <member refid="classlumina__client__t_1a8bed3a5e528ff656c625759f32a6d2c9" prot="private" virt="non-virtual"><scope>lumina_client_t</scope><name>user</name></member>
      <member refid="classgeneric__client__t_1a32fd8c50acf23849c5adb1d891549073" prot="public" virt="virtual"><scope>lumina_client_t</scope><name>~generic_client_t</name></member>
      <member refid="classlumina__client__t_1a828b2f4dbccfe6b1d7ead032480c805c" prot="public" virt="non-virtual"><scope>lumina_client_t</scope><name>~lumina_client_t</name></member>
    </listofallmembers>
  </compounddef>
</doxygen>
