<?xml version='1.0' encoding='UTF-8' standalone='no'?>
<doxygen xmlns:xsi="http://www.w3.org/2001/XMLSchema-instance" xsi:noNamespaceSchemaLocation="compound.xsd" version="1.9.3" xml:lang="en-US">
  <compounddef id="classlowertype__helper__t" kind="class" language="C++" prot="public" abstract="yes">
    <compoundname>lowertype_helper_t</compoundname>
    <derivedcompoundref refid="classida__lowertype__helper__t" prot="public" virt="non-virtual">ida_lowertype_helper_t</derivedcompoundref>
    <includes refid="typeinf_8hpp" local="no">typeinf.hpp</includes>
      <sectiondef kind="public-func">
      <memberdef kind="function" id="classlowertype__helper__t_1a6cbbad8b63f50fe16e71ddcda84ff90f" prot="public" static="no" const="no" explicit="no" inline="no" virt="pure-virtual">
        <type>bool idaapi</type>
        <definition>virtual bool idaapi lowertype_helper_t::func_has_stkframe_hole</definition>
        <argsstring>(const tinfo_t &amp;candidate, const func_type_data_t &amp;candidate_data)=0</argsstring>
        <name>func_has_stkframe_hole</name>
        <qualifiedname>lowertype_helper_t::func_has_stkframe_hole</qualifiedname>
        <reimplementedby refid="classida__lowertype__helper__t_1aa32479cb8e99bd6403efd61da91cd5f0">func_has_stkframe_hole</reimplementedby>
        <param>
          <type>const <ref refid="classtinfo__t" kindref="compound">tinfo_t</ref> &amp;</type>
          <declname>candidate</declname>
        </param>
        <param>
          <type>const <ref refid="structfunc__type__data__t" kindref="compound">func_type_data_t</ref> &amp;</type>
          <declname>candidate_data</declname>
        </param>
        <briefdescription>
        </briefdescription>
        <detaileddescription>
        </detaileddescription>
        <inbodydescription>
        </inbodydescription>
        <location file="obj/x64_linux_gcc_32_opt_pro/idasdk/typeinf.hpp" line="4122" column="23"/>
      </memberdef>
      <memberdef kind="function" id="classlowertype__helper__t_1a318917e32b2467494097b3d5497d7101" prot="public" static="no" const="no" explicit="no" inline="no" virt="pure-virtual">
        <type>int idaapi</type>
        <definition>virtual int idaapi lowertype_helper_t::get_func_purged_bytes</definition>
        <argsstring>(const tinfo_t &amp;candidate, const func_type_data_t &amp;candidate_data)=0</argsstring>
        <name>get_func_purged_bytes</name>
        <qualifiedname>lowertype_helper_t::get_func_purged_bytes</qualifiedname>
        <reimplementedby refid="classida__lowertype__helper__t_1a8c4d081959a55f4cd6d24b6c7dc73b52">get_func_purged_bytes</reimplementedby>
        <param>
          <type>const <ref refid="classtinfo__t" kindref="compound">tinfo_t</ref> &amp;</type>
          <declname>candidate</declname>
        </param>
        <param>
          <type>const <ref refid="structfunc__type__data__t" kindref="compound">func_type_data_t</ref> &amp;</type>
          <declname>candidate_data</declname>
        </param>
        <briefdescription>
        </briefdescription>
        <detaileddescription>
        </detaileddescription>
        <inbodydescription>
        </inbodydescription>
        <location file="obj/x64_linux_gcc_32_opt_pro/idasdk/typeinf.hpp" line="4126" column="22"/>
      </memberdef>
      </sectiondef>
    <briefdescription>
<para>Interface class - see <ref refid="classida__lowertype__helper__t" kindref="compound">ida_lowertype_helper_t</ref>. </para>
    </briefdescription>
    <detaileddescription>
    </detaileddescription>
    <inheritancegraph>
      <node id="2">
        <label>ida_lowertype_helper_t</label>
        <link refid="classida__lowertype__helper__t"/>
        <childnode refid="1" relation="public-inheritance">
        </childnode>
      </node>
      <node id="1">
        <label>lowertype_helper_t</label>
        <link refid="classlowertype__helper__t"/>
      </node>
    </inheritancegraph>
    <location file="obj/x64_linux_gcc_32_opt_pro/idasdk/typeinf.hpp" line="4119" column="1" bodyfile="obj/x64_linux_gcc_32_opt_pro/idasdk/typeinf.hpp" bodystart="4120" bodyend="4129"/>
    <listofallmembers>
      <member refid="classlowertype__helper__t_1a6cbbad8b63f50fe16e71ddcda84ff90f" prot="public" virt="pure-virtual"><scope>lowertype_helper_t</scope><name>func_has_stkframe_hole</name></member>
      <member refid="classlowertype__helper__t_1a318917e32b2467494097b3d5497d7101" prot="public" virt="pure-virtual"><scope>lowertype_helper_t</scope><name>get_func_purged_bytes</name></member>
    </listofallmembers>
  </compounddef>
</doxygen>
