<?xml version='1.0' encoding='UTF-8' standalone='no'?>
<doxygen xmlns:xsi="http://www.w3.org/2001/XMLSchema-instance" xsi:noNamespaceSchemaLocation="compound.xsd" version="1.9.3" xml:lang="en-US">
  <compounddef id="classbookmarks__t" kind="class" language="C++" prot="public">
    <compoundname>bookmarks_t</compoundname>
      <sectiondef kind="private-func">
      <memberdef kind="function" id="classbookmarks__t_1a537924e9cb496ccbfeaf96d7fcf20733" prot="private" static="no" const="no" explicit="no" inline="no" virt="non-virtual">
        <type></type>
        <definition>bookmarks_t::bookmarks_t</definition>
        <argsstring>()</argsstring>
        <name>bookmarks_t</name>
        <qualifiedname>bookmarks_t::bookmarks_t</qualifiedname>
        <briefdescription>
        </briefdescription>
        <detaileddescription>
        </detaileddescription>
        <inbodydescription>
        </inbodydescription>
        <location file="obj/x64_linux_gcc_32_opt/idasdk/moves.hpp" line="323" column="3"/>
      </memberdef>
      <memberdef kind="function" id="classbookmarks__t_1a2a2c89d7f4ff0405facb5f5805aa41b7" prot="private" static="no" const="no" explicit="no" inline="yes" virt="non-virtual">
        <type></type>
        <definition>bookmarks_t::~bookmarks_t</definition>
        <argsstring>()</argsstring>
        <name>~bookmarks_t</name>
        <qualifiedname>bookmarks_t::~bookmarks_t</qualifiedname>
        <briefdescription>
        </briefdescription>
        <detaileddescription>
        </detaileddescription>
        <inbodydescription>
        </inbodydescription>
        <location file="obj/x64_linux_gcc_32_opt/idasdk/moves.hpp" line="324" column="3" bodyfile="obj/x64_linux_gcc_32_opt/idasdk/moves.hpp" bodystart="324" bodyend="324"/>
      </memberdef>
      </sectiondef>
      <sectiondef kind="public-static-func">
      <memberdef kind="function" id="classbookmarks__t_1a5a333aeacdbf62f4beded9aaca04cf44" prot="public" static="yes" const="no" explicit="no" inline="yes" virt="non-virtual">
        <type><ref refid="pro_8h_1a1134b580f8da4de94ca6b1de4d37975e" kindref="member">uint32</ref></type>
        <definition>static uint32 bookmarks_t::mark</definition>
        <argsstring>(const lochist_entry_t &amp;e, uint32 index, const char *title, const char *desc, void *ud)</argsstring>
        <name>mark</name>
        <qualifiedname>bookmarks_t::mark</qualifiedname>
        <param>
          <type>const <ref refid="structlochist__entry__t" kindref="compound">lochist_entry_t</ref> &amp;</type>
          <declname>e</declname>
        </param>
        <param>
          <type><ref refid="pro_8h_1a1134b580f8da4de94ca6b1de4d37975e" kindref="member">uint32</ref></type>
          <declname>index</declname>
        </param>
        <param>
          <type>const char *</type>
          <declname>title</declname>
        </param>
        <param>
          <type>const char *</type>
          <declname>desc</declname>
        </param>
        <param>
          <type>void *</type>
          <declname>ud</declname>
        </param>
        <briefdescription>
        </briefdescription>
        <detaileddescription>
        </detaileddescription>
        <inbodydescription>
        </inbodydescription>
        <location file="obj/x64_linux_gcc_32_opt/idasdk/moves.hpp" line="342" column="17" bodyfile="obj/x64_linux_gcc_32_opt/idasdk/moves.hpp" bodystart="342" bodyend="348"/>
      </memberdef>
      <memberdef kind="function" id="classbookmarks__t_1ac685754e16107149af89eefd6994ebac" prot="public" static="yes" const="no" explicit="no" inline="yes" virt="non-virtual">
        <type>bool</type>
        <definition>static bool bookmarks_t::get</definition>
        <argsstring>(lochist_entry_t *out_entry, qstring *out_desc, uint32 *index, void *ud)</argsstring>
        <name>get</name>
        <qualifiedname>bookmarks_t::get</qualifiedname>
        <param>
          <type><ref refid="structlochist__entry__t" kindref="compound">lochist_entry_t</ref> *</type>
          <declname>out_entry</declname>
        </param>
        <param>
          <type><ref refid="pro_8h_1a386c10c6aa4340f1d63df85f40454fce" kindref="member">qstring</ref> *</type>
          <declname>out_desc</declname>
        </param>
        <param>
          <type><ref refid="pro_8h_1a1134b580f8da4de94ca6b1de4d37975e" kindref="member">uint32</ref> *</type>
          <declname>index</declname>
        </param>
        <param>
          <type>void *</type>
          <declname>ud</declname>
        </param>
        <briefdescription>
        </briefdescription>
        <detaileddescription>
        </detaileddescription>
        <inbodydescription>
        </inbodydescription>
        <location file="obj/x64_linux_gcc_32_opt/idasdk/moves.hpp" line="353" column="15" bodyfile="obj/x64_linux_gcc_32_opt/idasdk/moves.hpp" bodystart="353" bodyend="358"/>
      </memberdef>
      <memberdef kind="function" id="classbookmarks__t_1a1c9009b430ec579897bca980bb33959b" prot="public" static="yes" const="no" explicit="no" inline="yes" virt="non-virtual">
        <type>bool</type>
        <definition>static bool bookmarks_t::get_desc</definition>
        <argsstring>(qstring *out, const lochist_entry_t &amp;e, uint32 index, void *ud)</argsstring>
        <name>get_desc</name>
        <qualifiedname>bookmarks_t::get_desc</qualifiedname>
        <param>
          <type><ref refid="pro_8h_1a386c10c6aa4340f1d63df85f40454fce" kindref="member">qstring</ref> *</type>
          <declname>out</declname>
        </param>
        <param>
          <type>const <ref refid="structlochist__entry__t" kindref="compound">lochist_entry_t</ref> &amp;</type>
          <declname>e</declname>
        </param>
        <param>
          <type><ref refid="pro_8h_1a1134b580f8da4de94ca6b1de4d37975e" kindref="member">uint32</ref></type>
          <declname>index</declname>
        </param>
        <param>
          <type>void *</type>
          <declname>ud</declname>
        </param>
        <briefdescription>
        </briefdescription>
        <detaileddescription>
        </detaileddescription>
        <inbodydescription>
        </inbodydescription>
        <location file="obj/x64_linux_gcc_32_opt/idasdk/moves.hpp" line="360" column="15" bodyfile="obj/x64_linux_gcc_32_opt/idasdk/moves.hpp" bodystart="360" bodyend="365"/>
      </memberdef>
      <memberdef kind="function" id="classbookmarks__t_1af78591b9c1a9dd15a5725ffe2a3a9c83" prot="public" static="yes" const="no" explicit="no" inline="yes" virt="non-virtual">
        <type><ref refid="pro_8h_1a1134b580f8da4de94ca6b1de4d37975e" kindref="member">uint32</ref></type>
        <definition>static uint32 bookmarks_t::find_index</definition>
        <argsstring>(const lochist_entry_t &amp;e, void *ud)</argsstring>
        <name>find_index</name>
        <qualifiedname>bookmarks_t::find_index</qualifiedname>
        <param>
          <type>const <ref refid="structlochist__entry__t" kindref="compound">lochist_entry_t</ref> &amp;</type>
          <declname>e</declname>
        </param>
        <param>
          <type>void *</type>
          <declname>ud</declname>
        </param>
        <briefdescription>
        </briefdescription>
        <detaileddescription>
        </detaileddescription>
        <inbodydescription>
        </inbodydescription>
        <location file="obj/x64_linux_gcc_32_opt/idasdk/moves.hpp" line="367" column="17" bodyfile="obj/x64_linux_gcc_32_opt/idasdk/moves.hpp" bodystart="367" bodyend="370"/>
      </memberdef>
      <memberdef kind="function" id="classbookmarks__t_1aa04a84e3b1eb9994d2d9527d77766cd0" prot="public" static="yes" const="no" explicit="no" inline="yes" virt="non-virtual">
        <type><ref refid="pro_8h_1a1134b580f8da4de94ca6b1de4d37975e" kindref="member">uint32</ref></type>
        <definition>static uint32 bookmarks_t::size</definition>
        <argsstring>(const lochist_entry_t &amp;e, void *ud)</argsstring>
        <name>size</name>
        <qualifiedname>bookmarks_t::size</qualifiedname>
        <param>
          <type>const <ref refid="structlochist__entry__t" kindref="compound">lochist_entry_t</ref> &amp;</type>
          <declname>e</declname>
        </param>
        <param>
          <type>void *</type>
          <declname>ud</declname>
        </param>
        <briefdescription>
        </briefdescription>
        <detaileddescription>
        </detaileddescription>
        <inbodydescription>
        </inbodydescription>
        <location file="obj/x64_linux_gcc_32_opt/idasdk/moves.hpp" line="372" column="17" bodyfile="obj/x64_linux_gcc_32_opt/idasdk/moves.hpp" bodystart="372" bodyend="375"/>
      </memberdef>
      <memberdef kind="function" id="classbookmarks__t_1a74084433813941deaee38b9d263967d3" prot="public" static="yes" const="no" explicit="no" inline="yes" virt="non-virtual">
        <type>bool</type>
        <definition>static bool bookmarks_t::erase</definition>
        <argsstring>(const lochist_entry_t &amp;e, uint32 index, void *ud)</argsstring>
        <name>erase</name>
        <qualifiedname>bookmarks_t::erase</qualifiedname>
        <param>
          <type>const <ref refid="structlochist__entry__t" kindref="compound">lochist_entry_t</ref> &amp;</type>
          <declname>e</declname>
        </param>
        <param>
          <type><ref refid="pro_8h_1a1134b580f8da4de94ca6b1de4d37975e" kindref="member">uint32</ref></type>
          <declname>index</declname>
        </param>
        <param>
          <type>void *</type>
          <declname>ud</declname>
        </param>
        <briefdescription>
        </briefdescription>
        <detaileddescription>
        </detaileddescription>
        <inbodydescription>
        </inbodydescription>
        <location file="obj/x64_linux_gcc_32_opt/idasdk/moves.hpp" line="377" column="15" bodyfile="obj/x64_linux_gcc_32_opt/idasdk/moves.hpp" bodystart="377" bodyend="381"/>
      </memberdef>
      <memberdef kind="function" id="classbookmarks__t_1a70399b3e4db7fce81b51960889873d7e" prot="public" static="yes" const="no" explicit="no" inline="yes" virt="non-virtual">
        <type><ref refid="dirtree_8hpp_1a0a5424772d7531dae1d39b947c56dd4b" kindref="member">dirtree_id_t</ref></type>
        <definition>static dirtree_id_t bookmarks_t::get_dirtree_id</definition>
        <argsstring>(const lochist_entry_t &amp;e, void *ud)</argsstring>
        <name>get_dirtree_id</name>
        <qualifiedname>bookmarks_t::get_dirtree_id</qualifiedname>
        <param>
          <type>const <ref refid="structlochist__entry__t" kindref="compound">lochist_entry_t</ref> &amp;</type>
          <declname>e</declname>
        </param>
        <param>
          <type>void *</type>
          <declname>ud</declname>
        </param>
        <briefdescription>
        </briefdescription>
        <detaileddescription>
        </detaileddescription>
        <inbodydescription>
        </inbodydescription>
        <location file="obj/x64_linux_gcc_32_opt/idasdk/moves.hpp" line="383" column="23" bodyfile="obj/x64_linux_gcc_32_opt/idasdk/moves.hpp" bodystart="383" bodyend="386"/>
      </memberdef>
      </sectiondef>
    <briefdescription>
    </briefdescription>
    <detaileddescription>
    </detaileddescription>
    <location file="obj/x64_linux_gcc_32_opt/idasdk/moves.hpp" line="321" column="1" bodyfile="obj/x64_linux_gcc_32_opt/idasdk/moves.hpp" bodystart="322" bodyend="387"/>
    <listofallmembers>
      <member refid="classbookmarks__t_1a537924e9cb496ccbfeaf96d7fcf20733" prot="private" virt="non-virtual"><scope>bookmarks_t</scope><name>bookmarks_t</name></member>
      <member refid="classbookmarks__t_1a74084433813941deaee38b9d263967d3" prot="public" virt="non-virtual"><scope>bookmarks_t</scope><name>erase</name></member>
      <member refid="classbookmarks__t_1af78591b9c1a9dd15a5725ffe2a3a9c83" prot="public" virt="non-virtual"><scope>bookmarks_t</scope><name>find_index</name></member>
      <member refid="classbookmarks__t_1ac685754e16107149af89eefd6994ebac" prot="public" virt="non-virtual"><scope>bookmarks_t</scope><name>get</name></member>
      <member refid="classbookmarks__t_1a1c9009b430ec579897bca980bb33959b" prot="public" virt="non-virtual"><scope>bookmarks_t</scope><name>get_desc</name></member>
      <member refid="classbookmarks__t_1a70399b3e4db7fce81b51960889873d7e" prot="public" virt="non-virtual"><scope>bookmarks_t</scope><name>get_dirtree_id</name></member>
      <member refid="classbookmarks__t_1a5a333aeacdbf62f4beded9aaca04cf44" prot="public" virt="non-virtual"><scope>bookmarks_t</scope><name>mark</name></member>
      <member refid="classbookmarks__t_1aa04a84e3b1eb9994d2d9527d77766cd0" prot="public" virt="non-virtual"><scope>bookmarks_t</scope><name>size</name></member>
      <member refid="classbookmarks__t_1a2a2c89d7f4ff0405facb5f5805aa41b7" prot="private" virt="non-virtual"><scope>bookmarks_t</scope><name>~bookmarks_t</name></member>
    </listofallmembers>
  </compounddef>
</doxygen>
