<?xml version='1.0' encoding='UTF-8' standalone='no'?>
<doxygen xmlns:xsi="http://www.w3.org/2001/XMLSchema-instance" xsi:noNamespaceSchemaLocation="compound.xsd" version="1.8.15">
  <compounddef id="classfunc__t" kind="class" language="C++" prot="public">
    <compoundname>func_t</compoundname>
    <basecompoundref refid="structrange__t" prot="public" virt="non-virtual">range_t</basecompoundref>
    <includes refid="funcs_8hpp" local="no">funcs.hpp</includes>
      <sectiondef kind="public-attrib">
      <memberdef kind="variable" id="classfunc__t_1a3278bd032e8a3d89eeb7c0ca75e92455" prot="public" static="no" mutable="no">
        <type><ref refid="pro_8h_1a2f5563986d7f95e4fad5876c17d9cdda" kindref="member">uint64</ref></type>
        <definition>uint64 func_t::flags</definition>
        <argsstring></argsstring>
        <name>flags</name>
        <briefdescription>
        </briefdescription>
        <detaileddescription>
<para><ref refid="group___f_u_n_c__" kindref="compound">Function flags</ref> </para>
        </detaileddescription>
        <inbodydescription>
        </inbodydescription>
        <location file="obj/x64_linux_gcc_32_opt/3/idasdk/funcs.hpp" line="58" column="1" bodyfile="obj/x64_linux_gcc_32_opt/3/idasdk/funcs.hpp" bodystart="58" bodyend="-1"/>
      </memberdef>
      <memberdef kind="variable" id="classfunc__t_1a38a4fc253b5d88c343d973dbd2032dbe" prot="public" static="no" mutable="no">
        <type><ref refid="pro_8h_1aef265b11f25357d520dcfd40aa8c18f3" kindref="member">uval_t</ref></type>
        <definition>uval_t func_t::frame</definition>
        <argsstring></argsstring>
        <name>frame</name>
        <briefdescription>
<para>netnode id of frame structure - see <ref refid="frame_8hpp" kindref="compound">frame.hpp</ref> </para>
        </briefdescription>
        <detaileddescription>
        </detaileddescription>
        <inbodydescription>
        </inbodydescription>
        <location file="obj/x64_linux_gcc_32_opt/3/idasdk/funcs.hpp" line="131" column="1" bodyfile="obj/x64_linux_gcc_32_opt/3/idasdk/funcs.hpp" bodystart="131" bodyend="-1"/>
      </memberdef>
      <memberdef kind="variable" id="classfunc__t_1af7831991ec87f4696d51599ef59b97fc" prot="public" static="no" mutable="no">
        <type>asize_t</type>
        <definition>asize_t func_t::frsize</definition>
        <argsstring></argsstring>
        <name>frsize</name>
        <briefdescription>
        </briefdescription>
        <detaileddescription>
<para>size of local variables part of frame in bytes. If <ref refid="group___f_u_n_c___1ga5c18a77caa51d78fcf13ae598fff4b7c" kindref="member">FUNC_FRAME</ref> is set and <ref refid="classfunc__t_1a676f92e8f23adfdb5f5bc5be5a3345c4" kindref="member">fpd</ref>==0, the frame pointer (EBP) is assumed to point to the top of the local variables range. </para>
        </detaileddescription>
        <inbodydescription>
        </inbodydescription>
        <location file="obj/x64_linux_gcc_32_opt/3/idasdk/funcs.hpp" line="132" column="1" bodyfile="obj/x64_linux_gcc_32_opt/3/idasdk/funcs.hpp" bodystart="132" bodyend="-1"/>
      </memberdef>
      <memberdef kind="variable" id="classfunc__t_1aaae89da99feeba7a2d3440d8582d85be" prot="public" static="no" mutable="no">
        <type><ref refid="pro_8h_1ab95f123a6c9bcfee6a343170ef8c5f69" kindref="member">ushort</ref></type>
        <definition>ushort func_t::frregs</definition>
        <argsstring></argsstring>
        <name>frregs</name>
        <briefdescription>
        </briefdescription>
        <detaileddescription>
<para>size of saved registers in frame. This range is immediately above the local variables range. </para>
        </detaileddescription>
        <inbodydescription>
        </inbodydescription>
        <location file="obj/x64_linux_gcc_32_opt/3/idasdk/funcs.hpp" line="136" column="1" bodyfile="obj/x64_linux_gcc_32_opt/3/idasdk/funcs.hpp" bodystart="136" bodyend="-1"/>
      </memberdef>
      <memberdef kind="variable" id="classfunc__t_1a7910e262af144790e0f15056f834bda0" prot="public" static="no" mutable="no">
        <type>asize_t</type>
        <definition>asize_t func_t::argsize</definition>
        <argsstring></argsstring>
        <name>argsize</name>
        <briefdescription>
        </briefdescription>
        <detaileddescription>
<para>number of bytes purged from the stack upon returning </para>
        </detaileddescription>
        <inbodydescription>
        </inbodydescription>
        <location file="obj/x64_linux_gcc_32_opt/3/idasdk/funcs.hpp" line="138" column="1" bodyfile="obj/x64_linux_gcc_32_opt/3/idasdk/funcs.hpp" bodystart="138" bodyend="-1"/>
      </memberdef>
      <memberdef kind="variable" id="classfunc__t_1a676f92e8f23adfdb5f5bc5be5a3345c4" prot="public" static="no" mutable="no">
        <type>asize_t</type>
        <definition>asize_t func_t::fpd</definition>
        <argsstring></argsstring>
        <name>fpd</name>
        <briefdescription>
        </briefdescription>
        <detaileddescription>
<para>frame pointer delta. (usually 0, i.e. realBP==typicalBP) use <ref refid="frame_8hpp_1a8284122ba3ea987a183ead63859b4902" kindref="member">update_fpd()</ref> to modify it. </para>
        </detaileddescription>
        <inbodydescription>
        </inbodydescription>
        <location file="obj/x64_linux_gcc_32_opt/3/idasdk/funcs.hpp" line="140" column="1" bodyfile="obj/x64_linux_gcc_32_opt/3/idasdk/funcs.hpp" bodystart="140" bodyend="-1"/>
      </memberdef>
      <memberdef kind="variable" id="classfunc__t_1a8521dddcfd76518b168e246a4b2f3158" prot="public" static="no" mutable="no">
        <type><ref refid="pro_8h_1a3df5040891132e50157aee66affdf1de" kindref="member">bgcolor_t</ref></type>
        <definition>bgcolor_t func_t::color</definition>
        <argsstring></argsstring>
        <name>color</name>
        <briefdescription>
<para>user defined function color </para>
        </briefdescription>
        <detaileddescription>
        </detaileddescription>
        <inbodydescription>
        </inbodydescription>
        <location file="obj/x64_linux_gcc_32_opt/3/idasdk/funcs.hpp" line="143" column="1" bodyfile="obj/x64_linux_gcc_32_opt/3/idasdk/funcs.hpp" bodystart="143" bodyend="-1"/>
      </memberdef>
      <memberdef kind="variable" id="classfunc__t_1aa5f5d7e35d9b2942e5d63e0c3b44a19b" prot="public" static="no" mutable="no">
        <type><ref refid="pro_8h_1a1134b580f8da4de94ca6b1de4d37975e" kindref="member">uint32</ref></type>
        <definition>uint32 func_t::pntqty</definition>
        <argsstring></argsstring>
        <name>pntqty</name>
        <briefdescription>
<para>number of SP change points </para>
        </briefdescription>
        <detaileddescription>
        </detaileddescription>
        <inbodydescription>
        </inbodydescription>
        <location file="obj/x64_linux_gcc_32_opt/3/idasdk/funcs.hpp" line="147" column="1" bodyfile="obj/x64_linux_gcc_32_opt/3/idasdk/funcs.hpp" bodystart="147" bodyend="-1"/>
      </memberdef>
      <memberdef kind="variable" id="classfunc__t_1a3a3ef0a7b09434e2ae72c4676f73d08d" prot="public" static="no" mutable="no">
        <type><ref refid="structstkpnt__t" kindref="compound">stkpnt_t</ref> *</type>
        <definition>stkpnt_t* func_t::points</definition>
        <argsstring></argsstring>
        <name>points</name>
        <briefdescription>
        </briefdescription>
        <detaileddescription>
<para>array of SP change points. use ...stkpnt...() functions to access this array. </para>
        </detaileddescription>
        <inbodydescription>
        </inbodydescription>
        <location file="obj/x64_linux_gcc_32_opt/3/idasdk/funcs.hpp" line="148" column="1" bodyfile="obj/x64_linux_gcc_32_opt/3/idasdk/funcs.hpp" bodystart="148" bodyend="-1"/>
      </memberdef>
      <memberdef kind="variable" id="classfunc__t_1a92a980df038f9c49aabdd4203c323c8e" prot="public" static="no" mutable="no">
        <type>int</type>
        <definition>int func_t::regvarqty</definition>
        <argsstring></argsstring>
        <name>regvarqty</name>
        <briefdescription>
        </briefdescription>
        <detaileddescription>
<para>number of register variables (-1-not read in yet) use <ref refid="group__regvar_1ga7125fa606d55badfcfb905bf0a40e2e9" kindref="member">find_regvar()</ref> to read register variables </para>
        </detaileddescription>
        <inbodydescription>
        </inbodydescription>
        <location file="obj/x64_linux_gcc_32_opt/3/idasdk/funcs.hpp" line="151" column="1" bodyfile="obj/x64_linux_gcc_32_opt/3/idasdk/funcs.hpp" bodystart="151" bodyend="-1"/>
      </memberdef>
      <memberdef kind="variable" id="classfunc__t_1a9f7893d3f4ecb73051edb08850c1883e" prot="public" static="no" mutable="no">
        <type><ref refid="structregvar__t" kindref="compound">regvar_t</ref> *</type>
        <definition>regvar_t* func_t::regvars</definition>
        <argsstring></argsstring>
        <name>regvars</name>
        <briefdescription>
        </briefdescription>
        <detaileddescription>
<para>array of register variables. this array is sorted by: start_ea. use ...regvar...() functions to access this array. </para>
        </detaileddescription>
        <inbodydescription>
        </inbodydescription>
        <location file="obj/x64_linux_gcc_32_opt/3/idasdk/funcs.hpp" line="153" column="1" bodyfile="obj/x64_linux_gcc_32_opt/3/idasdk/funcs.hpp" bodystart="153" bodyend="-1"/>
      </memberdef>
      <memberdef kind="variable" id="classfunc__t_1a89cae881c32b0e234da035c3e6acbfb1" prot="public" static="no" mutable="no">
        <type>int</type>
        <definition>int func_t::llabelqty</definition>
        <argsstring></argsstring>
        <name>llabelqty</name>
        <briefdescription>
<para>number of local labels </para>
        </briefdescription>
        <detaileddescription>
        </detaileddescription>
        <inbodydescription>
        </inbodydescription>
        <location file="obj/x64_linux_gcc_32_opt/3/idasdk/funcs.hpp" line="157" column="1" bodyfile="obj/x64_linux_gcc_32_opt/3/idasdk/funcs.hpp" bodystart="157" bodyend="-1"/>
      </memberdef>
      <memberdef kind="variable" id="classfunc__t_1a5f79c86a82afa77f247f876288a75182" prot="public" static="no" mutable="no">
        <type><ref refid="structllabel__t" kindref="compound">llabel_t</ref> *</type>
        <definition>llabel_t* func_t::llabels</definition>
        <argsstring></argsstring>
        <name>llabels</name>
        <briefdescription>
        </briefdescription>
        <detaileddescription>
<para>local labels. this array is sorted by ea. use ...llabel...() functions to access this array. </para>
        </detaileddescription>
        <inbodydescription>
        </inbodydescription>
        <location file="obj/x64_linux_gcc_32_opt/3/idasdk/funcs.hpp" line="158" column="1" bodyfile="obj/x64_linux_gcc_32_opt/3/idasdk/funcs.hpp" bodystart="158" bodyend="-1"/>
      </memberdef>
      <memberdef kind="variable" id="classfunc__t_1a7f6f8fe155e8d59711c61c7dfc7e93c9" prot="public" static="no" mutable="no">
        <type>int</type>
        <definition>int func_t::regargqty</definition>
        <argsstring></argsstring>
        <name>regargqty</name>
        <briefdescription>
        </briefdescription>
        <detaileddescription>
<para>number of register arguments. During analysis IDA tries to guess the register arguments. It stores store the guessing outcome in this field. As soon as it determines the final function prototype, regargqty is set to zero. </para>
        </detaileddescription>
        <inbodydescription>
        </inbodydescription>
        <location file="obj/x64_linux_gcc_32_opt/3/idasdk/funcs.hpp" line="162" column="1" bodyfile="obj/x64_linux_gcc_32_opt/3/idasdk/funcs.hpp" bodystart="162" bodyend="-1"/>
      </memberdef>
      <memberdef kind="variable" id="classfunc__t_1a356ba8c3494588c27452b324b731994d" prot="public" static="no" mutable="no">
        <type><ref refid="structregarg__t" kindref="compound">regarg_t</ref> *</type>
        <definition>regarg_t* func_t::regargs</definition>
        <argsstring></argsstring>
        <name>regargs</name>
        <briefdescription>
        </briefdescription>
        <detaileddescription>
<para>unsorted array of register arguments. use ...regarg...() functions to access this array. regargs are destroyed when the full function type is determined. </para>
        </detaileddescription>
        <inbodydescription>
        </inbodydescription>
        <location file="obj/x64_linux_gcc_32_opt/3/idasdk/funcs.hpp" line="167" column="1" bodyfile="obj/x64_linux_gcc_32_opt/3/idasdk/funcs.hpp" bodystart="167" bodyend="-1"/>
      </memberdef>
      <memberdef kind="variable" id="classfunc__t_1a05b3519db6c338c46217f07fef836428" prot="public" static="no" mutable="no">
        <type>int</type>
        <definition>int func_t::tailqty</definition>
        <argsstring></argsstring>
        <name>tailqty</name>
        <briefdescription>
<para>number of function tails </para>
        </briefdescription>
        <detaileddescription>
        </detaileddescription>
        <inbodydescription>
        </inbodydescription>
        <location file="obj/x64_linux_gcc_32_opt/3/idasdk/funcs.hpp" line="172" column="1" bodyfile="obj/x64_linux_gcc_32_opt/3/idasdk/funcs.hpp" bodystart="172" bodyend="-1"/>
      </memberdef>
      <memberdef kind="variable" id="classfunc__t_1a1320282c840fbb07d6937db0b2333629" prot="public" static="no" mutable="no">
        <type><ref refid="structrange__t" kindref="compound">range_t</ref> *</type>
        <definition>range_t* func_t::tails</definition>
        <argsstring></argsstring>
        <name>tails</name>
        <briefdescription>
        </briefdescription>
        <detaileddescription>
<para>array of tails, sorted by ea. use <ref refid="classfunc__tail__iterator__t" kindref="compound">func_tail_iterator_t</ref> to access function tails. </para>
        </detaileddescription>
        <inbodydescription>
        </inbodydescription>
        <location file="obj/x64_linux_gcc_32_opt/3/idasdk/funcs.hpp" line="173" column="1" bodyfile="obj/x64_linux_gcc_32_opt/3/idasdk/funcs.hpp" bodystart="173" bodyend="-1"/>
      </memberdef>
      <memberdef kind="variable" id="classfunc__t_1afff6c2350b3d9ff3a2332706a2921e26" prot="public" static="no" mutable="no">
        <type>ea_t</type>
        <definition>ea_t func_t::owner</definition>
        <argsstring></argsstring>
        <name>owner</name>
        <briefdescription>
<para>the address of the main function possessing this tail </para>
        </briefdescription>
        <detaileddescription>
        </detaileddescription>
        <inbodydescription>
        </inbodydescription>
        <location file="obj/x64_linux_gcc_32_opt/3/idasdk/funcs.hpp" line="181" column="1" bodyfile="obj/x64_linux_gcc_32_opt/3/idasdk/funcs.hpp" bodystart="181" bodyend="-1"/>
      </memberdef>
      <memberdef kind="variable" id="classfunc__t_1a43817e724cc85bfb4ec200002786f74a" prot="public" static="no" mutable="no">
        <type>int</type>
        <definition>int func_t::refqty</definition>
        <argsstring></argsstring>
        <name>refqty</name>
        <briefdescription>
<para>number of referers </para>
        </briefdescription>
        <detaileddescription>
        </detaileddescription>
        <inbodydescription>
        </inbodydescription>
        <location file="obj/x64_linux_gcc_32_opt/3/idasdk/funcs.hpp" line="182" column="1" bodyfile="obj/x64_linux_gcc_32_opt/3/idasdk/funcs.hpp" bodystart="182" bodyend="-1"/>
      </memberdef>
      <memberdef kind="variable" id="classfunc__t_1afadc3802e50f25f1f84f66b48e7b8650" prot="public" static="no" mutable="no">
        <type>ea_t *</type>
        <definition>ea_t* func_t::referers</definition>
        <argsstring></argsstring>
        <name>referers</name>
        <briefdescription>
        </briefdescription>
        <detaileddescription>
<para>array of referers (function start addresses). use <ref refid="classfunc__parent__iterator__t" kindref="compound">func_parent_iterator_t</ref> to access the referers. </para>
        </detaileddescription>
        <inbodydescription>
        </inbodydescription>
        <location file="obj/x64_linux_gcc_32_opt/3/idasdk/funcs.hpp" line="183" column="1" bodyfile="obj/x64_linux_gcc_32_opt/3/idasdk/funcs.hpp" bodystart="183" bodyend="-1"/>
      </memberdef>
      <memberdef kind="variable" id="classfunc__t_1a1985ab0994c9c0dab184c8c3e82ae3b4" prot="public" static="no" mutable="no">
        <type>union func_t::@68</type>
        <definition>union func_t::@68 func_t::@69</definition>
        <argsstring></argsstring>
        <name>@69</name>
        <briefdescription>
        </briefdescription>
        <detaileddescription>
        </detaileddescription>
        <inbodydescription>
        </inbodydescription>
        <location file="obj/x64_linux_gcc_32_opt/3/idasdk/funcs.hpp" line="187" column="1"/>
      </memberdef>
      </sectiondef>
      <sectiondef kind="public-func">
      <memberdef kind="function" id="classfunc__t_1ad905b5c7488c7728b39c7a8c50f16350" prot="public" static="no" const="yes" explicit="no" inline="yes" virt="non-virtual">
        <type>bool</type>
        <definition>bool func_t::is_far</definition>
        <argsstring>(void) const</argsstring>
        <name>is_far</name>
        <param>
          <type>void</type>
        </param>
        <briefdescription>
<para>Is a far function? </para>
        </briefdescription>
        <detaileddescription>
        </detaileddescription>
        <inbodydescription>
        </inbodydescription>
        <location file="obj/x64_linux_gcc_32_opt/3/idasdk/funcs.hpp" line="98" column="1" bodyfile="obj/x64_linux_gcc_32_opt/3/idasdk/funcs.hpp" bodystart="98" bodyend="98"/>
      </memberdef>
      <memberdef kind="function" id="classfunc__t_1a960242ecc114d18866a98c734c983532" prot="public" static="no" const="yes" explicit="no" inline="yes" virt="non-virtual">
        <type>bool</type>
        <definition>bool func_t::does_return</definition>
        <argsstring>(void) const</argsstring>
        <name>does_return</name>
        <param>
          <type>void</type>
        </param>
        <briefdescription>
<para>Does function return? </para>
        </briefdescription>
        <detaileddescription>
        </detaileddescription>
        <inbodydescription>
        </inbodydescription>
        <location file="obj/x64_linux_gcc_32_opt/3/idasdk/funcs.hpp" line="100" column="1" bodyfile="obj/x64_linux_gcc_32_opt/3/idasdk/funcs.hpp" bodystart="100" bodyend="100"/>
      </memberdef>
      <memberdef kind="function" id="classfunc__t_1a6d524f41db50b759e405d383cb343069" prot="public" static="no" const="yes" explicit="no" inline="yes" virt="non-virtual">
        <type>bool</type>
        <definition>bool func_t::analyzed_sp</definition>
        <argsstring>(void) const</argsstring>
        <name>analyzed_sp</name>
        <param>
          <type>void</type>
        </param>
        <briefdescription>
<para>Has SP-analysis been performed? </para>
        </briefdescription>
        <detaileddescription>
        </detaileddescription>
        <inbodydescription>
        </inbodydescription>
        <location file="obj/x64_linux_gcc_32_opt/3/idasdk/funcs.hpp" line="102" column="1" bodyfile="obj/x64_linux_gcc_32_opt/3/idasdk/funcs.hpp" bodystart="102" bodyend="102"/>
      </memberdef>
      <memberdef kind="function" id="classfunc__t_1a4a02e113bbd4ecb9bceaee595b967b7d" prot="public" static="no" const="yes" explicit="no" inline="yes" virt="non-virtual">
        <type>bool</type>
        <definition>bool func_t::need_prolog_analysis</definition>
        <argsstring>(void) const</argsstring>
        <name>need_prolog_analysis</name>
        <param>
          <type>void</type>
        </param>
        <briefdescription>
<para>Needs prolog analysis? </para>
        </briefdescription>
        <detaileddescription>
        </detaileddescription>
        <inbodydescription>
        </inbodydescription>
        <location file="obj/x64_linux_gcc_32_opt/3/idasdk/funcs.hpp" line="104" column="1" bodyfile="obj/x64_linux_gcc_32_opt/3/idasdk/funcs.hpp" bodystart="104" bodyend="104"/>
      </memberdef>
      <memberdef kind="function" id="classfunc__t_1a3c4d9a8919e6814a537f83b045ff1840" prot="public" static="no" const="no" explicit="no" inline="yes" virt="non-virtual">
        <type></type>
        <definition>func_t::func_t</definition>
        <argsstring>(ea_t start=0, ea_t end=0, flags_t f=0)</argsstring>
        <name>func_t</name>
        <param>
          <type>ea_t</type>
          <declname>start</declname>
          <defval>0</defval>
        </param>
        <param>
          <type>ea_t</type>
          <declname>end</declname>
          <defval>0</defval>
        </param>
        <param>
          <type><ref refid="pro_8h_1a55dd00e03168fb5180830e87ef0a2c57" kindref="member">flags_t</ref></type>
          <declname>f</declname>
          <defval>0</defval>
        </param>
        <briefdescription>
        </briefdescription>
        <detaileddescription>
        </detaileddescription>
        <inbodydescription>
        </inbodydescription>
        <location file="obj/x64_linux_gcc_32_opt/3/idasdk/funcs.hpp" line="190" column="1" bodyfile="obj/x64_linux_gcc_32_opt/3/idasdk/funcs.hpp" bodystart="190" bodyend="199"/>
      </memberdef>
      </sectiondef>
    <briefdescription>
<para>A function is a set of continuous ranges of addresses with characteristics. </para>
    </briefdescription>
    <detaileddescription>
    </detaileddescription>
    <inheritancegraph>
      <node id="1671">
        <label>func_t</label>
        <link refid="classfunc__t"/>
        <childnode refid="1672" relation="public-inheritance">
        </childnode>
      </node>
      <node id="1672">
        <label>range_t</label>
        <link refid="structrange__t"/>
      </node>
    </inheritancegraph>
    <collaborationgraph>
      <node id="1673">
        <label>func_t</label>
        <link refid="classfunc__t"/>
        <childnode refid="1674" relation="public-inheritance">
        </childnode>
        <childnode refid="1675" relation="usage">
          <edgelabel>regargs</edgelabel>
        </childnode>
        <childnode refid="1676" relation="usage">
          <edgelabel>points</edgelabel>
        </childnode>
        <childnode refid="1674" relation="usage">
          <edgelabel>tails</edgelabel>
        </childnode>
        <childnode refid="1677" relation="usage">
          <edgelabel>regvars</edgelabel>
        </childnode>
        <childnode refid="1678" relation="usage">
          <edgelabel>llabels</edgelabel>
        </childnode>
      </node>
      <node id="1675">
        <label>regarg_t</label>
        <link refid="structregarg__t"/>
      </node>
      <node id="1676">
        <label>stkpnt_t</label>
        <link refid="structstkpnt__t"/>
      </node>
      <node id="1674">
        <label>range_t</label>
        <link refid="structrange__t"/>
      </node>
      <node id="1677">
        <label>regvar_t</label>
        <link refid="structregvar__t"/>
        <childnode refid="1674" relation="public-inheritance">
        </childnode>
      </node>
      <node id="1678">
        <label>llabel_t</label>
        <link refid="structllabel__t"/>
      </node>
    </collaborationgraph>
    <location file="obj/x64_linux_gcc_32_opt/3/idasdk/funcs.hpp" line="56" column="1" bodyfile="obj/x64_linux_gcc_32_opt/3/idasdk/funcs.hpp" bodystart="55" bodyend="200"/>
    <listofallmembers>
      <member refid="classfunc__t_1a6d524f41db50b759e405d383cb343069" prot="public" virt="non-virtual"><scope>func_t</scope><name>analyzed_sp</name></member>
      <member refid="classfunc__t_1a7910e262af144790e0f15056f834bda0" prot="public" virt="non-virtual"><scope>func_t</scope><name>argsize</name></member>
      <member refid="structrange__t_1af69f6653edafca6c68050cc689f6a34a" prot="public" virt="non-virtual"><scope>func_t</scope><name>clear</name></member>
      <member refid="classfunc__t_1a8521dddcfd76518b168e246a4b2f3158" prot="public" virt="non-virtual"><scope>func_t</scope><name>color</name></member>
      <member refid="structrange__t_1a0830eb0562430bfc98c8ffd89c34c38b" prot="public" virt="non-virtual"><scope>func_t</scope><name>compare</name></member>
      <member refid="structrange__t_1a639ccf2de4dc8a2272fdb2937427616b" prot="public" virt="non-virtual"><scope>func_t</scope><name>contains</name></member>
      <member refid="structrange__t_1a188429d8f3c57001a60f2b0f4e5a9c88" prot="public" virt="non-virtual"><scope>func_t</scope><name>contains</name></member>
      <member refid="classfunc__t_1a960242ecc114d18866a98c734c983532" prot="public" virt="non-virtual"><scope>func_t</scope><name>does_return</name></member>
      <member refid="structrange__t_1a07d4ba9971d45948b8efdad8bedb2773" prot="public" virt="non-virtual"><scope>func_t</scope><name>empty</name></member>
      <member refid="structrange__t_1a31e62b2ecbc6b543945e3c2fcaa5ae3d" prot="public" virt="non-virtual"><scope>func_t</scope><name>end_ea</name></member>
      <member refid="structrange__t_1a2fbe9a8accdb83fe775b546ae4aca51b" prot="public" virt="non-virtual"><scope>func_t</scope><name>extend</name></member>
      <member refid="classfunc__t_1a3278bd032e8a3d89eeb7c0ca75e92455" prot="public" virt="non-virtual"><scope>func_t</scope><name>flags</name></member>
      <member refid="classfunc__t_1a676f92e8f23adfdb5f5bc5be5a3345c4" prot="public" virt="non-virtual"><scope>func_t</scope><name>fpd</name></member>
      <member refid="classfunc__t_1a38a4fc253b5d88c343d973dbd2032dbe" prot="public" virt="non-virtual"><scope>func_t</scope><name>frame</name></member>
      <member refid="classfunc__t_1aaae89da99feeba7a2d3440d8582d85be" prot="public" virt="non-virtual"><scope>func_t</scope><name>frregs</name></member>
      <member refid="classfunc__t_1af7831991ec87f4696d51599ef59b97fc" prot="public" virt="non-virtual"><scope>func_t</scope><name>frsize</name></member>
      <member refid="classfunc__t_1a3c4d9a8919e6814a537f83b045ff1840" prot="public" virt="non-virtual"><scope>func_t</scope><name>func_t</name></member>
      <member refid="structrange__t_1ab4b7e2856112ddbf081134b3d71ed7a5" prot="public" virt="non-virtual"><scope>func_t</scope><name>intersect</name></member>
      <member refid="classfunc__t_1ad905b5c7488c7728b39c7a8c50f16350" prot="public" virt="non-virtual"><scope>func_t</scope><name>is_far</name></member>
      <member refid="classfunc__t_1a89cae881c32b0e234da035c3e6acbfb1" prot="public" virt="non-virtual"><scope>func_t</scope><name>llabelqty</name></member>
      <member refid="classfunc__t_1a5f79c86a82afa77f247f876288a75182" prot="public" virt="non-virtual"><scope>func_t</scope><name>llabels</name></member>
      <member refid="classfunc__t_1a4a02e113bbd4ecb9bceaee595b967b7d" prot="public" virt="non-virtual"><scope>func_t</scope><name>need_prolog_analysis</name></member>
      <member refid="structrange__t_1af53acb92f984f6d8a0f66874dca8f428" prot="public" virt="non-virtual"><scope>func_t</scope><name>operator !=</name></member>
      <member refid="structrange__t_1ab0864b31d64fa08fef7d97e3498b2e7e" prot="public" virt="non-virtual"><scope>func_t</scope><name>operator &gt;</name></member>
      <member refid="structrange__t_1a9041a2aa65b7181856d9e110b0b9fbef" prot="public" virt="non-virtual"><scope>func_t</scope><name>operator&lt;</name></member>
      <member refid="structrange__t_1aa7f77c097f903e791eefca4a81e6b3d3" prot="public" virt="non-virtual"><scope>func_t</scope><name>operator==</name></member>
      <member refid="structrange__t_1ac063ce03653e4456e408aea12ffa80e1" prot="public" virt="non-virtual"><scope>func_t</scope><name>overlaps</name></member>
      <member refid="classfunc__t_1afff6c2350b3d9ff3a2332706a2921e26" prot="public" virt="non-virtual"><scope>func_t</scope><name>owner</name></member>
      <member refid="classfunc__t_1aa5f5d7e35d9b2942e5d63e0c3b44a19b" prot="public" virt="non-virtual"><scope>func_t</scope><name>pntqty</name></member>
      <member refid="classfunc__t_1a3a3ef0a7b09434e2ae72c4676f73d08d" prot="public" virt="non-virtual"><scope>func_t</scope><name>points</name></member>
      <member refid="structrange__t_1a5e4a06ff3c34f53d752985274c39a3a1" prot="public" virt="non-virtual"><scope>func_t</scope><name>print</name></member>
      <member refid="structrange__t_1a43ae77e02b4b42dca95b04a5b72b4381" prot="public" virt="non-virtual"><scope>func_t</scope><name>range_t</name></member>
      <member refid="structrange__t_1a1994b8457d9394a0f50723fc67eef06a" prot="public" virt="non-virtual"><scope>func_t</scope><name>range_t</name></member>
      <member refid="classfunc__t_1afadc3802e50f25f1f84f66b48e7b8650" prot="public" virt="non-virtual"><scope>func_t</scope><name>referers</name></member>
      <member refid="classfunc__t_1a43817e724cc85bfb4ec200002786f74a" prot="public" virt="non-virtual"><scope>func_t</scope><name>refqty</name></member>
      <member refid="classfunc__t_1a7f6f8fe155e8d59711c61c7dfc7e93c9" prot="public" virt="non-virtual"><scope>func_t</scope><name>regargqty</name></member>
      <member refid="classfunc__t_1a356ba8c3494588c27452b324b731994d" prot="public" virt="non-virtual"><scope>func_t</scope><name>regargs</name></member>
      <member refid="classfunc__t_1a92a980df038f9c49aabdd4203c323c8e" prot="public" virt="non-virtual"><scope>func_t</scope><name>regvarqty</name></member>
      <member refid="classfunc__t_1a9f7893d3f4ecb73051edb08850c1883e" prot="public" virt="non-virtual"><scope>func_t</scope><name>regvars</name></member>
      <member refid="structrange__t_1acf22d1af607f5bef81df4862f6ad5ac8" prot="public" virt="non-virtual"><scope>func_t</scope><name>size</name></member>
      <member refid="structrange__t_1a69799eeea6c081e327fed05bcc617585" prot="public" virt="non-virtual"><scope>func_t</scope><name>start_ea</name></member>
      <member refid="classfunc__t_1a05b3519db6c338c46217f07fef836428" prot="public" virt="non-virtual"><scope>func_t</scope><name>tailqty</name></member>
      <member refid="classfunc__t_1a1320282c840fbb07d6937db0b2333629" prot="public" virt="non-virtual"><scope>func_t</scope><name>tails</name></member>
    </listofallmembers>
  </compounddef>
</doxygen>
