<?xml version='1.0' encoding='UTF-8' standalone='no'?>
<doxygen xmlns:xsi="http://www.w3.org/2001/XMLSchema-instance" xsi:noNamespaceSchemaLocation="compound.xsd" version="1.9.3" xml:lang="en-US">
  <compounddef id="classdiff2__engine__t" kind="class" language="C++" prot="public">
    <compoundname>diff2_engine_t</compoundname>
    <basecompoundref refid="classdiff__engine__t" prot="public" virt="non-virtual">diff_engine_t</basecompoundref>
    <derivedcompoundref refid="classdiff3__engine__t" prot="public" virt="non-virtual">diff3_engine_t</derivedcompoundref>
    <includes refid="diff3_8hpp" local="no">diff3.hpp</includes>
      <sectiondef kind="private-attrib">
      <memberdef kind="variable" id="classdiff2__engine__t_1a913e608002676d1d625be9f304a2fcd4" prot="private" static="no" mutable="no">
        <type>diffpos_t</type>
        <definition>diffpos_t diff2_engine_t::pos1</definition>
        <argsstring></argsstring>
        <name>pos1</name>
        <qualifiedname>diff2_engine_t::pos1</qualifiedname>
        <briefdescription>
        </briefdescription>
        <detaileddescription>
        </detaileddescription>
        <inbodydescription>
        </inbodydescription>
        <location file="obj/x64_linux_gcc_32_opt/idasdk/diff3.hpp" line="342" column="13" bodyfile="obj/x64_linux_gcc_32_opt/idasdk/diff3.hpp" bodystart="342" bodyend="-1"/>
      </memberdef>
      <memberdef kind="variable" id="classdiff2__engine__t_1aa0b19002b8aff20651f084f6d73c3fcf" prot="private" static="no" mutable="no">
        <type>diffpos_t</type>
        <definition>diffpos_t diff2_engine_t::pos2</definition>
        <argsstring></argsstring>
        <name>pos2</name>
        <qualifiedname>diff2_engine_t::pos2</qualifiedname>
        <briefdescription>
        </briefdescription>
        <detaileddescription>
        </detaileddescription>
        <inbodydescription>
        </inbodydescription>
        <location file="obj/x64_linux_gcc_32_opt/idasdk/diff3.hpp" line="343" column="13" bodyfile="obj/x64_linux_gcc_32_opt/idasdk/diff3.hpp" bodystart="343" bodyend="-1"/>
      </memberdef>
      </sectiondef>
      <sectiondef kind="private-func">
      <memberdef kind="function" id="classdiff2__engine__t_1ad87b352b3f93394c4278b6170b712890" prot="private" static="no" const="no" explicit="no" inline="no" virt="non-virtual">
        <type><ref refid="diff3_8hpp_1aff1be5fe5e8f6350f6fd93a48393e7e2" kindref="member">diff_degree_t</ref></type>
        <definition>diff_degree_t diff2_engine_t::calc_diff_degree</definition>
        <argsstring>(diff_degree_t cur_degree)</argsstring>
        <name>calc_diff_degree</name>
        <qualifiedname>diff2_engine_t::calc_diff_degree</qualifiedname>
        <param>
          <type><ref refid="diff3_8hpp_1aff1be5fe5e8f6350f6fd93a48393e7e2" kindref="member">diff_degree_t</ref></type>
          <declname>cur_degree</declname>
        </param>
        <briefdescription>
        </briefdescription>
        <detaileddescription>
        </detaileddescription>
        <inbodydescription>
        </inbodydescription>
        <location file="obj/x64_linux_gcc_32_opt/idasdk/diff3.hpp" line="344" column="17"/>
      </memberdef>
      </sectiondef>
      <sectiondef kind="public-func">
      <memberdef kind="function" id="classdiff2__engine__t_1a89c08774d86b81a11a5eed8fa314f58b" prot="public" static="no" const="no" explicit="no" inline="yes" virt="non-virtual">
        <type></type>
        <definition>diff2_engine_t::diff2_engine_t</definition>
        <argsstring>(diff_source_t *_src1, diff_source_t *_src2)</argsstring>
        <name>diff2_engine_t</name>
        <qualifiedname>diff2_engine_t::diff2_engine_t</qualifiedname>
        <param>
          <type><ref refid="classdiff__source__t" kindref="compound">diff_source_t</ref> *</type>
          <declname>_src1</declname>
        </param>
        <param>
          <type><ref refid="classdiff__source__t" kindref="compound">diff_source_t</ref> *</type>
          <declname>_src2</declname>
        </param>
        <briefdescription>
        </briefdescription>
        <detaileddescription>
        </detaileddescription>
        <inbodydescription>
        </inbodydescription>
        <location file="obj/x64_linux_gcc_32_opt/idasdk/diff3.hpp" line="346" column="3" bodyfile="obj/x64_linux_gcc_32_opt/idasdk/diff3.hpp" bodystart="346" bodyend="350"/>
      </memberdef>
      <memberdef kind="function" id="classdiff2__engine__t_1a264cb50d99a66eee62ebcb02738d29d4" prot="public" static="no" const="no" explicit="no" inline="no" virt="non-virtual">
        <type>void</type>
        <definition>void diff2_engine_t::reset</definition>
        <argsstring>()</argsstring>
        <name>reset</name>
        <qualifiedname>diff2_engine_t::reset</qualifiedname>
        <briefdescription>
        </briefdescription>
        <detaileddescription>
        </detaileddescription>
        <inbodydescription>
        </inbodydescription>
        <location file="obj/x64_linux_gcc_32_opt/idasdk/diff3.hpp" line="351" column="8"/>
      </memberdef>
      <memberdef kind="function" id="classdiff2__engine__t_1a33c803772f7e99cb55fdca7def0ac820" prot="public" static="no" const="no" explicit="no" inline="no" virt="virtual">
        <type>bool</type>
        <definition>virtual bool diff2_engine_t::get_diff_regions</definition>
        <argsstring>(diff_regions_t *out) override</argsstring>
        <name>get_diff_regions</name>
        <qualifiedname>diff2_engine_t::get_diff_regions</qualifiedname>
        <reimplements refid="classdiff__engine__t_1ab75152f13a8edb4b9fe447e5963b09ff">get_diff_regions</reimplements>
        <reimplementedby refid="classdiff3__engine__t_1a753595d25a3b24700d8319d0b5a316ed">get_diff_regions</reimplementedby>
        <param>
          <type><ref refid="classqvector" kindref="compound">diff_regions_t</ref> *</type>
          <declname>out</declname>
        </param>
        <briefdescription>
        </briefdescription>
        <detaileddescription>
        </detaileddescription>
        <inbodydescription>
        </inbodydescription>
        <location file="obj/x64_linux_gcc_32_opt/idasdk/diff3.hpp" line="352" column="16"/>
      </memberdef>
      <memberdef kind="function" id="classdiff2__engine__t_1a943127307b86bc6e7af0571ad0d7b2e4" prot="public" static="no" const="no" explicit="no" inline="no" virt="non-virtual">
        <type>bool</type>
        <definition>bool diff2_engine_t::get_diff_region</definition>
        <argsstring>(diff_region_t *out)</argsstring>
        <name>get_diff_region</name>
        <qualifiedname>diff2_engine_t::get_diff_region</qualifiedname>
        <param>
          <type><ref refid="structdiff__region__t" kindref="compound">diff_region_t</ref> *</type>
          <declname>out</declname>
        </param>
        <briefdescription>
        </briefdescription>
        <detaileddescription>
        </detaileddescription>
        <inbodydescription>
        </inbodydescription>
        <location file="obj/x64_linux_gcc_32_opt/idasdk/diff3.hpp" line="353" column="8"/>
      </memberdef>
      </sectiondef>
    <briefdescription>
    </briefdescription>
    <detaileddescription>
<para>A 2-way difference engine. It compares 2 difference sources. The result is symmetric wrt to src1 and src2. diff_region_t::action is not provided by this engine. </para>
    </detaileddescription>
    <inheritancegraph>
      <node id="1">
        <label>diff2_engine_t</label>
        <link refid="classdiff2__engine__t"/>
        <childnode refid="2" relation="public-inheritance">
        </childnode>
      </node>
      <node id="3">
        <label>diff3_engine_t</label>
        <link refid="classdiff3__engine__t"/>
        <childnode refid="1" relation="public-inheritance">
        </childnode>
      </node>
      <node id="2">
        <label>diff_engine_t</label>
        <link refid="classdiff__engine__t"/>
      </node>
    </inheritancegraph>
    <collaborationgraph>
      <node id="1">
        <label>diff2_engine_t</label>
        <link refid="classdiff2__engine__t"/>
        <childnode refid="2" relation="public-inheritance">
        </childnode>
      </node>
      <node id="2">
        <label>diff_engine_t</label>
        <link refid="classdiff__engine__t"/>
        <childnode refid="3" relation="usage">
          <edgelabel>src1</edgelabel>
          <edgelabel>src2</edgelabel>
        </childnode>
      </node>
      <node id="4">
        <label>diff_range_t</label>
        <link refid="structdiff__range__t"/>
      </node>
      <node id="3">
        <label>diff_source_t</label>
        <link refid="classdiff__source__t"/>
        <childnode refid="4" relation="usage">
          <edgelabel>range</edgelabel>
        </childnode>
      </node>
    </collaborationgraph>
    <location file="obj/x64_linux_gcc_32_opt/idasdk/diff3.hpp" line="337" column="1" bodyfile="obj/x64_linux_gcc_32_opt/idasdk/diff3.hpp" bodystart="338" bodyend="354"/>
    <listofallmembers>
      <member refid="classdiff2__engine__t_1ad87b352b3f93394c4278b6170b712890" prot="private" virt="non-virtual"><scope>diff2_engine_t</scope><name>calc_diff_degree</name></member>
      <member refid="classdiff2__engine__t_1a89c08774d86b81a11a5eed8fa314f58b" prot="public" virt="non-virtual"><scope>diff2_engine_t</scope><name>diff2_engine_t</name></member>
      <member refid="classdiff__engine__t_1ab5aa1047db348344ee3ea32afd580f4d" prot="public" virt="non-virtual"><scope>diff2_engine_t</scope><name>diff_engine_t</name></member>
      <member refid="classdiff2__engine__t_1a943127307b86bc6e7af0571ad0d7b2e4" prot="public" virt="non-virtual"><scope>diff2_engine_t</scope><name>get_diff_region</name></member>
      <member refid="classdiff2__engine__t_1a33c803772f7e99cb55fdca7def0ac820" prot="public" virt="virtual"><scope>diff2_engine_t</scope><name>get_diff_regions</name></member>
      <member refid="classdiff__engine__t_1afc11a5b258961af6633e5015643e91d1" prot="public" virt="non-virtual"><scope>diff2_engine_t</scope><name>perform_diff</name></member>
      <member refid="classdiff2__engine__t_1a913e608002676d1d625be9f304a2fcd4" prot="private" virt="non-virtual"><scope>diff2_engine_t</scope><name>pos1</name></member>
      <member refid="classdiff2__engine__t_1aa0b19002b8aff20651f084f6d73c3fcf" prot="private" virt="non-virtual"><scope>diff2_engine_t</scope><name>pos2</name></member>
      <member refid="classdiff2__engine__t_1a264cb50d99a66eee62ebcb02738d29d4" prot="public" virt="non-virtual"><scope>diff2_engine_t</scope><name>reset</name></member>
      <member refid="classdiff__engine__t_1a5421632c769683ede27c1a634da54693" prot="protected" virt="non-virtual"><scope>diff2_engine_t</scope><name>src1</name></member>
      <member refid="classdiff__engine__t_1a7fc6eeeaf49dbfccdb1d27b48ce2b25e" prot="protected" virt="non-virtual"><scope>diff2_engine_t</scope><name>src2</name></member>
    </listofallmembers>
  </compounddef>
</doxygen>
