<?xml version='1.0' encoding='UTF-8' standalone='no'?>
<doxygen xmlns:xsi="http://www.w3.org/2001/XMLSchema-instance" xsi:noNamespaceSchemaLocation="compound.xsd" version="1.8.12">
  <compounddef id="classui__requests__t" kind="class" language="C++" prot="public">
    <compoundname>ui_requests_t</compoundname>
    <basecompoundref prot="public" virt="non-virtual">qlist&lt; ui_request_t *&gt;</basecompoundref>
    <includes refid="kernwin_8hpp" local="no">kernwin.hpp</includes>
      <sectiondef kind="public-func">
      <memberdef kind="function" id="classui__requests__t_1ae8bc516d219b975e5f7571e94c613454" prot="public" static="no" const="no" explicit="no" inline="yes" virt="non-virtual">
        <type></type>
        <definition>ui_requests_t::ui_requests_t</definition>
        <argsstring>()</argsstring>
        <name>ui_requests_t</name>
        <briefdescription>
<para>Constructor. </para>        </briefdescription>
        <detaileddescription>
        </detaileddescription>
        <inbodydescription>
        </inbodydescription>
        <location file="/home/aundro/idasrc/695/include/kernwin.hpp" line="3157" column="1" bodyfile="/home/aundro/idasrc/695/include/kernwin.hpp" bodystart="3157" bodyend="-1"/>
      </memberdef>
      <memberdef kind="function" id="classui__requests__t_1a54696af151481ab4680d6673371500c4" prot="public" static="no" const="no" explicit="no" inline="yes" virt="non-virtual">
        <type></type>
        <definition>ui_requests_t::~ui_requests_t</definition>
        <argsstring>()</argsstring>
        <name>~ui_requests_t</name>
        <briefdescription>
        </briefdescription>
        <detaileddescription>
        </detaileddescription>
        <inbodydescription>
        </inbodydescription>
        <location file="/home/aundro/idasrc/695/include/kernwin.hpp" line="3158" column="1" bodyfile="/home/aundro/idasrc/695/include/kernwin.hpp" bodystart="3158" bodyend="3162"/>
      </memberdef>
      </sectiondef>
    <briefdescription>
    </briefdescription>
    <detaileddescription>
<para>List of UI requests. The <ref refid="classui__request__t" kindref="compound">ui_request_t</ref> is allocated by the caller but its ownership is transferred to the <ref refid="kernwin_8hpp_1a73b4671b6281e8977229090fa9bfa2d6" kindref="member">execute_ui_requests()</ref>. The <ref refid="classui__request__t" kindref="compound">ui_request_t</ref> instance will be deleted as soon as it is executed and was not rescheduled for another run. </para>    </detaileddescription>
    <inheritancegraph>
      <node id="131">
        <label>qlist&lt; ui_request_t * &gt;</label>
      </node>
      <node id="130">
        <label>ui_requests_t</label>
        <link refid="classui__requests__t"/>
        <childnode refid="131" relation="public-inheritance">
        </childnode>
      </node>
    </inheritancegraph>
    <collaborationgraph>
      <node id="133">
        <label>qlist&lt; ui_request_t * &gt;</label>
      </node>
      <node id="132">
        <label>ui_requests_t</label>
        <link refid="classui__requests__t"/>
        <childnode refid="133" relation="public-inheritance">
        </childnode>
      </node>
    </collaborationgraph>
    <location file="/home/aundro/idasrc/695/include/kernwin.hpp" line="3154" column="1" bodyfile="/home/aundro/idasrc/695/include/kernwin.hpp" bodystart="3153" bodyend="3163"/>
    <listofallmembers>
      <member refid="classui__requests__t_1ae8bc516d219b975e5f7571e94c613454" prot="public" virt="non-virtual"><scope>ui_requests_t</scope><name>ui_requests_t</name></member>
      <member refid="classui__requests__t_1a54696af151481ab4680d6673371500c4" prot="public" virt="non-virtual"><scope>ui_requests_t</scope><name>~ui_requests_t</name></member>
    </listofallmembers>
  </compounddef>
</doxygen>
