<?xml version='1.0' encoding='UTF-8' standalone='no'?>
<doxygen xmlns:xsi="http://www.w3.org/2001/XMLSchema-instance" xsi:noNamespaceSchemaLocation="compound.xsd" version="1.8.12">
  <compounddef id="classmcallarg__t" kind="class" language="C++" prot="public">
    <compoundname>mcallarg_t</compoundname>
    <basecompoundref refid="classmop__t" prot="public" virt="non-virtual">mop_t</basecompoundref>
    <includes refid="hexrays_8hpp" local="no">hexrays.hpp</includes>
      <sectiondef kind="public-attrib">
      <memberdef kind="variable" id="classmcallarg__t_1aa8c53aac8350d83b76c9258a4bd98a99" prot="public" static="no" mutable="no">
        <type>ea_t</type>
        <definition>ea_t mcallarg_t::ea</definition>
        <argsstring></argsstring>
        <name>ea</name>
        <briefdescription>
        </briefdescription>
        <detaileddescription>
<para>address where the argument was initialized. BADADDR means unknown. </para>        </detaileddescription>
        <inbodydescription>
        </inbodydescription>
        <location file="obj/x64_linux_gcc_32_opt/idasdk/hexrays.hpp" line="2826" column="1" bodyfile="obj/x64_linux_gcc_32_opt/idasdk/hexrays.hpp" bodystart="2826" bodyend="-1"/>
      </memberdef>
      <memberdef kind="variable" id="classmcallarg__t_1a604cc755515276ac8be64f897e8f8416" prot="public" static="no" mutable="no">
        <type><ref refid="classtinfo__t" kindref="compound">tinfo_t</ref></type>
        <definition>tinfo_t mcallarg_t::type</definition>
        <argsstring></argsstring>
        <name>type</name>
        <briefdescription>
<para>formal argument type </para>        </briefdescription>
        <detaileddescription>
        </detaileddescription>
        <inbodydescription>
        </inbodydescription>
        <location file="obj/x64_linux_gcc_32_opt/idasdk/hexrays.hpp" line="2828" column="1" bodyfile="obj/x64_linux_gcc_32_opt/idasdk/hexrays.hpp" bodystart="2828" bodyend="-1"/>
      </memberdef>
      <memberdef kind="variable" id="classmcallarg__t_1aec5e458902ff3cbb00d0115e36c48a05" prot="public" static="no" mutable="no">
        <type><ref refid="pro_8h_1a386c10c6aa4340f1d63df85f40454fce" kindref="member">qstring</ref></type>
        <definition>qstring mcallarg_t::name</definition>
        <argsstring></argsstring>
        <name>name</name>
        <briefdescription>
<para>formal argument name </para>        </briefdescription>
        <detaileddescription>
        </detaileddescription>
        <inbodydescription>
        </inbodydescription>
        <location file="obj/x64_linux_gcc_32_opt/idasdk/hexrays.hpp" line="2829" column="1" bodyfile="obj/x64_linux_gcc_32_opt/idasdk/hexrays.hpp" bodystart="2829" bodyend="-1"/>
      </memberdef>
      <memberdef kind="variable" id="classmcallarg__t_1a877206466042718e12732bd844a2ea9a" prot="public" static="no" mutable="no">
        <type><ref refid="classargloc__t" kindref="compound">argloc_t</ref></type>
        <definition>argloc_t mcallarg_t::argloc</definition>
        <argsstring></argsstring>
        <name>argloc</name>
        <briefdescription>
<para>ida argloc </para>        </briefdescription>
        <detaileddescription>
        </detaileddescription>
        <inbodydescription>
        </inbodydescription>
        <location file="obj/x64_linux_gcc_32_opt/idasdk/hexrays.hpp" line="2830" column="1" bodyfile="obj/x64_linux_gcc_32_opt/idasdk/hexrays.hpp" bodystart="2830" bodyend="-1"/>
      </memberdef>
      </sectiondef>
      <sectiondef kind="public-func">
      <memberdef kind="function" id="classmcallarg__t_1a12cb15c0d3a6a0424643f2b6b0226948" prot="public" static="no" const="no" explicit="no" inline="yes" virt="non-virtual">
        <type></type>
        <definition>mcallarg_t::mcallarg_t</definition>
        <argsstring>(void)</argsstring>
        <name>mcallarg_t</name>
        <param>
          <type>void</type>
        </param>
        <briefdescription>
        </briefdescription>
        <detaileddescription>
        </detaileddescription>
        <inbodydescription>
        </inbodydescription>
        <location file="obj/x64_linux_gcc_32_opt/idasdk/hexrays.hpp" line="2832" column="1" bodyfile="obj/x64_linux_gcc_32_opt/idasdk/hexrays.hpp" bodystart="2832" bodyend="2832"/>
      </memberdef>
      <memberdef kind="function" id="classmcallarg__t_1af6dd00ba4e09033f8bc2b7339205d411" prot="public" static="no" const="no" explicit="no" inline="yes" virt="non-virtual">
        <type></type>
        <definition>mcallarg_t::mcallarg_t</definition>
        <argsstring>(const mop_t &amp;rarg)</argsstring>
        <name>mcallarg_t</name>
        <param>
          <type>const <ref refid="classmop__t" kindref="compound">mop_t</ref> &amp;</type>
          <declname>rarg</declname>
        </param>
        <briefdescription>
        </briefdescription>
        <detaileddescription>
        </detaileddescription>
        <inbodydescription>
        </inbodydescription>
        <location file="obj/x64_linux_gcc_32_opt/idasdk/hexrays.hpp" line="2833" column="1" bodyfile="obj/x64_linux_gcc_32_opt/idasdk/hexrays.hpp" bodystart="2833" bodyend="2833"/>
      </memberdef>
      <memberdef kind="function" id="classmcallarg__t_1a386fc93251f66f8bb33d007a201f0984" prot="public" static="no" const="no" explicit="no" inline="yes" virt="non-virtual">
        <type>void</type>
        <definition>void mcallarg_t::copy_mop</definition>
        <argsstring>(const mop_t &amp;op)</argsstring>
        <name>copy_mop</name>
        <param>
          <type>const <ref refid="classmop__t" kindref="compound">mop_t</ref> &amp;</type>
          <declname>op</declname>
        </param>
        <briefdescription>
        </briefdescription>
        <detaileddescription>
        </detaileddescription>
        <inbodydescription>
        </inbodydescription>
        <location file="obj/x64_linux_gcc_32_opt/idasdk/hexrays.hpp" line="2834" column="1" bodyfile="obj/x64_linux_gcc_32_opt/idasdk/hexrays.hpp" bodystart="2834" bodyend="2834"/>
      </memberdef>
      <memberdef kind="function" id="classmcallarg__t_1aa3ae950747e3c4bdd75c47b0975393f1" prot="public" static="no" const="yes" explicit="no" inline="yes" virt="non-virtual">
        <type>void hexapi</type>
        <definition>void mcallarg_t::print</definition>
        <argsstring>(qstring *vout, int shins_flags=SHINS_SHORT|SHINS_VALNUM) const</argsstring>
        <name>print</name>
        <param>
          <type><ref refid="pro_8h_1a386c10c6aa4340f1d63df85f40454fce" kindref="member">qstring</ref> *</type>
          <declname>vout</declname>
        </param>
        <param>
          <type>int</type>
          <declname>shins_flags</declname>
          <defval><ref refid="group___s_h_i_n_s___1gaceb2cb41ad1c22fcbe9d6d3caff51193" kindref="member">SHINS_SHORT</ref>|<ref refid="group___s_h_i_n_s___1ga699be2c17dc5ee9b5a55edb8851d6825" kindref="member">SHINS_VALNUM</ref></defval>
        </param>
        <briefdescription>
        </briefdescription>
        <detaileddescription>
        </detaileddescription>
        <inbodydescription>
        </inbodydescription>
        <location file="obj/x64_linux_gcc_32_opt/idasdk/hexrays.hpp" line="2835" column="1" bodyfile="obj/x64_linux_gcc_32_opt/idasdk/hexrays.hpp" bodystart="9977" bodyend="9980"/>
      </memberdef>
      <memberdef kind="function" id="classmcallarg__t_1a81f7b8ff33fcc864926c75428d39d5ff" prot="public" static="no" const="yes" explicit="no" inline="yes" virt="non-virtual">
        <type>const char *hexapi</type>
        <definition>const char * mcallarg_t::dstr</definition>
        <argsstring>(void) const</argsstring>
        <name>dstr</name>
        <param>
          <type>void</type>
        </param>
        <briefdescription>
        </briefdescription>
        <detaileddescription>
        </detaileddescription>
        <inbodydescription>
        </inbodydescription>
        <location file="obj/x64_linux_gcc_32_opt/idasdk/hexrays.hpp" line="2836" column="1" bodyfile="obj/x64_linux_gcc_32_opt/idasdk/hexrays.hpp" bodystart="9983" bodyend="9986"/>
      </memberdef>
      <memberdef kind="function" id="classmcallarg__t_1a54a542cdb30307a7479546172a4452d8" prot="public" static="no" const="no" explicit="no" inline="yes" virt="non-virtual">
        <type>void hexapi</type>
        <definition>void mcallarg_t::set_regarg</definition>
        <argsstring>(mreg_t mr, int sz, const tinfo_t &amp;tif)</argsstring>
        <name>set_regarg</name>
        <param>
          <type>mreg_t</type>
          <declname>mr</declname>
        </param>
        <param>
          <type>int</type>
          <declname>sz</declname>
        </param>
        <param>
          <type>const <ref refid="classtinfo__t" kindref="compound">tinfo_t</ref> &amp;</type>
          <declname>tif</declname>
        </param>
        <briefdescription>
        </briefdescription>
        <detaileddescription>
        </detaileddescription>
        <inbodydescription>
        </inbodydescription>
        <location file="obj/x64_linux_gcc_32_opt/idasdk/hexrays.hpp" line="2837" column="1" bodyfile="obj/x64_linux_gcc_32_opt/idasdk/hexrays.hpp" bodystart="9989" bodyend="9992"/>
      </memberdef>
      <memberdef kind="function" id="classmcallarg__t_1a4ffc48c2c1cd28de5a1fe32dffd099c5" prot="public" static="no" const="no" explicit="no" inline="yes" virt="non-virtual">
        <type>void</type>
        <definition>void mcallarg_t::set_regarg</definition>
        <argsstring>(mreg_t mr, const tinfo_t &amp;tif)</argsstring>
        <name>set_regarg</name>
        <param>
          <type>mreg_t</type>
          <declname>mr</declname>
        </param>
        <param>
          <type>const <ref refid="classtinfo__t" kindref="compound">tinfo_t</ref> &amp;</type>
          <declname>tif</declname>
        </param>
        <briefdescription>
        </briefdescription>
        <detaileddescription>
        </detaileddescription>
        <inbodydescription>
        </inbodydescription>
        <location file="obj/x64_linux_gcc_32_opt/idasdk/hexrays.hpp" line="2838" column="1" bodyfile="obj/x64_linux_gcc_32_opt/idasdk/hexrays.hpp" bodystart="2838" bodyend="2841"/>
      </memberdef>
      <memberdef kind="function" id="classmcallarg__t_1a06b413a8527168127baa6e96abbea5c1" prot="public" static="no" const="no" explicit="no" inline="yes" virt="non-virtual">
        <type>void</type>
        <definition>void mcallarg_t::set_regarg</definition>
        <argsstring>(mreg_t mr, char dt, type_sign_t sign=type_unsigned)</argsstring>
        <name>set_regarg</name>
        <param>
          <type>mreg_t</type>
          <declname>mr</declname>
        </param>
        <param>
          <type>char</type>
          <declname>dt</declname>
        </param>
        <param>
          <type><ref refid="group__tattr__ext_1ga91970b0d779fe968b3b22572526048a0" kindref="member">type_sign_t</ref></type>
          <declname>sign</declname>
          <defval><ref refid="group__tattr__ext_1ga1de8496252de025e429aec933c9c8aa3" kindref="member">type_unsigned</ref></defval>
        </param>
        <briefdescription>
        </briefdescription>
        <detaileddescription>
        </detaileddescription>
        <inbodydescription>
        </inbodydescription>
        <location file="obj/x64_linux_gcc_32_opt/idasdk/hexrays.hpp" line="2842" column="1" bodyfile="obj/x64_linux_gcc_32_opt/idasdk/hexrays.hpp" bodystart="2842" bodyend="2846"/>
      </memberdef>
      <memberdef kind="function" id="classmcallarg__t_1ab3dfd6dbee95c10be879c870532034e1" prot="public" static="no" const="no" explicit="no" inline="yes" virt="non-virtual">
        <type>void</type>
        <definition>void mcallarg_t::make_int</definition>
        <argsstring>(int val, ea_t val_ea, int opno=0)</argsstring>
        <name>make_int</name>
        <param>
          <type>int</type>
          <declname>val</declname>
        </param>
        <param>
          <type>ea_t</type>
          <declname>val_ea</declname>
        </param>
        <param>
          <type>int</type>
          <declname>opno</declname>
          <defval>0</defval>
        </param>
        <briefdescription>
        </briefdescription>
        <detaileddescription>
        </detaileddescription>
        <inbodydescription>
        </inbodydescription>
        <location file="obj/x64_linux_gcc_32_opt/idasdk/hexrays.hpp" line="2847" column="1" bodyfile="obj/x64_linux_gcc_32_opt/idasdk/hexrays.hpp" bodystart="2847" bodyend="2851"/>
      </memberdef>
      <memberdef kind="function" id="classmcallarg__t_1a2490e47c8eb79d076352dda5c24b0847" prot="public" static="no" const="no" explicit="no" inline="yes" virt="non-virtual">
        <type>void</type>
        <definition>void mcallarg_t::make_uint</definition>
        <argsstring>(int val, ea_t val_ea, int opno=0)</argsstring>
        <name>make_uint</name>
        <param>
          <type>int</type>
          <declname>val</declname>
        </param>
        <param>
          <type>ea_t</type>
          <declname>val_ea</declname>
        </param>
        <param>
          <type>int</type>
          <declname>opno</declname>
          <defval>0</defval>
        </param>
        <briefdescription>
        </briefdescription>
        <detaileddescription>
        </detaileddescription>
        <inbodydescription>
        </inbodydescription>
        <location file="obj/x64_linux_gcc_32_opt/idasdk/hexrays.hpp" line="2852" column="1" bodyfile="obj/x64_linux_gcc_32_opt/idasdk/hexrays.hpp" bodystart="2852" bodyend="2856"/>
      </memberdef>
      </sectiondef>
    <briefdescription>
<para>A call argument. </para>    </briefdescription>
    <detaileddescription>
    </detaileddescription>
    <inheritancegraph>
      <node id="2184">
        <label>mop_t</label>
        <link refid="classmop__t"/>
      </node>
      <node id="2183">
        <label>mcallarg_t</label>
        <link refid="classmcallarg__t"/>
        <childnode refid="2184" relation="public-inheritance">
        </childnode>
      </node>
    </inheritancegraph>
    <collaborationgraph>
      <node id="2209">
        <label>ivl_tpl&lt; uval_t &gt;</label>
        <link refid="structivl__tpl"/>
      </node>
      <node id="2202">
        <label>bitset_t</label>
        <link refid="classbitset__t"/>
      </node>
      <node id="2200">
        <label>mlist_t</label>
        <link refid="structmlist__t"/>
        <childnode refid="2197" relation="usage">
          <edgelabel>mem</edgelabel>
        </childnode>
        <childnode refid="2201" relation="usage">
          <edgelabel>reg</edgelabel>
        </childnode>
      </node>
      <node id="2207">
        <label>ivl_with_name_t</label>
        <link refid="structivl__with__name__t"/>
        <childnode refid="2208" relation="usage">
          <edgelabel>ivl</edgelabel>
        </childnode>
      </node>
      <node id="2210">
        <label>tinfo_t</label>
        <link refid="classtinfo__t"/>
      </node>
      <node id="2223">
        <label>mop_addr_t</label>
        <link refid="classmop__addr__t"/>
        <childnode refid="2186" relation="public-inheritance">
        </childnode>
      </node>
      <node id="2220">
        <label>netnode</label>
        <link refid="classnetnode"/>
      </node>
      <node id="2227">
        <label>qvector&lt; mop_t &gt;</label>
        <link refid="classqvector"/>
      </node>
      <node id="2197">
        <label>ivlset_t</label>
        <link refid="structivlset__t"/>
        <childnode refid="2198" relation="public-inheritance">
        </childnode>
      </node>
      <node id="2205">
        <label>mblock_t</label>
        <link refid="classmblock__t"/>
        <childnode refid="2193" relation="usage">
          <edgelabel>mba</edgelabel>
        </childnode>
        <childnode refid="2200" relation="usage">
          <edgelabel>maybuse</edgelabel>
          <edgelabel>dnu</edgelabel>
          <edgelabel>maybdef</edgelabel>
          <edgelabel>mustbuse</edgelabel>
          <edgelabel>mustbdef</edgelabel>
          <edgelabel>dead_at_start</edgelabel>
        </childnode>
        <childnode refid="2203" relation="usage">
          <edgelabel>succset</edgelabel>
          <edgelabel>predset</edgelabel>
        </childnode>
        <childnode refid="2206" relation="usage">
          <edgelabel>head</edgelabel>
          <edgelabel>tail</edgelabel>
        </childnode>
        <childnode refid="2205" relation="usage">
          <edgelabel>nextb</edgelabel>
          <edgelabel>prevb</edgelabel>
        </childnode>
      </node>
      <node id="2219">
        <label>rangevec_base_t</label>
        <link refid="classqvector"/>
      </node>
      <node id="2230">
        <label>operand_locator_t</label>
        <link refid="structoperand__locator__t"/>
      </node>
      <node id="2199">
        <label>qvector&lt; ivl_t &gt;</label>
        <link refid="classqvector"/>
      </node>
      <node id="2231">
        <label>mcases_t</label>
        <link refid="classmcases__t"/>
        <childnode refid="2203" relation="usage">
          <edgelabel>targets</edgelabel>
        </childnode>
      </node>
      <node id="2226">
        <label>qvector&lt; mcallarg_t &gt;</label>
        <link refid="classqvector"/>
      </node>
      <node id="2212">
        <label>func_t</label>
        <link refid="classfunc__t"/>
        <childnode refid="2213" relation="public-inheritance">
        </childnode>
        <childnode refid="2214" relation="usage">
          <edgelabel>regargs</edgelabel>
        </childnode>
        <childnode refid="2215" relation="usage">
          <edgelabel>points</edgelabel>
        </childnode>
        <childnode refid="2213" relation="usage">
          <edgelabel>tails</edgelabel>
        </childnode>
        <childnode refid="2216" relation="usage">
          <edgelabel>regvars</edgelabel>
        </childnode>
        <childnode refid="2217" relation="usage">
          <edgelabel>llabels</edgelabel>
        </childnode>
      </node>
      <node id="2186">
        <label>mop_t</label>
        <link refid="classmop__t"/>
        <childnode refid="2187" relation="usage">
          <edgelabel>scif</edgelabel>
        </childnode>
        <childnode refid="2222" relation="usage">
          <edgelabel>fpc</edgelabel>
        </childnode>
        <childnode refid="2223" relation="usage">
          <edgelabel>a</edgelabel>
        </childnode>
        <childnode refid="2224" relation="usage">
          <edgelabel>pair</edgelabel>
        </childnode>
        <childnode refid="2225" relation="usage">
          <edgelabel>f</edgelabel>
        </childnode>
        <childnode refid="2206" relation="usage">
          <edgelabel>d</edgelabel>
        </childnode>
        <childnode refid="2228" relation="usage">
          <edgelabel>l</edgelabel>
        </childnode>
        <childnode refid="2229" relation="usage">
          <edgelabel>nnn</edgelabel>
        </childnode>
        <childnode refid="2231" relation="usage">
          <edgelabel>c</edgelabel>
        </childnode>
        <childnode refid="2232" relation="usage">
          <edgelabel>s</edgelabel>
        </childnode>
      </node>
      <node id="2224">
        <label>mop_pair_t</label>
        <link refid="classmop__pair__t"/>
        <childnode refid="2186" relation="usage">
          <edgelabel>hop</edgelabel>
          <edgelabel>lop</edgelabel>
        </childnode>
      </node>
      <node id="2214">
        <label>regarg_t</label>
        <link refid="structregarg__t"/>
      </node>
      <node id="2222">
        <label>fnumber_t</label>
        <link refid="structfnumber__t"/>
      </node>
      <node id="2193">
        <label>mbl_array_t</label>
        <link refid="classmbl__array__t"/>
        <childnode refid="2194" relation="usage">
          <edgelabel>vars</edgelabel>
        </childnode>
        <childnode refid="2196" relation="usage">
          <edgelabel>label</edgelabel>
          <edgelabel>error_strarg</edgelabel>
        </childnode>
        <childnode refid="2197" relation="usage">
          <edgelabel>gotoff_stkvars</edgelabel>
          <edgelabel>restricted_memory</edgelabel>
          <edgelabel>aliased_memory</edgelabel>
        </childnode>
        <childnode refid="2200" relation="usage">
          <edgelabel>spoiled_list</edgelabel>
          <edgelabel>nodel_memory</edgelabel>
        </childnode>
        <childnode refid="2203" relation="usage">
          <edgelabel>argidx</edgelabel>
        </childnode>
        <childnode refid="2204" relation="usage">
          <edgelabel>idb_spoiled</edgelabel>
        </childnode>
        <childnode refid="2205" relation="usage">
          <edgelabel>blocks</edgelabel>
          <edgelabel>natural</edgelabel>
        </childnode>
        <childnode refid="2201" relation="usage">
          <edgelabel>consumed_argregs</edgelabel>
        </childnode>
        <childnode refid="2207" relation="usage">
          <edgelabel>std_ivls</edgelabel>
        </childnode>
        <childnode refid="2210" relation="usage">
          <edgelabel>idb_type</edgelabel>
        </childnode>
        <childnode refid="2211" relation="usage">
          <edgelabel>mbr</edgelabel>
        </childnode>
        <childnode refid="2220" relation="usage">
          <edgelabel>idb_node</edgelabel>
        </childnode>
        <childnode refid="2221" relation="usage">
          <edgelabel>notes</edgelabel>
        </childnode>
        <childnode refid="2208" relation="usage">
          <edgelabel>aliased_args</edgelabel>
          <edgelabel>aliased_vars</edgelabel>
        </childnode>
      </node>
      <node id="2225">
        <label>mcallinfo_t</label>
        <link refid="classmcallinfo__t"/>
        <childnode refid="2197" relation="usage">
          <edgelabel>visible_memory</edgelabel>
        </childnode>
        <childnode refid="2200" relation="usage">
          <edgelabel>pass_regs</edgelabel>
          <edgelabel>spoiled</edgelabel>
          <edgelabel>dead_regs</edgelabel>
          <edgelabel>return_regs</edgelabel>
        </childnode>
        <childnode refid="2226" relation="usage">
          <edgelabel>args</edgelabel>
        </childnode>
        <childnode refid="2210" relation="usage">
          <edgelabel>return_type</edgelabel>
        </childnode>
        <childnode refid="2227" relation="usage">
          <edgelabel>retregs</edgelabel>
        </childnode>
        <childnode refid="2189" relation="usage">
          <edgelabel>return_argloc</edgelabel>
        </childnode>
      </node>
      <node id="2211">
        <label>mba_ranges_t</label>
        <link refid="structmba__ranges__t"/>
        <childnode refid="2212" relation="usage">
          <edgelabel>pfn</edgelabel>
        </childnode>
        <childnode refid="2218" relation="usage">
          <edgelabel>ranges</edgelabel>
        </childnode>
      </node>
      <node id="2198">
        <label>ivlset_tpl&lt; ivl_t, uval_t &gt;</label>
        <link refid="classivlset__tpl"/>
        <childnode refid="2199" relation="usage">
          <edgelabel>bag</edgelabel>
        </childnode>
      </node>
      <node id="2187">
        <label>scif_t</label>
        <link refid="structscif__t"/>
        <childnode refid="2188" relation="public-inheritance">
        </childnode>
        <childnode refid="2193" relation="usage">
          <edgelabel>mba</edgelabel>
        </childnode>
        <childnode refid="2196" relation="usage">
          <edgelabel>name</edgelabel>
        </childnode>
        <childnode refid="2210" relation="usage">
          <edgelabel>type</edgelabel>
        </childnode>
      </node>
      <node id="2203">
        <label>qvector&lt; int &gt;</label>
        <link refid="classqvector"/>
      </node>
      <node id="2215">
        <label>stkpnt_t</label>
        <link refid="structstkpnt__t"/>
      </node>
      <node id="2196">
        <label>_qstring&lt; char &gt;</label>
        <link refid="class__qstring"/>
      </node>
      <node id="2206">
        <label>minsn_t</label>
        <link refid="classminsn__t"/>
        <childnode refid="2206" relation="usage">
          <edgelabel>prev</edgelabel>
          <edgelabel>next</edgelabel>
        </childnode>
        <childnode refid="2186" relation="usage">
          <edgelabel>l</edgelabel>
          <edgelabel>r</edgelabel>
          <edgelabel>d</edgelabel>
        </childnode>
      </node>
      <node id="2190">
        <label>scattered_aloc_t</label>
        <link refid="classscattered__aloc__t"/>
        <childnode refid="2191" relation="public-inheritance">
        </childnode>
      </node>
      <node id="2191">
        <label>qvector&lt; argpart_t &gt;</label>
        <link refid="classqvector"/>
      </node>
      <node id="2213">
        <label>range_t</label>
        <link refid="structrange__t"/>
      </node>
      <node id="2188">
        <label>vdloc_t</label>
        <link refid="classvdloc__t"/>
        <childnode refid="2189" relation="public-inheritance">
        </childnode>
      </node>
      <node id="2216">
        <label>regvar_t</label>
        <link refid="structregvar__t"/>
        <childnode refid="2213" relation="public-inheritance">
        </childnode>
      </node>
      <node id="2221">
        <label>qvector&lt; hexwarn_t &gt;</label>
        <link refid="classqvector"/>
      </node>
      <node id="2229">
        <label>mnumber_t</label>
        <link refid="structmnumber__t"/>
        <childnode refid="2230" relation="public-inheritance">
        </childnode>
      </node>
      <node id="2185">
        <label>mcallarg_t</label>
        <link refid="classmcallarg__t"/>
        <childnode refid="2186" relation="public-inheritance">
        </childnode>
        <childnode refid="2196" relation="usage">
          <edgelabel>name</edgelabel>
        </childnode>
        <childnode refid="2210" relation="usage">
          <edgelabel>type</edgelabel>
        </childnode>
        <childnode refid="2189" relation="usage">
          <edgelabel>argloc</edgelabel>
        </childnode>
      </node>
      <node id="2194">
        <label>lvars_t</label>
        <link refid="structlvars__t"/>
        <childnode refid="2195" relation="public-inheritance">
        </childnode>
      </node>
      <node id="2189">
        <label>argloc_t</label>
        <link refid="classargloc__t"/>
        <childnode refid="2190" relation="usage">
          <edgelabel>dist</edgelabel>
        </childnode>
        <childnode refid="2192" relation="usage">
          <edgelabel>rrel</edgelabel>
        </childnode>
      </node>
      <node id="2217">
        <label>llabel_t</label>
        <link refid="structllabel__t"/>
      </node>
      <node id="2228">
        <label>lvar_ref_t</label>
        <link refid="structlvar__ref__t"/>
        <childnode refid="2193" relation="usage">
          <edgelabel>mba</edgelabel>
        </childnode>
      </node>
      <node id="2195">
        <label>qvector&lt; lvar_t &gt;</label>
        <link refid="classqvector"/>
      </node>
      <node id="2232">
        <label>stkvar_ref_t</label>
        <link refid="structstkvar__ref__t"/>
        <childnode refid="2193" relation="usage">
          <edgelabel>mba</edgelabel>
        </childnode>
      </node>
      <node id="2204">
        <label>qvector&lt; reg_info_t &gt;</label>
        <link refid="classqvector"/>
      </node>
      <node id="2192">
        <label>rrel_t</label>
        <link refid="structrrel__t"/>
      </node>
      <node id="2201">
        <label>rlist_t</label>
        <link refid="classrlist__t"/>
        <childnode refid="2202" relation="public-inheritance">
        </childnode>
      </node>
      <node id="2208">
        <label>ivl_t</label>
        <link refid="structivl__t"/>
        <childnode refid="2209" relation="public-inheritance">
        </childnode>
        <childnode refid="2208" relation="usage">
          <edgelabel>allmem</edgelabel>
        </childnode>
      </node>
      <node id="2218">
        <label>rangevec_t</label>
        <link refid="structrangevec__t"/>
        <childnode refid="2219" relation="public-inheritance">
        </childnode>
      </node>
    </collaborationgraph>
    <location file="obj/x64_linux_gcc_32_opt/idasdk/hexrays.hpp" line="2824" column="1" bodyfile="obj/x64_linux_gcc_32_opt/idasdk/hexrays.hpp" bodystart="2823" bodyend="2857"/>
    <listofallmembers>
      <member refid="classmop__t_1a57d7538fdfc4308fe20c95cc784d7eea" prot="public" virt="non-virtual"><scope>mcallarg_t</scope><name>_make_blkref</name></member>
      <member refid="classmop__t_1aeccd86ef2641efe3da40abc8e9314cdd" prot="public" virt="non-virtual"><scope>mcallarg_t</scope><name>_make_callinfo</name></member>
      <member refid="classmop__t_1a6dcf77562fa1a88927ce7693d275fa15" prot="public" virt="non-virtual"><scope>mcallarg_t</scope><name>_make_cases</name></member>
      <member refid="classmop__t_1a128713ac8a556f8627cdbab86431f1ea" prot="public" virt="non-virtual"><scope>mcallarg_t</scope><name>_make_gvar</name></member>
      <member refid="classmop__t_1aa1299111f6a2ca3341007d68dca9e791" prot="public" virt="non-virtual"><scope>mcallarg_t</scope><name>_make_insn</name></member>
      <member refid="classmop__t_1a2badaebe06f8148deb673e0755b8f83d" prot="public" virt="non-virtual"><scope>mcallarg_t</scope><name>_make_lvar</name></member>
      <member refid="classmop__t_1aff79b97db65d4e777eac6b26930663eb" prot="public" virt="non-virtual"><scope>mcallarg_t</scope><name>_make_pair</name></member>
      <member refid="classmop__t_1a9745b7542b1ede0ac6e99e08d7741cf4" prot="public" virt="non-virtual"><scope>mcallarg_t</scope><name>_make_reg</name></member>
      <member refid="classmop__t_1af3aa9f24d3dc89d0b15cc394292fbe23" prot="public" virt="non-virtual"><scope>mcallarg_t</scope><name>_make_reg</name></member>
      <member refid="classmop__t_1a54c9ea639f5a178ed0e28d24eda4ae9f" prot="public" virt="non-virtual"><scope>mcallarg_t</scope><name>_make_stkvar</name></member>
      <member refid="classmop__t_1aa6be96a282d623a8f1a1fb62315dbc7f" prot="public" virt="non-virtual"><scope>mcallarg_t</scope><name>_make_strlit</name></member>
      <member refid="classmop__t_1ad18ec392c1a7900dce9c673fcaa75cf6" prot="public" virt="non-virtual"><scope>mcallarg_t</scope><name>_make_strlit</name></member>
      <member refid="classmop__t_1a5e3e1b9b535e9a7a89f28ce62e81e22d" prot="public" virt="non-virtual"><scope>mcallarg_t</scope><name>a</name></member>
      <member refid="classmop__t_1afb19190789c53b0c828720a5e39c4574" prot="public" virt="non-virtual"><scope>mcallarg_t</scope><name>apply_ld_mcode</name></member>
      <member refid="classmop__t_1a8dbf652a7b8fa8edfc96000176c26dd7" prot="public" virt="non-virtual"><scope>mcallarg_t</scope><name>apply_xds</name></member>
      <member refid="classmop__t_1afd10835352bf6e7f0159b352b5ab80a7" prot="public" virt="non-virtual"><scope>mcallarg_t</scope><name>apply_xdu</name></member>
      <member refid="classmcallarg__t_1a877206466042718e12732bd844a2ea9a" prot="public" virt="non-virtual"><scope>mcallarg_t</scope><name>argloc</name></member>
      <member refid="classmop__t_1a2577ac7519d9a9b2c8be9434c1cd2655" prot="public" virt="non-virtual"><scope>mcallarg_t</scope><name>b</name></member>
      <member refid="classmop__t_1a69b43e3785b6f7fbe8738e31c5b87989" prot="public" virt="non-virtual"><scope>mcallarg_t</scope><name>c</name></member>
      <member refid="classmop__t_1a61f86dcbba040ed61fc77c5e5f35c9f2" prot="public" virt="non-virtual"><scope>mcallarg_t</scope><name>change_size</name></member>
      <member refid="classmcallarg__t_1a386fc93251f66f8bb33d007a201f0984" prot="public" virt="non-virtual"><scope>mcallarg_t</scope><name>copy_mop</name></member>
      <member refid="classmop__t_1a3f35894898ab7b3dc2574918867ac167" prot="public" virt="non-virtual"><scope>mcallarg_t</scope><name>create_from_insn</name></member>
      <member refid="classmop__t_1a5217f353fd9bb6954d7cbc2c2b396270" prot="public" virt="non-virtual"><scope>mcallarg_t</scope><name>create_from_ivlset</name></member>
      <member refid="classmop__t_1a0acfe8803ca0f9a766eaee4963923f63" prot="public" virt="non-virtual"><scope>mcallarg_t</scope><name>create_from_mlist</name></member>
      <member refid="classmop__t_1aa399f73b8e34a608101f00bc17b36a24" prot="public" virt="non-virtual"><scope>mcallarg_t</scope><name>create_from_scattered_vdloc</name></member>
      <member refid="classmop__t_1ad850cf0dce5d02940d6fa6b6892b6489" prot="public" virt="non-virtual"><scope>mcallarg_t</scope><name>create_from_vdloc</name></member>
      <member refid="classmop__t_1addbb0f8f61046134352a0b5065482b89" prot="public" virt="non-virtual"><scope>mcallarg_t</scope><name>cstr</name></member>
      <member refid="classmop__t_1ae288e62e6b2c13da66568bdd4130c5b2" prot="public" virt="non-virtual"><scope>mcallarg_t</scope><name>d</name></member>
      <member refid="classmop__t_1a134a3b8ca8f2861880bd8a40822452c8" prot="public" virt="non-virtual"><scope>mcallarg_t</scope><name>double_size</name></member>
      <member refid="classmcallarg__t_1a81f7b8ff33fcc864926c75428d39d5ff" prot="public" virt="non-virtual"><scope>mcallarg_t</scope><name>dstr</name></member>
      <member refid="classmcallarg__t_1aa8c53aac8350d83b76c9258a4bd98a99" prot="public" virt="non-virtual"><scope>mcallarg_t</scope><name>ea</name></member>
      <member refid="classmop__t_1a5dd17af3d915581da8be482d0550ef97" prot="public" virt="non-virtual"><scope>mcallarg_t</scope><name>equal_mops</name></member>
      <member refid="classmop__t_1a1a6fd68a1f4f556e7e92d5d15f9d413a" prot="public" virt="non-virtual"><scope>mcallarg_t</scope><name>erase</name></member>
      <member refid="classmop__t_1a1a622ee35a12f7659a09c93ecbf7ad8a" prot="public" virt="non-virtual"><scope>mcallarg_t</scope><name>erase_but_keep_size</name></member>
      <member refid="classmop__t_1a9e4c6a65a9f9f68958b64ddeca947930" prot="public" virt="non-virtual"><scope>mcallarg_t</scope><name>f</name></member>
      <member refid="classmop__t_1ab71fd094347d66c0dff4c03e3f8046e9" prot="public" virt="non-virtual"><scope>mcallarg_t</scope><name>for_all_ops</name></member>
      <member refid="classmop__t_1aadbfbe9edb95a85fefd88478188c7bef" prot="public" virt="non-virtual"><scope>mcallarg_t</scope><name>for_all_scattered_submops</name></member>
      <member refid="classmop__t_1acc2fc97f6b70f8f21972b0ff1084fbbb" prot="public" virt="non-virtual"><scope>mcallarg_t</scope><name>fpc</name></member>
      <member refid="classmop__t_1acd5a16f56a0dcedd315750f682f496f3" prot="public" virt="non-virtual"><scope>mcallarg_t</scope><name>g</name></member>
      <member refid="classmop__t_1a6587df11b0727b867419d1f9c64c7ba9" prot="public" virt="non-virtual"><scope>mcallarg_t</scope><name>get_insn</name></member>
      <member refid="classmop__t_1a1f89c0628a95bcaa28f845d01984778d" prot="public" virt="non-virtual"><scope>mcallarg_t</scope><name>get_insn</name></member>
      <member refid="classmop__t_1a496182ab2279be77418321e0d0feb05d" prot="public" virt="non-virtual"><scope>mcallarg_t</scope><name>get_stkoff</name></member>
      <member refid="classmop__t_1a386e040fc0a6e5be1778d93a465b9f7a" prot="public" virt="non-virtual"><scope>mcallarg_t</scope><name>get_stkvar</name></member>
      <member refid="classmop__t_1a8e90cc3a8d96a963c22f812248b06142" prot="public" virt="non-virtual"><scope>mcallarg_t</scope><name>has_side_effects</name></member>
      <member refid="classmop__t_1a601f86b113f1fd1ae4cde0baeebaeeed" prot="public" virt="non-virtual"><scope>mcallarg_t</scope><name>helper</name></member>
      <member refid="classmop__t_1a0dcb858eeff945b2ceb600d27bf46bb8" prot="public" virt="non-virtual"><scope>mcallarg_t</scope><name>is01</name></member>
      <member refid="classmop__t_1aae932a7b1f0dbfcd65c91da0eb67bffc" prot="public" virt="non-virtual"><scope>mcallarg_t</scope><name>is_bit_reg</name></member>
      <member refid="classmop__t_1ad5e38485ae0f144115d56a4d262b45c9" prot="public" virt="non-virtual"><scope>mcallarg_t</scope><name>is_bit_reg</name></member>
      <member refid="classmop__t_1a43dd3eb76bbaa47bde661905412c78dd" prot="public" virt="non-virtual"><scope>mcallarg_t</scope><name>is_cc</name></member>
      <member refid="classmop__t_1a6a50f794eeec98c8c3900d286956f95d" prot="public" virt="non-virtual"><scope>mcallarg_t</scope><name>is_ccflags</name></member>
      <member refid="classmop__t_1a9a8bedbf85e6e97ffb39f8774bc65678" prot="public" virt="non-virtual"><scope>mcallarg_t</scope><name>is_constant</name></member>
      <member refid="classmop__t_1a781a22179510e81a62a99bc4e2c3e046" prot="public" virt="non-virtual"><scope>mcallarg_t</scope><name>is_equal_to</name></member>
      <member refid="classmop__t_1ab5f2adc195635db8a07f15aefa4330c7" prot="public" virt="non-virtual"><scope>mcallarg_t</scope><name>is_extended_from</name></member>
      <member refid="classmop__t_1a958810e9f7a7491126c8fb4a6b466267" prot="public" virt="non-virtual"><scope>mcallarg_t</scope><name>is_glbaddr</name></member>
      <member refid="classmop__t_1aa173f8423e7cd02d7eef56993a1a4f30" prot="public" virt="non-virtual"><scope>mcallarg_t</scope><name>is_glbaddr</name></member>
      <member refid="classmop__t_1a1e6b695c0d8bd352d9cdd7b463ffe1c4" prot="public" virt="non-virtual"><scope>mcallarg_t</scope><name>is_impptr_done</name></member>
      <member refid="classmop__t_1a51c1a405ba81b09b22cd6f1fb6f739ad" prot="public" virt="non-virtual"><scope>mcallarg_t</scope><name>is_insn</name></member>
      <member refid="classmop__t_1a404fbf68b1a9d7c620cd6fa17bb30987" prot="public" virt="non-virtual"><scope>mcallarg_t</scope><name>is_insn</name></member>
      <member refid="classmop__t_1af75752fdd6513cf348609c8dca2085c4" prot="public" virt="non-virtual"><scope>mcallarg_t</scope><name>is_kreg</name></member>
      <member refid="classmop__t_1a49915ca4dc30d530b2d8a01d38deabe9" prot="public" virt="non-virtual"><scope>mcallarg_t</scope><name>is_mob</name></member>
      <member refid="classmop__t_1aae38c71d7bb066e4ffac511f926104ab" prot="public" virt="non-virtual"><scope>mcallarg_t</scope><name>is_negative_constant</name></member>
      <member refid="classmop__t_1a532637a85327541b1c9cd6d826154146" prot="public" virt="non-virtual"><scope>mcallarg_t</scope><name>is_one</name></member>
      <member refid="classmop__t_1a3325241c2c740d77bed4ffa00b98e2ec" prot="public" virt="non-virtual"><scope>mcallarg_t</scope><name>is_positive_constant</name></member>
      <member refid="classmop__t_1aff92f37aa63820e34b0b38b7f62eaed5" prot="public" virt="non-virtual"><scope>mcallarg_t</scope><name>is_reg</name></member>
      <member refid="classmop__t_1a62643b4346bf7704c9e1f8658673754e" prot="public" virt="non-virtual"><scope>mcallarg_t</scope><name>is_reg</name></member>
      <member refid="classmop__t_1aad5603890b057cc6416a29d1b7ac69a6" prot="public" virt="non-virtual"><scope>mcallarg_t</scope><name>is_reg</name></member>
      <member refid="classmop__t_1ae7e949fdd9e25e32c3f511fb8e24d474" prot="public" virt="non-virtual"><scope>mcallarg_t</scope><name>is_scattered</name></member>
      <member refid="classmop__t_1a86fbbc289ccf75892b50a08f58526df4" prot="public" virt="non-virtual"><scope>mcallarg_t</scope><name>is_sign_extended_from</name></member>
      <member refid="classmop__t_1ac35e22c6c9eb57b75499fe6ed9d3724e" prot="public" virt="non-virtual"><scope>mcallarg_t</scope><name>is_stkaddr</name></member>
      <member refid="classmop__t_1a0aacb037b9092ccc3c731f9b94c9c2bb" prot="public" virt="non-virtual"><scope>mcallarg_t</scope><name>is_udt</name></member>
      <member refid="classmop__t_1a93a6a7d7d8200b3c21d834b288939437" prot="public" virt="non-virtual"><scope>mcallarg_t</scope><name>is_undef_val</name></member>
      <member refid="classmop__t_1a96294ce8de43cf175533d79135559c20" prot="public" virt="non-virtual"><scope>mcallarg_t</scope><name>is_zero</name></member>
      <member refid="classmop__t_1a38100bf39f346e41cd9254a9309d2eec" prot="public" virt="non-virtual"><scope>mcallarg_t</scope><name>is_zero_extended_from</name></member>
      <member refid="classmop__t_1af589a48b3645a6fffff771769479f82a" prot="public" virt="non-virtual"><scope>mcallarg_t</scope><name>l</name></member>
      <member refid="classmop__t_1a79dd398ae8d70de2fd4fe25d1cd8e7bf" prot="public" virt="non-virtual"><scope>mcallarg_t</scope><name>lexcompare</name></member>
      <member refid="classmop__t_1aeaa8eb96aae34d6b1a8c0fdb0cb87633" prot="public" virt="non-virtual"><scope>mcallarg_t</scope><name>make_blkref</name></member>
      <member refid="classmop__t_1a84c672c47634784d43938ee06d8e35f7" prot="public" virt="non-virtual"><scope>mcallarg_t</scope><name>make_first_half</name></member>
      <member refid="classmop__t_1a6cbb0f5d2f46820913437a976a2f5c2c" prot="public" virt="non-virtual"><scope>mcallarg_t</scope><name>make_fpnum</name></member>
      <member refid="classmop__t_1afc9d4afd477c1145a97d6e992d674dd2" prot="public" virt="non-virtual"><scope>mcallarg_t</scope><name>make_gvar</name></member>
      <member refid="classmop__t_1ade05a62a54864ee55ed416b5ef8d6dda" prot="public" virt="non-virtual"><scope>mcallarg_t</scope><name>make_helper</name></member>
      <member refid="classmop__t_1a88d4ddc4133e65e4e52f37f00513ed49" prot="public" virt="non-virtual"><scope>mcallarg_t</scope><name>make_high_half</name></member>
      <member refid="classmop__t_1a754d8cfbbfb5af57a6b701ab7e96398e" prot="public" virt="non-virtual"><scope>mcallarg_t</scope><name>make_insn</name></member>
      <member refid="classmcallarg__t_1ab3dfd6dbee95c10be879c870532034e1" prot="public" virt="non-virtual"><scope>mcallarg_t</scope><name>make_int</name></member>
      <member refid="classmop__t_1a4f70acf8f7d015f5951ab493f69d41cc" prot="public" virt="non-virtual"><scope>mcallarg_t</scope><name>make_low_half</name></member>
      <member refid="classmop__t_1a75fe9ed93e424523835a90b6883fddcb" prot="public" virt="non-virtual"><scope>mcallarg_t</scope><name>make_number</name></member>
      <member refid="classmop__t_1ab48e49bddc9259e2edddad6eb7b12194" prot="public" virt="non-virtual"><scope>mcallarg_t</scope><name>make_reg</name></member>
      <member refid="classmop__t_1a36aee79d755e891ff8f8b6adf90abf4f" prot="public" virt="non-virtual"><scope>mcallarg_t</scope><name>make_reg</name></member>
      <member refid="classmop__t_1a45a78acc504e21f45a563d54997fb4de" prot="public" virt="non-virtual"><scope>mcallarg_t</scope><name>make_reg_pair</name></member>
      <member refid="classmop__t_1af3febcd45de06eac86fb6df5ed414220" prot="public" virt="non-virtual"><scope>mcallarg_t</scope><name>make_second_half</name></member>
      <member refid="classmcallarg__t_1a2490e47c8eb79d076352dda5c24b0847" prot="public" virt="non-virtual"><scope>mcallarg_t</scope><name>make_uint</name></member>
      <member refid="classmop__t_1a557e1d95582a5e7160856497b254240e" prot="public" virt="non-virtual"><scope>mcallarg_t</scope><name>may_use_aliased_memory</name></member>
      <member refid="classmcallarg__t_1a12cb15c0d3a6a0424643f2b6b0226948" prot="public" virt="non-virtual"><scope>mcallarg_t</scope><name>mcallarg_t</name></member>
      <member refid="classmcallarg__t_1af6dd00ba4e09033f8bc2b7339205d411" prot="public" virt="non-virtual"><scope>mcallarg_t</scope><name>mcallarg_t</name></member>
      <member refid="classmop__t_1aaf6621b8c7aeea31f578cd158b2db688" prot="public" virt="non-virtual"><scope>mcallarg_t</scope><name>mop_t</name></member>
      <member refid="classmop__t_1a7888294971cee693f2fd461413c659bb" prot="public" virt="non-virtual"><scope>mcallarg_t</scope><name>mop_t</name></member>
      <member refid="classmop__t_1ac4023cfa1a0287d74dc7b50f3d02360e" prot="public" virt="non-virtual"><scope>mcallarg_t</scope><name>mop_t</name></member>
      <member refid="classmcallarg__t_1aec5e458902ff3cbb00d0115e36c48a05" prot="public" virt="non-virtual"><scope>mcallarg_t</scope><name>name</name></member>
      <member refid="classmop__t_1a6911b91ebdbf633064f614b15a2d6a8b" prot="public" virt="non-virtual"><scope>mcallarg_t</scope><name>nnn</name></member>
      <member refid="classmop__t_1a89c69948da2cffe4aa60c21ca41bd71e" prot="public" virt="non-virtual"><scope>mcallarg_t</scope><name>operator!=</name></member>
      <member refid="classmop__t_1a3d4e306d0e48ab98b8997761823ca887" prot="public" virt="non-virtual"><scope>mcallarg_t</scope><name>operator&lt;</name></member>
      <member refid="classmop__t_1a3cf75e25d303d91301f89402e7504ca2" prot="public" virt="non-virtual"><scope>mcallarg_t</scope><name>operator=</name></member>
      <member refid="classmop__t_1ad6ceadaa7176dd9ce1b09163c63ac893" prot="public" virt="non-virtual"><scope>mcallarg_t</scope><name>operator==</name></member>
      <member refid="classmop__t_1a2b7b895f585ef20c8619a27cc1f0d86c" prot="public" virt="non-virtual"><scope>mcallarg_t</scope><name>oprops</name></member>
      <member refid="classmop__t_1ac0974a8f06f60c641dceeffe6017ead5" prot="public" virt="non-virtual"><scope>mcallarg_t</scope><name>pair</name></member>
      <member refid="classmop__t_1ac2c6e87ce5557765465238591214e99f" prot="public" virt="non-virtual"><scope>mcallarg_t</scope><name>preserve_side_effects</name></member>
      <member refid="classmcallarg__t_1aa3ae950747e3c4bdd75c47b0975393f1" prot="public" virt="non-virtual"><scope>mcallarg_t</scope><name>print</name></member>
      <member refid="classmop__t_1ad426c85f1ad7dae648e4185c36ff1483" prot="public" virt="non-virtual"><scope>mcallarg_t</scope><name>probably_floating</name></member>
      <member refid="classmop__t_1ac12ef82ce56ca86ed79ba993ba987c47" prot="public" virt="non-virtual"><scope>mcallarg_t</scope><name>r</name></member>
      <member refid="classmop__t_1af009e1f551992bff7567a34c92b0f3b6" prot="public" virt="non-virtual"><scope>mcallarg_t</scope><name>s</name></member>
      <member refid="classmop__t_1a75d8c81abb7c6578ca4a77800734cb23" prot="public" virt="non-virtual"><scope>mcallarg_t</scope><name>scif</name></member>
      <member refid="classmop__t_1ac4f624d71631622815f57c8b2a6c6fa2" prot="public" virt="non-virtual"><scope>mcallarg_t</scope><name>set_impptr_done</name></member>
      <member refid="classmcallarg__t_1a54a542cdb30307a7479546172a4452d8" prot="public" virt="non-virtual"><scope>mcallarg_t</scope><name>set_regarg</name></member>
      <member refid="classmcallarg__t_1a4ffc48c2c1cd28de5a1fe32dffd099c5" prot="public" virt="non-virtual"><scope>mcallarg_t</scope><name>set_regarg</name></member>
      <member refid="classmcallarg__t_1a06b413a8527168127baa6e96abbea5c1" prot="public" virt="non-virtual"><scope>mcallarg_t</scope><name>set_regarg</name></member>
      <member refid="classmop__t_1a69277a73b2bb542e7c0496f4392052f1" prot="public" virt="non-virtual"><scope>mcallarg_t</scope><name>set_udt</name></member>
      <member refid="classmop__t_1ab7192ff0c56c66beded3059abf602984" prot="public" virt="non-virtual"><scope>mcallarg_t</scope><name>set_undef_val</name></member>
      <member refid="classmop__t_1ab6d4afba3ec4490c25c95bc8f5430c5f" prot="public" virt="non-virtual"><scope>mcallarg_t</scope><name>shift_mop</name></member>
      <member refid="classmop__t_1a19acb0c7367cf1c5e7bb7280d698d3fc" prot="public" virt="non-virtual"><scope>mcallarg_t</scope><name>signed_value</name></member>
      <member refid="classmop__t_1a585cd63bfba6c3e163acd1d2d8f76395" prot="public" virt="non-virtual"><scope>mcallarg_t</scope><name>size</name></member>
      <member refid="classmop__t_1aad58bce35dd47583889a34a39f7d93a6" prot="public" virt="non-virtual"><scope>mcallarg_t</scope><name>swap</name></member>
      <member refid="classmop__t_1a385b7b5b046d5fa02cebbda1e76eb2de" prot="public" virt="non-virtual"><scope>mcallarg_t</scope><name>t</name></member>
      <member refid="classmcallarg__t_1a604cc755515276ac8be64f897e8f8416" prot="public" virt="non-virtual"><scope>mcallarg_t</scope><name>type</name></member>
      <member refid="classmop__t_1adacccbecbe09ca05b0bfb2da8b241dae" prot="public" virt="non-virtual"><scope>mcallarg_t</scope><name>unsigned_value</name></member>
      <member refid="classmop__t_1a52a041c88bfe5e2667a6c247863aed4b" prot="public" virt="non-virtual"><scope>mcallarg_t</scope><name>valnum</name></member>
      <member refid="classmop__t_1a8b47d3797d0b5b25913016296c6fd344" prot="public" virt="non-virtual"><scope>mcallarg_t</scope><name>value</name></member>
      <member refid="classmop__t_1a6e938bfb19e1052ac1311450d6cd2838" prot="public" virt="non-virtual"><scope>mcallarg_t</scope><name>zero</name></member>
      <member refid="classmop__t_1add8e2971658aad449da20ff47ccf722d" prot="public" virt="non-virtual"><scope>mcallarg_t</scope><name>~mop_t</name></member>
    </listofallmembers>
  </compounddef>
</doxygen>
