<?xml version='1.0' encoding='UTF-8' standalone='no'?>
<doxygen xmlns:xsi="http://www.w3.org/2001/XMLSchema-instance" xsi:noNamespaceSchemaLocation="compound.xsd" version="1.8.15">
  <compounddef id="classivlset__tpl" kind="class" language="C++" prot="public">
    <compoundname>ivlset_tpl</compoundname>
    <derivedcompoundref refid="structivlset__t" prot="public" virt="non-virtual">ivlset_t</derivedcompoundref>
    <templateparamlist>
      <param>
        <type>class Ivl</type>
      </param>
      <param>
        <type>class T</type>
      </param>
    </templateparamlist>
      <sectiondef kind="public-type">
      <memberdef kind="typedef" id="classivlset__tpl_1aab83da3728d91a5d9d306a3a2cf5c8a7" prot="public" static="no">
        <type><ref refid="classqvector" kindref="compound">qvector</ref>&lt; Ivl &gt;</type>
        <definition>typedef qvector&lt;Ivl&gt; ivlset_tpl&lt; Ivl, T &gt;::bag_t</definition>
        <argsstring></argsstring>
        <name>bag_t</name>
        <briefdescription>
        </briefdescription>
        <detaileddescription>
        </detaileddescription>
        <inbodydescription>
        </inbodydescription>
        <location file="obj/x64_linux_gcc_32_opt/3/idasdk/hexrays.hpp" line="1856" column="1" bodyfile="obj/x64_linux_gcc_32_opt/3/idasdk/hexrays.hpp" bodystart="1856" bodyend="-1"/>
      </memberdef>
      <memberdef kind="typedef" id="classivlset__tpl_1a89345adcd0c39baf6d5fa5ef7593fbfa" prot="public" static="no">
        <type>bag_t::iterator</type>
        <definition>typedef bag_t::iterator ivlset_tpl&lt; Ivl, T &gt;::iterator</definition>
        <argsstring></argsstring>
        <name>iterator</name>
        <briefdescription>
        </briefdescription>
        <detaileddescription>
        </detaileddescription>
        <inbodydescription>
        </inbodydescription>
        <location file="obj/x64_linux_gcc_32_opt/3/idasdk/hexrays.hpp" line="1885" column="1" bodyfile="obj/x64_linux_gcc_32_opt/3/idasdk/hexrays.hpp" bodystart="1885" bodyend="-1"/>
      </memberdef>
      <memberdef kind="typedef" id="classivlset__tpl_1aeef45ca445cc6ec6d705b9b24415637c" prot="public" static="no">
        <type>bag_t::const_iterator</type>
        <definition>typedef bag_t::const_iterator ivlset_tpl&lt; Ivl, T &gt;::const_iterator</definition>
        <argsstring></argsstring>
        <name>const_iterator</name>
        <briefdescription>
        </briefdescription>
        <detaileddescription>
        </detaileddescription>
        <inbodydescription>
        </inbodydescription>
        <location file="obj/x64_linux_gcc_32_opt/3/idasdk/hexrays.hpp" line="1886" column="1" bodyfile="obj/x64_linux_gcc_32_opt/3/idasdk/hexrays.hpp" bodystart="1886" bodyend="-1"/>
      </memberdef>
      </sectiondef>
      <sectiondef kind="protected-attrib">
      <memberdef kind="variable" id="classivlset__tpl_1a227daacb8ad5a176da63d4248aa82ceb" prot="protected" static="no" mutable="no">
        <type><ref refid="classqvector" kindref="compound">bag_t</ref></type>
        <definition>bag_t ivlset_tpl&lt; Ivl, T &gt;::bag</definition>
        <argsstring></argsstring>
        <name>bag</name>
        <briefdescription>
        </briefdescription>
        <detaileddescription>
        </detaileddescription>
        <inbodydescription>
        </inbodydescription>
        <location file="obj/x64_linux_gcc_32_opt/3/idasdk/hexrays.hpp" line="1859" column="1" bodyfile="obj/x64_linux_gcc_32_opt/3/idasdk/hexrays.hpp" bodystart="1859" bodyend="-1"/>
      </memberdef>
      </sectiondef>
      <sectiondef kind="protected-func">
      <memberdef kind="function" id="classivlset__tpl_1a67d9e3322370a971f780e0eb2835f516" prot="protected" static="no" const="yes" explicit="no" inline="no" virt="non-virtual">
        <type>bool</type>
        <definition>bool ivlset_tpl&lt; Ivl, T &gt;::verify</definition>
        <argsstring>(void) const</argsstring>
        <name>verify</name>
        <param>
          <type>void</type>
        </param>
        <briefdescription>
        </briefdescription>
        <detaileddescription>
        </detaileddescription>
        <inbodydescription>
        </inbodydescription>
        <location file="obj/x64_linux_gcc_32_opt/3/idasdk/hexrays.hpp" line="1860" column="1"/>
      </memberdef>
      </sectiondef>
      <sectiondef kind="protected-static-func">
      <memberdef kind="function" id="classivlset__tpl_1aa6ea74a5c03d0254a5c95002ca22a853" prot="protected" static="yes" const="no" explicit="no" inline="yes" virt="non-virtual">
        <type>bool</type>
        <definition>static bool ivlset_tpl&lt; Ivl, T &gt;::ivl_all_values</definition>
        <argsstring>(const Ivl &amp;ivl)</argsstring>
        <name>ivl_all_values</name>
        <param>
          <type>const Ivl &amp;</type>
          <declname>ivl</declname>
        </param>
        <briefdescription>
        </briefdescription>
        <detaileddescription>
        </detaileddescription>
        <inbodydescription>
        </inbodydescription>
        <location file="obj/x64_linux_gcc_32_opt/3/idasdk/hexrays.hpp" line="1863" column="1" bodyfile="obj/x64_linux_gcc_32_opt/3/idasdk/hexrays.hpp" bodystart="1863" bodyend="1863"/>
      </memberdef>
      </sectiondef>
      <sectiondef kind="public-func">
      <memberdef kind="function" id="classivlset__tpl_1aaaa3dae20425993f3f370405286197d7" prot="public" static="no" const="no" explicit="no" inline="yes" virt="non-virtual">
        <type></type>
        <definition>ivlset_tpl&lt; Ivl, T &gt;::ivlset_tpl</definition>
        <argsstring>(void)</argsstring>
        <name>ivlset_tpl</name>
        <param>
          <type>void</type>
        </param>
        <briefdescription>
        </briefdescription>
        <detaileddescription>
        </detaileddescription>
        <inbodydescription>
        </inbodydescription>
        <location file="obj/x64_linux_gcc_32_opt/3/idasdk/hexrays.hpp" line="1866" column="1" bodyfile="obj/x64_linux_gcc_32_opt/3/idasdk/hexrays.hpp" bodystart="1866" bodyend="1866"/>
      </memberdef>
      <memberdef kind="function" id="classivlset__tpl_1ab98e0b663945830332722899a96d683c" prot="public" static="no" const="no" explicit="no" inline="yes" virt="non-virtual">
        <type></type>
        <definition>ivlset_tpl&lt; Ivl, T &gt;::ivlset_tpl</definition>
        <argsstring>(const Ivl &amp;ivl)</argsstring>
        <name>ivlset_tpl</name>
        <param>
          <type>const Ivl &amp;</type>
          <declname>ivl</declname>
        </param>
        <briefdescription>
        </briefdescription>
        <detaileddescription>
        </detaileddescription>
        <inbodydescription>
        </inbodydescription>
        <location file="obj/x64_linux_gcc_32_opt/3/idasdk/hexrays.hpp" line="1867" column="1" bodyfile="obj/x64_linux_gcc_32_opt/3/idasdk/hexrays.hpp" bodystart="1867" bodyend="1867"/>
      </memberdef>
      <memberdef kind="function" id="classivlset__tpl_1a8088a29a6944e7bee43290e9cc0c3b1b" prot="public" static="no" const="no" explicit="no" inline="yes" virt="non-virtual">
        <type>void</type>
        <definition>void ivlset_tpl&lt; Ivl, T &gt;::swap</definition>
        <argsstring>(ivlset_tpl &amp;r)</argsstring>
        <name>swap</name>
        <param>
          <type><ref refid="classivlset__tpl" kindref="compound">ivlset_tpl</ref> &amp;</type>
          <declname>r</declname>
        </param>
        <briefdescription>
        </briefdescription>
        <detaileddescription>
        </detaileddescription>
        <inbodydescription>
        </inbodydescription>
        <location file="obj/x64_linux_gcc_32_opt/3/idasdk/hexrays.hpp" line="1870" column="1" bodyfile="obj/x64_linux_gcc_32_opt/3/idasdk/hexrays.hpp" bodystart="1870" bodyend="1870"/>
      </memberdef>
      <memberdef kind="function" id="classivlset__tpl_1a4d8df086ab420f50ef3bc89abab24844" prot="public" static="no" const="yes" explicit="no" inline="yes" virt="non-virtual">
        <type>const Ivl &amp;</type>
        <definition>const Ivl&amp; ivlset_tpl&lt; Ivl, T &gt;::getivl</definition>
        <argsstring>(int idx) const</argsstring>
        <name>getivl</name>
        <param>
          <type>int</type>
          <declname>idx</declname>
        </param>
        <briefdescription>
        </briefdescription>
        <detaileddescription>
        </detaileddescription>
        <inbodydescription>
        </inbodydescription>
        <location file="obj/x64_linux_gcc_32_opt/3/idasdk/hexrays.hpp" line="1871" column="1" bodyfile="obj/x64_linux_gcc_32_opt/3/idasdk/hexrays.hpp" bodystart="1871" bodyend="1871"/>
      </memberdef>
      <memberdef kind="function" id="classivlset__tpl_1a2f675a20c926ab02b6b724f37681adf6" prot="public" static="no" const="yes" explicit="no" inline="yes" virt="non-virtual">
        <type>const Ivl &amp;</type>
        <definition>const Ivl&amp; ivlset_tpl&lt; Ivl, T &gt;::lastivl</definition>
        <argsstring>(void) const</argsstring>
        <name>lastivl</name>
        <param>
          <type>void</type>
        </param>
        <briefdescription>
        </briefdescription>
        <detaileddescription>
        </detaileddescription>
        <inbodydescription>
        </inbodydescription>
        <location file="obj/x64_linux_gcc_32_opt/3/idasdk/hexrays.hpp" line="1872" column="1" bodyfile="obj/x64_linux_gcc_32_opt/3/idasdk/hexrays.hpp" bodystart="1872" bodyend="1872"/>
      </memberdef>
      <memberdef kind="function" id="classivlset__tpl_1a60b07d8dbea33936d325df779eaa62ee" prot="public" static="no" const="yes" explicit="no" inline="yes" virt="non-virtual">
        <type>size_t</type>
        <definition>size_t ivlset_tpl&lt; Ivl, T &gt;::nivls</definition>
        <argsstring>(void) const</argsstring>
        <name>nivls</name>
        <param>
          <type>void</type>
        </param>
        <briefdescription>
        </briefdescription>
        <detaileddescription>
        </detaileddescription>
        <inbodydescription>
        </inbodydescription>
        <location file="obj/x64_linux_gcc_32_opt/3/idasdk/hexrays.hpp" line="1873" column="1" bodyfile="obj/x64_linux_gcc_32_opt/3/idasdk/hexrays.hpp" bodystart="1873" bodyend="1873"/>
      </memberdef>
      <memberdef kind="function" id="classivlset__tpl_1a3807c6a30bee3668659859e1f6b74643" prot="public" static="no" const="yes" explicit="no" inline="yes" virt="non-virtual">
        <type>bool</type>
        <definition>bool ivlset_tpl&lt; Ivl, T &gt;::empty</definition>
        <argsstring>(void) const</argsstring>
        <name>empty</name>
        <param>
          <type>void</type>
        </param>
        <briefdescription>
        </briefdescription>
        <detaileddescription>
        </detaileddescription>
        <inbodydescription>
        </inbodydescription>
        <location file="obj/x64_linux_gcc_32_opt/3/idasdk/hexrays.hpp" line="1874" column="1" bodyfile="obj/x64_linux_gcc_32_opt/3/idasdk/hexrays.hpp" bodystart="1874" bodyend="1874"/>
      </memberdef>
      <memberdef kind="function" id="classivlset__tpl_1af635207ac4e951ecf2cf9f63e062055c" prot="public" static="no" const="no" explicit="no" inline="yes" virt="non-virtual">
        <type>void</type>
        <definition>void ivlset_tpl&lt; Ivl, T &gt;::clear</definition>
        <argsstring>(void)</argsstring>
        <name>clear</name>
        <param>
          <type>void</type>
        </param>
        <briefdescription>
        </briefdescription>
        <detaileddescription>
        </detaileddescription>
        <inbodydescription>
        </inbodydescription>
        <location file="obj/x64_linux_gcc_32_opt/3/idasdk/hexrays.hpp" line="1875" column="1" bodyfile="obj/x64_linux_gcc_32_opt/3/idasdk/hexrays.hpp" bodystart="1875" bodyend="1875"/>
      </memberdef>
      <memberdef kind="function" id="classivlset__tpl_1a79a84273150a1dae0a9fe6bda2f70ea5" prot="public" static="no" const="no" explicit="no" inline="yes" virt="non-virtual">
        <type>void</type>
        <definition>void ivlset_tpl&lt; Ivl, T &gt;::qclear</definition>
        <argsstring>(void)</argsstring>
        <name>qclear</name>
        <param>
          <type>void</type>
        </param>
        <briefdescription>
        </briefdescription>
        <detaileddescription>
        </detaileddescription>
        <inbodydescription>
        </inbodydescription>
        <location file="obj/x64_linux_gcc_32_opt/3/idasdk/hexrays.hpp" line="1876" column="1" bodyfile="obj/x64_linux_gcc_32_opt/3/idasdk/hexrays.hpp" bodystart="1876" bodyend="1876"/>
      </memberdef>
      <memberdef kind="function" id="classivlset__tpl_1ab356a19cad85803c90e27b16e65dd85e" prot="public" static="no" const="yes" explicit="no" inline="yes" virt="non-virtual">
        <type>bool</type>
        <definition>bool ivlset_tpl&lt; Ivl, T &gt;::all_values</definition>
        <argsstring>() const</argsstring>
        <name>all_values</name>
        <briefdescription>
        </briefdescription>
        <detaileddescription>
        </detaileddescription>
        <inbodydescription>
        </inbodydescription>
        <location file="obj/x64_linux_gcc_32_opt/3/idasdk/hexrays.hpp" line="1877" column="1" bodyfile="obj/x64_linux_gcc_32_opt/3/idasdk/hexrays.hpp" bodystart="1877" bodyend="1877"/>
      </memberdef>
      <memberdef kind="function" id="classivlset__tpl_1a1571b2c68074399adf551e29a1f9dc67" prot="public" static="no" const="no" explicit="no" inline="yes" virt="non-virtual">
        <type>void</type>
        <definition>void ivlset_tpl&lt; Ivl, T &gt;::set_all_values</definition>
        <argsstring>()</argsstring>
        <name>set_all_values</name>
        <briefdescription>
        </briefdescription>
        <detaileddescription>
        </detaileddescription>
        <inbodydescription>
        </inbodydescription>
        <location file="obj/x64_linux_gcc_32_opt/3/idasdk/hexrays.hpp" line="1878" column="1" bodyfile="obj/x64_linux_gcc_32_opt/3/idasdk/hexrays.hpp" bodystart="1878" bodyend="1878"/>
      </memberdef>
      <memberdef kind="function" id="classivlset__tpl_1a2767f42e21c3b1beb3e035ae5075742d" prot="public" static="no" const="yes" explicit="no" inline="yes" virt="non-virtual">
        <type>bool</type>
        <definition>bool ivlset_tpl&lt; Ivl, T &gt;::single_value</definition>
        <argsstring>() const</argsstring>
        <name>single_value</name>
        <briefdescription>
        </briefdescription>
        <detaileddescription>
        </detaileddescription>
        <inbodydescription>
        </inbodydescription>
        <location file="obj/x64_linux_gcc_32_opt/3/idasdk/hexrays.hpp" line="1879" column="1" bodyfile="obj/x64_linux_gcc_32_opt/3/idasdk/hexrays.hpp" bodystart="1879" bodyend="1879"/>
      </memberdef>
      <memberdef kind="function" id="classivlset__tpl_1aca7d9e624400c9bdae0e0065b8e3b3ea" prot="public" static="no" const="yes" explicit="no" inline="yes" virt="non-virtual">
        <type>bool</type>
        <definition>bool ivlset_tpl&lt; Ivl, T &gt;::single_value</definition>
        <argsstring>(T v) const</argsstring>
        <name>single_value</name>
        <param>
          <type>T</type>
          <declname>v</declname>
        </param>
        <briefdescription>
        </briefdescription>
        <detaileddescription>
        </detaileddescription>
        <inbodydescription>
        </inbodydescription>
        <location file="obj/x64_linux_gcc_32_opt/3/idasdk/hexrays.hpp" line="1880" column="1" bodyfile="obj/x64_linux_gcc_32_opt/3/idasdk/hexrays.hpp" bodystart="1880" bodyend="1880"/>
      </memberdef>
      <memberdef kind="function" id="classivlset__tpl_1adf0c1d9f02f6b9d7b00887bec1f9227c" prot="public" static="no" const="yes" explicit="no" inline="yes" virt="non-virtual">
        <type>bool</type>
        <definition>bool ivlset_tpl&lt; Ivl, T &gt;::operator==</definition>
        <argsstring>(const Ivl &amp;v) const</argsstring>
        <name>operator==</name>
        <param>
          <type>const Ivl &amp;</type>
          <declname>v</declname>
        </param>
        <briefdescription>
        </briefdescription>
        <detaileddescription>
        </detaileddescription>
        <inbodydescription>
        </inbodydescription>
        <location file="obj/x64_linux_gcc_32_opt/3/idasdk/hexrays.hpp" line="1882" column="1" bodyfile="obj/x64_linux_gcc_32_opt/3/idasdk/hexrays.hpp" bodystart="1882" bodyend="1882"/>
      </memberdef>
      <memberdef kind="function" id="classivlset__tpl_1a50e62827abbb13e130816c74b93d2c30" prot="public" static="no" const="yes" explicit="no" inline="yes" virt="non-virtual">
        <type>bool</type>
        <definition>bool ivlset_tpl&lt; Ivl, T &gt;::operator!=</definition>
        <argsstring>(const Ivl &amp;v) const</argsstring>
        <name>operator!=</name>
        <param>
          <type>const Ivl &amp;</type>
          <declname>v</declname>
        </param>
        <briefdescription>
        </briefdescription>
        <detaileddescription>
        </detaileddescription>
        <inbodydescription>
        </inbodydescription>
        <location file="obj/x64_linux_gcc_32_opt/3/idasdk/hexrays.hpp" line="1883" column="1" bodyfile="obj/x64_linux_gcc_32_opt/3/idasdk/hexrays.hpp" bodystart="1883" bodyend="1883"/>
      </memberdef>
      <memberdef kind="function" id="classivlset__tpl_1a4bd91ec361a5356e8da7fd0f8a0fcdd0" prot="public" static="no" const="yes" explicit="no" inline="yes" virt="non-virtual">
        <type>const_iterator</type>
        <definition>const_iterator ivlset_tpl&lt; Ivl, T &gt;::begin</definition>
        <argsstring>(void) const</argsstring>
        <name>begin</name>
        <param>
          <type>void</type>
        </param>
        <briefdescription>
        </briefdescription>
        <detaileddescription>
        </detaileddescription>
        <inbodydescription>
        </inbodydescription>
        <location file="obj/x64_linux_gcc_32_opt/3/idasdk/hexrays.hpp" line="1887" column="1" bodyfile="obj/x64_linux_gcc_32_opt/3/idasdk/hexrays.hpp" bodystart="1887" bodyend="1887"/>
      </memberdef>
      <memberdef kind="function" id="classivlset__tpl_1a5be7b96d9179c8e3925906a92499e7d8" prot="public" static="no" const="yes" explicit="no" inline="yes" virt="non-virtual">
        <type>const_iterator</type>
        <definition>const_iterator ivlset_tpl&lt; Ivl, T &gt;::end</definition>
        <argsstring>(void) const</argsstring>
        <name>end</name>
        <param>
          <type>void</type>
        </param>
        <briefdescription>
        </briefdescription>
        <detaileddescription>
        </detaileddescription>
        <inbodydescription>
        </inbodydescription>
        <location file="obj/x64_linux_gcc_32_opt/3/idasdk/hexrays.hpp" line="1888" column="1" bodyfile="obj/x64_linux_gcc_32_opt/3/idasdk/hexrays.hpp" bodystart="1888" bodyend="1888"/>
      </memberdef>
      <memberdef kind="function" id="classivlset__tpl_1af544e5ce53ac31d0fbade75ba04a56b1" prot="public" static="no" const="no" explicit="no" inline="yes" virt="non-virtual">
        <type>iterator</type>
        <definition>iterator ivlset_tpl&lt; Ivl, T &gt;::begin</definition>
        <argsstring>(void)</argsstring>
        <name>begin</name>
        <param>
          <type>void</type>
        </param>
        <briefdescription>
        </briefdescription>
        <detaileddescription>
        </detaileddescription>
        <inbodydescription>
        </inbodydescription>
        <location file="obj/x64_linux_gcc_32_opt/3/idasdk/hexrays.hpp" line="1889" column="1" bodyfile="obj/x64_linux_gcc_32_opt/3/idasdk/hexrays.hpp" bodystart="1889" bodyend="1889"/>
      </memberdef>
      <memberdef kind="function" id="classivlset__tpl_1adad9873255594cf4e9a58919499e0c38" prot="public" static="no" const="no" explicit="no" inline="yes" virt="non-virtual">
        <type>iterator</type>
        <definition>iterator ivlset_tpl&lt; Ivl, T &gt;::end</definition>
        <argsstring>(void)</argsstring>
        <name>end</name>
        <param>
          <type>void</type>
        </param>
        <briefdescription>
        </briefdescription>
        <detaileddescription>
        </detaileddescription>
        <inbodydescription>
        </inbodydescription>
        <location file="obj/x64_linux_gcc_32_opt/3/idasdk/hexrays.hpp" line="1890" column="1" bodyfile="obj/x64_linux_gcc_32_opt/3/idasdk/hexrays.hpp" bodystart="1890" bodyend="1890"/>
      </memberdef>
      </sectiondef>
    <briefdescription>
    </briefdescription>
    <detaileddescription>
    </detaileddescription>
    <inheritancegraph>
      <node id="1968">
        <label>ivlset_t&lt; ivl_t, uval_t &gt;</label>
        <link refid="structivlset__t"/>
        <childnode refid="1967" relation="public-inheritance">
        </childnode>
      </node>
      <node id="1967">
        <label>ivlset_tpl&lt; Ivl, T &gt;</label>
        <link refid="classivlset__tpl"/>
      </node>
    </inheritancegraph>
    <collaborationgraph>
      <node id="1970">
        <label>qvector&lt; Ivl &gt;</label>
        <link refid="classqvector"/>
      </node>
      <node id="1969">
        <label>ivlset_tpl&lt; Ivl, T &gt;</label>
        <link refid="classivlset__tpl"/>
        <childnode refid="1970" relation="usage">
          <edgelabel>bag</edgelabel>
        </childnode>
      </node>
    </collaborationgraph>
    <location file="obj/x64_linux_gcc_32_opt/3/idasdk/hexrays.hpp" line="1854" column="1" bodyfile="obj/x64_linux_gcc_32_opt/3/idasdk/hexrays.hpp" bodystart="1853" bodyend="1891"/>
    <listofallmembers>
      <member refid="classivlset__tpl_1ab356a19cad85803c90e27b16e65dd85e" prot="public" virt="non-virtual"><scope>ivlset_tpl</scope><name>all_values</name></member>
      <member refid="classivlset__tpl_1a227daacb8ad5a176da63d4248aa82ceb" prot="protected" virt="non-virtual"><scope>ivlset_tpl</scope><name>bag</name></member>
      <member refid="classivlset__tpl_1aab83da3728d91a5d9d306a3a2cf5c8a7" prot="public" virt="non-virtual"><scope>ivlset_tpl</scope><name>bag_t</name></member>
      <member refid="classivlset__tpl_1a4bd91ec361a5356e8da7fd0f8a0fcdd0" prot="public" virt="non-virtual"><scope>ivlset_tpl</scope><name>begin</name></member>
      <member refid="classivlset__tpl_1af544e5ce53ac31d0fbade75ba04a56b1" prot="public" virt="non-virtual"><scope>ivlset_tpl</scope><name>begin</name></member>
      <member refid="classivlset__tpl_1af635207ac4e951ecf2cf9f63e062055c" prot="public" virt="non-virtual"><scope>ivlset_tpl</scope><name>clear</name></member>
      <member refid="classivlset__tpl_1aeef45ca445cc6ec6d705b9b24415637c" prot="public" virt="non-virtual"><scope>ivlset_tpl</scope><name>const_iterator</name></member>
      <member refid="classivlset__tpl_1a3807c6a30bee3668659859e1f6b74643" prot="public" virt="non-virtual"><scope>ivlset_tpl</scope><name>empty</name></member>
      <member refid="classivlset__tpl_1a5be7b96d9179c8e3925906a92499e7d8" prot="public" virt="non-virtual"><scope>ivlset_tpl</scope><name>end</name></member>
      <member refid="classivlset__tpl_1adad9873255594cf4e9a58919499e0c38" prot="public" virt="non-virtual"><scope>ivlset_tpl</scope><name>end</name></member>
      <member refid="classivlset__tpl_1a4d8df086ab420f50ef3bc89abab24844" prot="public" virt="non-virtual"><scope>ivlset_tpl</scope><name>getivl</name></member>
      <member refid="classivlset__tpl_1a89345adcd0c39baf6d5fa5ef7593fbfa" prot="public" virt="non-virtual"><scope>ivlset_tpl</scope><name>iterator</name></member>
      <member refid="classivlset__tpl_1aa6ea74a5c03d0254a5c95002ca22a853" prot="protected" virt="non-virtual"><scope>ivlset_tpl</scope><name>ivl_all_values</name></member>
      <member refid="classivlset__tpl_1aaaa3dae20425993f3f370405286197d7" prot="public" virt="non-virtual"><scope>ivlset_tpl</scope><name>ivlset_tpl</name></member>
      <member refid="classivlset__tpl_1ab98e0b663945830332722899a96d683c" prot="public" virt="non-virtual"><scope>ivlset_tpl</scope><name>ivlset_tpl</name></member>
      <member refid="classivlset__tpl_1a2f675a20c926ab02b6b724f37681adf6" prot="public" virt="non-virtual"><scope>ivlset_tpl</scope><name>lastivl</name></member>
      <member refid="classivlset__tpl_1a60b07d8dbea33936d325df779eaa62ee" prot="public" virt="non-virtual"><scope>ivlset_tpl</scope><name>nivls</name></member>
      <member refid="classivlset__tpl_1a50e62827abbb13e130816c74b93d2c30" prot="public" virt="non-virtual"><scope>ivlset_tpl</scope><name>operator!=</name></member>
      <member refid="classivlset__tpl_1adf0c1d9f02f6b9d7b00887bec1f9227c" prot="public" virt="non-virtual"><scope>ivlset_tpl</scope><name>operator==</name></member>
      <member refid="classivlset__tpl_1a79a84273150a1dae0a9fe6bda2f70ea5" prot="public" virt="non-virtual"><scope>ivlset_tpl</scope><name>qclear</name></member>
      <member refid="classivlset__tpl_1a1571b2c68074399adf551e29a1f9dc67" prot="public" virt="non-virtual"><scope>ivlset_tpl</scope><name>set_all_values</name></member>
      <member refid="classivlset__tpl_1a2767f42e21c3b1beb3e035ae5075742d" prot="public" virt="non-virtual"><scope>ivlset_tpl</scope><name>single_value</name></member>
      <member refid="classivlset__tpl_1aca7d9e624400c9bdae0e0065b8e3b3ea" prot="public" virt="non-virtual"><scope>ivlset_tpl</scope><name>single_value</name></member>
      <member refid="classivlset__tpl_1a8088a29a6944e7bee43290e9cc0c3b1b" prot="public" virt="non-virtual"><scope>ivlset_tpl</scope><name>swap</name></member>
      <member refid="classivlset__tpl_1a67d9e3322370a971f780e0eb2835f516" prot="protected" virt="non-virtual"><scope>ivlset_tpl</scope><name>verify</name></member>
    </listofallmembers>
  </compounddef>
</doxygen>
