<?xml version='1.0' encoding='UTF-8' standalone='no'?>
<doxygen xmlns:xsi="http://www.w3.org/2001/XMLSchema-instance" xsi:noNamespaceSchemaLocation="compound.xsd" version="1.9.3" xml:lang="en-US">
  <compounddef id="classmop__pair__t" kind="class" language="C++" prot="public">
    <compoundname>mop_pair_t</compoundname>
    <includes refid="hexrays_8hpp" local="no">hexrays.hpp</includes>
      <sectiondef kind="public-attrib">
      <memberdef kind="variable" id="classmop__pair__t_1a821e0b1e39f3d21fe5943556d5772f93" prot="public" static="no" mutable="no">
        <type><ref refid="classmop__t" kindref="compound">mop_t</ref></type>
        <definition>mop_t mop_pair_t::lop</definition>
        <argsstring></argsstring>
        <name>lop</name>
        <qualifiedname>mop_pair_t::lop</qualifiedname>
        <briefdescription>
<para>low operand </para>
        </briefdescription>
        <detaileddescription>
        </detaileddescription>
        <inbodydescription>
        </inbodydescription>
        <location file="obj/x64_linux_gcc_32_opt/idasdk/hexrays.hpp" line="2970" column="9" bodyfile="obj/x64_linux_gcc_32_opt/idasdk/hexrays.hpp" bodystart="2970" bodyend="-1"/>
      </memberdef>
      <memberdef kind="variable" id="classmop__pair__t_1ac134178c27696daf638c500ee2d7f1a3" prot="public" static="no" mutable="no">
        <type><ref refid="classmop__t" kindref="compound">mop_t</ref></type>
        <definition>mop_t mop_pair_t::hop</definition>
        <argsstring></argsstring>
        <name>hop</name>
        <qualifiedname>mop_pair_t::hop</qualifiedname>
        <briefdescription>
<para>high operand </para>
        </briefdescription>
        <detaileddescription>
        </detaileddescription>
        <inbodydescription>
        </inbodydescription>
        <location file="obj/x64_linux_gcc_32_opt/idasdk/hexrays.hpp" line="2971" column="9" bodyfile="obj/x64_linux_gcc_32_opt/idasdk/hexrays.hpp" bodystart="2971" bodyend="-1"/>
      </memberdef>
      </sectiondef>
    <briefdescription>
<para>Pair of operands. </para>
    </briefdescription>
    <detaileddescription>
    </detaileddescription>
    <collaborationgraph>
      <node id="27">
        <label>_qstring&lt; char &gt;</label>
        <link refid="class__qstring"/>
      </node>
      <node id="37">
        <label>argloc_t</label>
        <link refid="classargloc__t"/>
        <childnode refid="38" relation="usage">
          <edgelabel>rrel</edgelabel>
        </childnode>
        <childnode refid="39" relation="usage">
          <edgelabel>dist</edgelabel>
        </childnode>
      </node>
      <node id="40">
        <label>argpartvec_t</label>
        <link refid="classqvector"/>
      </node>
      <node id="23">
        <label>bitset_t</label>
        <link refid="classbitset__t"/>
      </node>
      <node id="45">
        <label>fnumber_t</label>
        <link refid="structfnumber__t"/>
        <childnode refid="46" relation="usage">
          <edgelabel>fnum</edgelabel>
        </childnode>
      </node>
      <node id="46">
        <label>fpvalue_t</label>
        <link refid="structfpvalue__t"/>
      </node>
      <node id="9">
        <label>func_t</label>
        <link refid="classfunc__t"/>
        <childnode refid="10" relation="public-inheritance">
        </childnode>
        <childnode refid="11" relation="usage">
          <edgelabel>points</edgelabel>
        </childnode>
        <childnode refid="12" relation="usage">
          <edgelabel>regvars</edgelabel>
        </childnode>
        <childnode refid="13" relation="usage">
          <edgelabel>regargs</edgelabel>
        </childnode>
        <childnode refid="10" relation="usage">
          <edgelabel>tails</edgelabel>
        </childnode>
      </node>
      <node id="16">
        <label>ivl_t</label>
        <link refid="structivl__t"/>
        <childnode refid="17" relation="public-inheritance">
        </childnode>
        <childnode refid="16" relation="usage">
          <edgelabel>allmem</edgelabel>
        </childnode>
      </node>
      <node id="32">
        <label>ivl_with_name_t</label>
        <link refid="structivl__with__name__t"/>
        <childnode refid="16" relation="usage">
          <edgelabel>ivl</edgelabel>
        </childnode>
      </node>
      <node id="18">
        <label>ivlset_t</label>
        <link refid="structivlset__t"/>
        <childnode refid="19" relation="public-inheritance">
        </childnode>
      </node>
      <node id="42">
        <label>lvar_ref_t</label>
        <link refid="structlvar__ref__t"/>
        <childnode refid="7" relation="usage">
          <edgelabel>mba</edgelabel>
        </childnode>
      </node>
      <node id="28">
        <label>lvars_t</label>
        <link refid="structlvars__t"/>
        <childnode refid="29" relation="public-inheritance">
        </childnode>
      </node>
      <node id="8">
        <label>mba_ranges_t</label>
        <link refid="structmba__ranges__t"/>
        <childnode refid="9" relation="usage">
          <edgelabel>pfn</edgelabel>
        </childnode>
        <childnode refid="14" relation="usage">
          <edgelabel>ranges</edgelabel>
        </childnode>
      </node>
      <node id="7">
        <label>mba_t</label>
        <link refid="classmba__t"/>
        <childnode refid="8" relation="usage">
          <edgelabel>mbr</edgelabel>
        </childnode>
        <childnode refid="16" relation="usage">
          <edgelabel>aliased_args</edgelabel>
          <edgelabel>aliased_vars</edgelabel>
        </childnode>
        <childnode refid="18" relation="usage">
          <edgelabel>aliased_memory</edgelabel>
          <edgelabel>gotoff_stkvars</edgelabel>
          <edgelabel>restricted_memory</edgelabel>
        </childnode>
        <childnode refid="21" relation="usage">
          <edgelabel>nodel_memory</edgelabel>
          <edgelabel>spoiled_list</edgelabel>
        </childnode>
        <childnode refid="22" relation="usage">
          <edgelabel>consumed_argregs</edgelabel>
        </childnode>
        <childnode refid="24" relation="usage">
          <edgelabel>idb_type</edgelabel>
        </childnode>
        <childnode refid="25" relation="usage">
          <edgelabel>idb_spoiled</edgelabel>
        </childnode>
        <childnode refid="26" relation="usage">
          <edgelabel>deprecated_idb_node</edgelabel>
        </childnode>
        <childnode refid="27" relation="usage">
          <edgelabel>error_strarg</edgelabel>
          <edgelabel>label</edgelabel>
        </childnode>
        <childnode refid="28" relation="usage">
          <edgelabel>vars</edgelabel>
        </childnode>
        <childnode refid="30" relation="usage">
          <edgelabel>argidx</edgelabel>
        </childnode>
        <childnode refid="31" relation="usage">
          <edgelabel>blocks</edgelabel>
          <edgelabel>natural</edgelabel>
        </childnode>
        <childnode refid="32" relation="usage">
          <edgelabel>std_ivls</edgelabel>
        </childnode>
        <childnode refid="33" relation="usage">
          <edgelabel>notes</edgelabel>
        </childnode>
      </node>
      <node id="31">
        <label>mblock_t</label>
        <link refid="classmblock__t"/>
        <childnode refid="31" relation="usage">
          <edgelabel>nextb</edgelabel>
          <edgelabel>prevb</edgelabel>
        </childnode>
        <childnode refid="5" relation="usage">
          <edgelabel>head</edgelabel>
          <edgelabel>tail</edgelabel>
        </childnode>
        <childnode refid="7" relation="usage">
          <edgelabel>mba</edgelabel>
        </childnode>
        <childnode refid="21" relation="usage">
          <edgelabel>dead_at_start</edgelabel>
          <edgelabel>dnu</edgelabel>
          <edgelabel>maybdef</edgelabel>
          <edgelabel>maybuse</edgelabel>
          <edgelabel>mustbdef</edgelabel>
          <edgelabel>mustbuse</edgelabel>
        </childnode>
        <childnode refid="30" relation="usage">
          <edgelabel>predset</edgelabel>
          <edgelabel>succset</edgelabel>
        </childnode>
      </node>
      <node id="34">
        <label>mcallinfo_t</label>
        <link refid="classmcallinfo__t"/>
        <childnode refid="35" relation="usage">
          <edgelabel>args</edgelabel>
        </childnode>
        <childnode refid="36" relation="usage">
          <edgelabel>retregs</edgelabel>
        </childnode>
        <childnode refid="24" relation="usage">
          <edgelabel>return_type</edgelabel>
        </childnode>
        <childnode refid="37" relation="usage">
          <edgelabel>return_argloc</edgelabel>
        </childnode>
        <childnode refid="21" relation="usage">
          <edgelabel>dead_regs</edgelabel>
          <edgelabel>pass_regs</edgelabel>
          <edgelabel>return_regs</edgelabel>
          <edgelabel>spoiled</edgelabel>
        </childnode>
        <childnode refid="18" relation="usage">
          <edgelabel>visible_memory</edgelabel>
        </childnode>
        <childnode refid="41" relation="usage">
          <edgelabel>fti_attrs</edgelabel>
        </childnode>
      </node>
      <node id="44">
        <label>mcases_t</label>
        <link refid="classmcases__t"/>
        <childnode refid="30" relation="usage">
          <edgelabel>targets</edgelabel>
        </childnode>
      </node>
      <node id="5">
        <label>minsn_t</label>
        <link refid="classminsn__t"/>
        <childnode refid="5" relation="usage">
          <edgelabel>next</edgelabel>
          <edgelabel>prev</edgelabel>
        </childnode>
        <childnode refid="2" relation="usage">
          <edgelabel>d</edgelabel>
          <edgelabel>l</edgelabel>
          <edgelabel>r</edgelabel>
        </childnode>
      </node>
      <node id="21">
        <label>mlist_t</label>
        <link refid="structmlist__t"/>
        <childnode refid="22" relation="usage">
          <edgelabel>reg</edgelabel>
        </childnode>
        <childnode refid="18" relation="usage">
          <edgelabel>mem</edgelabel>
        </childnode>
      </node>
      <node id="3">
        <label>mnumber_t</label>
        <link refid="structmnumber__t"/>
        <childnode refid="4" relation="public-inheritance">
        </childnode>
      </node>
      <node id="43">
        <label>mop_addr_t</label>
        <link refid="classmop__addr__t"/>
        <childnode refid="2" relation="public-inheritance">
        </childnode>
      </node>
      <node id="1">
        <label>mop_pair_t</label>
        <link refid="classmop__pair__t"/>
        <childnode refid="2" relation="usage">
          <edgelabel>hop</edgelabel>
          <edgelabel>lop</edgelabel>
        </childnode>
      </node>
      <node id="2">
        <label>mop_t</label>
        <link refid="classmop__t"/>
        <childnode refid="3" relation="usage">
          <edgelabel>nnn</edgelabel>
        </childnode>
        <childnode refid="5" relation="usage">
          <edgelabel>d</edgelabel>
        </childnode>
        <childnode refid="6" relation="usage">
          <edgelabel>s</edgelabel>
        </childnode>
        <childnode refid="34" relation="usage">
          <edgelabel>f</edgelabel>
        </childnode>
        <childnode refid="42" relation="usage">
          <edgelabel>l</edgelabel>
        </childnode>
        <childnode refid="43" relation="usage">
          <edgelabel>a</edgelabel>
        </childnode>
        <childnode refid="44" relation="usage">
          <edgelabel>c</edgelabel>
        </childnode>
        <childnode refid="45" relation="usage">
          <edgelabel>fpc</edgelabel>
        </childnode>
        <childnode refid="1" relation="usage">
          <edgelabel>pair</edgelabel>
        </childnode>
        <childnode refid="47" relation="usage">
          <edgelabel>scif</edgelabel>
        </childnode>
      </node>
      <node id="26">
        <label>netnode</label>
        <link refid="classnetnode"/>
      </node>
      <node id="4">
        <label>operand_locator_t</label>
        <link refid="structoperand__locator__t"/>
      </node>
      <node id="20">
        <label>qvector&lt; Ivl &gt;</label>
        <link refid="classqvector"/>
      </node>
      <node id="33">
        <label>qvector&lt; hexwarn_t &gt;</label>
        <link refid="classqvector"/>
      </node>
      <node id="30">
        <label>qvector&lt; int &gt;</label>
        <link refid="classqvector"/>
      </node>
      <node id="29">
        <label>qvector&lt; lvar_t &gt;</label>
        <link refid="classqvector"/>
      </node>
      <node id="35">
        <label>qvector&lt; mcallarg_t &gt;</label>
        <link refid="classqvector"/>
      </node>
      <node id="36">
        <label>qvector&lt; mop_t &gt;</label>
        <link refid="classqvector"/>
      </node>
      <node id="25">
        <label>qvector&lt; reg_info_t &gt;</label>
        <link refid="classqvector"/>
      </node>
      <node id="41">
        <label>qvector&lt; type_attr_t &gt;</label>
        <link refid="classqvector"/>
      </node>
      <node id="10">
        <label>range_t</label>
        <link refid="structrange__t"/>
      </node>
      <node id="15">
        <label>rangevec_base_t</label>
        <link refid="classqvector"/>
      </node>
      <node id="14">
        <label>rangevec_t</label>
        <link refid="structrangevec__t"/>
        <childnode refid="15" relation="public-inheritance">
        </childnode>
      </node>
      <node id="13">
        <label>regarg_t</label>
        <link refid="structregarg__t"/>
      </node>
      <node id="12">
        <label>regvar_t</label>
        <link refid="structregvar__t"/>
        <childnode refid="10" relation="public-inheritance">
        </childnode>
      </node>
      <node id="22">
        <label>rlist_t</label>
        <link refid="classrlist__t"/>
        <childnode refid="23" relation="public-inheritance">
        </childnode>
      </node>
      <node id="38">
        <label>rrel_t</label>
        <link refid="structrrel__t"/>
      </node>
      <node id="39">
        <label>scattered_aloc_t</label>
        <link refid="classscattered__aloc__t"/>
        <childnode refid="40" relation="public-inheritance">
        </childnode>
      </node>
      <node id="47">
        <label>scif_t</label>
        <link refid="structscif__t"/>
        <childnode refid="48" relation="public-inheritance">
        </childnode>
        <childnode refid="7" relation="usage">
          <edgelabel>mba</edgelabel>
        </childnode>
        <childnode refid="27" relation="usage">
          <edgelabel>name</edgelabel>
        </childnode>
        <childnode refid="24" relation="usage">
          <edgelabel>type</edgelabel>
        </childnode>
      </node>
      <node id="11">
        <label>stkpnt_t</label>
        <link refid="structstkpnt__t"/>
      </node>
      <node id="6">
        <label>stkvar_ref_t</label>
        <link refid="structstkvar__ref__t"/>
        <childnode refid="7" relation="usage">
          <edgelabel>mba</edgelabel>
        </childnode>
      </node>
      <node id="24">
        <label>tinfo_t</label>
        <link refid="classtinfo__t"/>
      </node>
      <node id="19">
        <label>uval_ivl_ivlset_t</label>
        <link refid="classivlset__tpl"/>
        <childnode refid="20" relation="usage">
          <edgelabel>bag</edgelabel>
        </childnode>
      </node>
      <node id="17">
        <label>uval_ivl_t</label>
        <link refid="structivl__tpl"/>
      </node>
      <node id="48">
        <label>vdloc_t</label>
        <link refid="classvdloc__t"/>
        <childnode refid="37" relation="public-inheritance">
        </childnode>
      </node>
    </collaborationgraph>
    <location file="obj/x64_linux_gcc_32_opt/idasdk/hexrays.hpp" line="2967" column="1" bodyfile="obj/x64_linux_gcc_32_opt/idasdk/hexrays.hpp" bodystart="2968" bodyend="2973"/>
    <listofallmembers>
      <member refid="classmop__pair__t_1ac134178c27696daf638c500ee2d7f1a3" prot="public" virt="non-virtual"><scope>mop_pair_t</scope><name>hop</name></member>
      <member refid="classmop__pair__t_1a821e0b1e39f3d21fe5943556d5772f93" prot="public" virt="non-virtual"><scope>mop_pair_t</scope><name>lop</name></member>
    </listofallmembers>
  </compounddef>
</doxygen>
