<?xml version='1.0' encoding='UTF-8' standalone='no'?>
<doxygen xmlns:xsi="http://www.w3.org/2001/XMLSchema-instance" xsi:noNamespaceSchemaLocation="compound.xsd" version="1.9.3" xml:lang="en-US">
  <compounddef id="classdiff3__engine__t" kind="class" language="C++" prot="public">
    <compoundname>diff3_engine_t</compoundname>
    <basecompoundref refid="classdiff2__engine__t" prot="public" virt="non-virtual">diff2_engine_t</basecompoundref>
    <includes refid="diff3_8hpp" local="no">diff3.hpp</includes>
      <sectiondef kind="private-attrib">
      <memberdef kind="variable" id="classdiff3__engine__t_1a63b29b751ecddcfd7bea41d957f92a7f" prot="private" static="no" mutable="no">
        <type><ref refid="classdiff2__engine__t" kindref="compound">diff2_engine_t</ref></type>
        <definition>diff2_engine_t diff3_engine_t::de1</definition>
        <argsstring></argsstring>
        <name>de1</name>
        <qualifiedname>diff3_engine_t::de1</qualifiedname>
        <briefdescription>
<para>between common base and src1 </para>
        </briefdescription>
        <detaileddescription>
        </detaileddescription>
        <inbodydescription>
        </inbodydescription>
        <location file="obj/x64_linux_gcc_64_opt/idasdk/diff3.hpp" line="358" column="18" bodyfile="obj/x64_linux_gcc_64_opt/idasdk/diff3.hpp" bodystart="358" bodyend="-1"/>
      </memberdef>
      <memberdef kind="variable" id="classdiff3__engine__t_1aad10b11c70dcdf89b339afe1e19c2197" prot="private" static="no" mutable="no">
        <type><ref refid="classdiff2__engine__t" kindref="compound">diff2_engine_t</ref></type>
        <definition>diff2_engine_t diff3_engine_t::de2</definition>
        <argsstring></argsstring>
        <name>de2</name>
        <qualifiedname>diff3_engine_t::de2</qualifiedname>
        <briefdescription>
<para>between common base and src2 </para>
        </briefdescription>
        <detaileddescription>
        </detaileddescription>
        <inbodydescription>
        </inbodydescription>
        <location file="obj/x64_linux_gcc_64_opt/idasdk/diff3.hpp" line="359" column="18" bodyfile="obj/x64_linux_gcc_64_opt/idasdk/diff3.hpp" bodystart="359" bodyend="-1"/>
      </memberdef>
      <memberdef kind="variable" id="classdiff3__engine__t_1a410ba09d30fc1004ff67fd99e8938ffa" prot="private" static="no" mutable="no">
        <type><ref refid="classdiff2__engine__t" kindref="compound">diff2_engine_t</ref></type>
        <definition>diff2_engine_t diff3_engine_t::de3</definition>
        <argsstring></argsstring>
        <name>de3</name>
        <qualifiedname>diff3_engine_t::de3</qualifiedname>
        <briefdescription>
<para>between src1 and src2 (used to handle conflicts only) </para>
        </briefdescription>
        <detaileddescription>
        </detaileddescription>
        <inbodydescription>
        </inbodydescription>
        <location file="obj/x64_linux_gcc_64_opt/idasdk/diff3.hpp" line="360" column="18" bodyfile="obj/x64_linux_gcc_64_opt/idasdk/diff3.hpp" bodystart="360" bodyend="-1"/>
      </memberdef>
      </sectiondef>
      <sectiondef kind="public-func">
      <memberdef kind="function" id="classdiff3__engine__t_1aa4bb9792baa8a3edc3e84a7b555473b7" prot="public" static="no" const="no" explicit="no" inline="no" virt="non-virtual">
        <type></type>
        <definition>diff3_engine_t::diff3_engine_t</definition>
        <argsstring>(diff_source_t *base, diff_source_t *src1, diff_source_t *src2)</argsstring>
        <name>diff3_engine_t</name>
        <qualifiedname>diff3_engine_t::diff3_engine_t</qualifiedname>
        <param>
          <type><ref refid="classdiff__source__t" kindref="compound">diff_source_t</ref> *</type>
          <declname>base</declname>
        </param>
        <param>
          <type><ref refid="classdiff__source__t" kindref="compound">diff_source_t</ref> *</type>
          <declname>src1</declname>
        </param>
        <param>
          <type><ref refid="classdiff__source__t" kindref="compound">diff_source_t</ref> *</type>
          <declname>src2</declname>
        </param>
        <briefdescription>
        </briefdescription>
        <detaileddescription>
        </detaileddescription>
        <inbodydescription>
        </inbodydescription>
        <location file="obj/x64_linux_gcc_64_opt/idasdk/diff3.hpp" line="363" column="3"/>
      </memberdef>
      <memberdef kind="function" id="classdiff3__engine__t_1ae52765d9b972614939a34d39bc4046aa" prot="public" static="no" const="no" explicit="no" inline="yes" virt="virtual">
        <type></type>
        <definition>virtual diff3_engine_t::~diff3_engine_t</definition>
        <argsstring>()</argsstring>
        <name>~diff3_engine_t</name>
        <qualifiedname>diff3_engine_t::~diff3_engine_t</qualifiedname>
        <briefdescription>
        </briefdescription>
        <detaileddescription>
        </detaileddescription>
        <inbodydescription>
        </inbodydescription>
        <location file="obj/x64_linux_gcc_64_opt/idasdk/diff3.hpp" line="367" column="11" bodyfile="obj/x64_linux_gcc_64_opt/idasdk/diff3.hpp" bodystart="367" bodyend="367"/>
      </memberdef>
      <memberdef kind="function" id="classdiff3__engine__t_1a753595d25a3b24700d8319d0b5a316ed" prot="public" static="no" const="no" explicit="no" inline="no" virt="virtual">
        <type>bool</type>
        <definition>virtual bool diff3_engine_t::get_diff_regions</definition>
        <argsstring>(diff_regions_t *out) override</argsstring>
        <name>get_diff_regions</name>
        <qualifiedname>diff3_engine_t::get_diff_regions</qualifiedname>
        <reimplements refid="classdiff2__engine__t_1a33c803772f7e99cb55fdca7def0ac820">get_diff_regions</reimplements>
        <param>
          <type><ref refid="classqvector" kindref="compound">diff_regions_t</ref> *</type>
          <declname>out</declname>
        </param>
        <briefdescription>
        </briefdescription>
        <detaileddescription>
        </detaileddescription>
        <inbodydescription>
        </inbodydescription>
        <location file="obj/x64_linux_gcc_64_opt/idasdk/diff3.hpp" line="368" column="16"/>
      </memberdef>
      </sectiondef>
    <briefdescription>
    </briefdescription>
    <detaileddescription>
<para>A 3-way difference engine. It compares 2 difference sources: src1 and src2 but also uses their common ancestor in order to resolve the situations when src1 and src2 do not match each other. </para>
    </detaileddescription>
    <inheritancegraph>
      <node id="2">
        <label>diff2_engine_t</label>
        <link refid="classdiff2__engine__t"/>
        <childnode refid="3" relation="public-inheritance">
        </childnode>
      </node>
      <node id="1">
        <label>diff3_engine_t</label>
        <link refid="classdiff3__engine__t"/>
        <childnode refid="2" relation="public-inheritance">
        </childnode>
      </node>
      <node id="3">
        <label>diff_engine_t</label>
        <link refid="classdiff__engine__t"/>
      </node>
    </inheritancegraph>
    <collaborationgraph>
      <node id="2">
        <label>diff2_engine_t</label>
        <link refid="classdiff2__engine__t"/>
        <childnode refid="3" relation="public-inheritance">
        </childnode>
      </node>
      <node id="1">
        <label>diff3_engine_t</label>
        <link refid="classdiff3__engine__t"/>
        <childnode refid="2" relation="public-inheritance">
        </childnode>
      </node>
      <node id="3">
        <label>diff_engine_t</label>
        <link refid="classdiff__engine__t"/>
        <childnode refid="4" relation="usage">
          <edgelabel>src1</edgelabel>
          <edgelabel>src2</edgelabel>
        </childnode>
      </node>
      <node id="5">
        <label>diff_range_t</label>
        <link refid="structdiff__range__t"/>
      </node>
      <node id="4">
        <label>diff_source_t</label>
        <link refid="classdiff__source__t"/>
        <childnode refid="5" relation="usage">
          <edgelabel>range</edgelabel>
        </childnode>
      </node>
    </collaborationgraph>
    <location file="obj/x64_linux_gcc_64_opt/idasdk/diff3.hpp" line="356" column="1" bodyfile="obj/x64_linux_gcc_64_opt/idasdk/diff3.hpp" bodystart="357" bodyend="369"/>
    <listofallmembers>
      <member refid="classdiff3__engine__t_1a63b29b751ecddcfd7bea41d957f92a7f" prot="private" virt="non-virtual"><scope>diff3_engine_t</scope><name>de1</name></member>
      <member refid="classdiff3__engine__t_1aad10b11c70dcdf89b339afe1e19c2197" prot="private" virt="non-virtual"><scope>diff3_engine_t</scope><name>de2</name></member>
      <member refid="classdiff3__engine__t_1a410ba09d30fc1004ff67fd99e8938ffa" prot="private" virt="non-virtual"><scope>diff3_engine_t</scope><name>de3</name></member>
      <member refid="classdiff2__engine__t_1a89c08774d86b81a11a5eed8fa314f58b" prot="public" virt="non-virtual"><scope>diff3_engine_t</scope><name>diff2_engine_t</name></member>
      <member refid="classdiff3__engine__t_1aa4bb9792baa8a3edc3e84a7b555473b7" prot="public" virt="non-virtual"><scope>diff3_engine_t</scope><name>diff3_engine_t</name></member>
      <member refid="classdiff__engine__t_1ab5aa1047db348344ee3ea32afd580f4d" prot="public" virt="non-virtual"><scope>diff3_engine_t</scope><name>diff_engine_t</name></member>
      <member refid="classdiff2__engine__t_1a943127307b86bc6e7af0571ad0d7b2e4" prot="public" virt="non-virtual"><scope>diff3_engine_t</scope><name>get_diff_region</name></member>
      <member refid="classdiff3__engine__t_1a753595d25a3b24700d8319d0b5a316ed" prot="public" virt="virtual"><scope>diff3_engine_t</scope><name>get_diff_regions</name></member>
      <member refid="classdiff__engine__t_1afc11a5b258961af6633e5015643e91d1" prot="public" virt="non-virtual"><scope>diff3_engine_t</scope><name>perform_diff</name></member>
      <member refid="classdiff2__engine__t_1a264cb50d99a66eee62ebcb02738d29d4" prot="public" virt="non-virtual"><scope>diff3_engine_t</scope><name>reset</name></member>
      <member refid="classdiff__engine__t_1a5421632c769683ede27c1a634da54693" prot="protected" virt="non-virtual"><scope>diff3_engine_t</scope><name>src1</name></member>
      <member refid="classdiff__engine__t_1a7fc6eeeaf49dbfccdb1d27b48ce2b25e" prot="protected" virt="non-virtual"><scope>diff3_engine_t</scope><name>src2</name></member>
      <member refid="classdiff3__engine__t_1ae52765d9b972614939a34d39bc4046aa" prot="public" virt="virtual"><scope>diff3_engine_t</scope><name>~diff3_engine_t</name></member>
    </listofallmembers>
  </compounddef>
</doxygen>
