<?xml version='1.0' encoding='UTF-8' standalone='no'?>
<doxygen xmlns:xsi="http://www.w3.org/2001/XMLSchema-instance" xsi:noNamespaceSchemaLocation="compound.xsd" version="1.9.3" xml:lang="en-US">
  <compounddef id="config_8hpp" kind="file" language="C++">
    <compoundname>config.hpp</compoundname>
    <includedby refid="idp_8hpp" local="no">obj/x64_linux_gcc_32_opt_pro/idasdk/idp.hpp</includedby>
    <invincdepgraph>
      <node id="1">
        <label>obj/x64_linux_gcc_32_opt_pro/idasdk/config.hpp</label>
        <link refid="config_8hpp"/>
        <childnode refid="2" relation="include">
        </childnode>
      </node>
      <node id="3">
        <label>obj/x64_linux_gcc_32_opt_pro/idasdk/dbg.hpp</label>
        <link refid="dbg_8hpp"/>
      </node>
      <node id="4">
        <label>obj/x64_linux_gcc_32_opt_pro/idasdk/expr.hpp</label>
        <link refid="expr_8hpp"/>
        <childnode refid="5" relation="include">
        </childnode>
      </node>
      <node id="6">
        <label>obj/x64_linux_gcc_32_opt_pro/idasdk/frame.hpp</label>
        <link refid="frame_8hpp"/>
      </node>
      <node id="7">
        <label>obj/x64_linux_gcc_32_opt_pro/idasdk/graph.hpp</label>
        <link refid="graph_8hpp"/>
      </node>
      <node id="8">
        <label>obj/x64_linux_gcc_32_opt_pro/idasdk/hexrays.hpp</label>
        <link refid="hexrays_8hpp_source"/>
      </node>
      <node id="5">
        <label>obj/x64_linux_gcc_32_opt_pro/idasdk/ida_highlighter.hpp</label>
        <link refid="ida__highlighter_8hpp_source"/>
      </node>
      <node id="2">
        <label>obj/x64_linux_gcc_32_opt_pro/idasdk/idp.hpp</label>
        <link refid="idp_8hpp"/>
        <childnode refid="3" relation="include">
        </childnode>
        <childnode refid="4" relation="include">
        </childnode>
        <childnode refid="6" relation="include">
        </childnode>
        <childnode refid="7" relation="include">
        </childnode>
        <childnode refid="8" relation="include">
        </childnode>
        <childnode refid="9" relation="include">
        </childnode>
      </node>
      <node id="10">
        <label>obj/x64_linux_gcc_32_opt_pro/idasdk/intel.hpp</label>
        <link refid="intel_8hpp_source"/>
      </node>
      <node id="11">
        <label>obj/x64_linux_gcc_32_opt_pro/idasdk/lumina.hpp</label>
        <link refid="lumina_8hpp_source"/>
      </node>
      <node id="12">
        <label>obj/x64_linux_gcc_32_opt_pro/idasdk/srclang.hpp</label>
        <link refid="srclang_8hpp"/>
      </node>
      <node id="13">
        <label>obj/x64_linux_gcc_32_opt_pro/idasdk/struct.hpp</label>
        <link refid="struct_8hpp"/>
      </node>
      <node id="9">
        <label>obj/x64_linux_gcc_32_opt_pro/idasdk/typeinf.hpp</label>
        <link refid="typeinf_8hpp"/>
        <childnode refid="8" relation="include">
        </childnode>
        <childnode refid="10" relation="include">
        </childnode>
        <childnode refid="11" relation="include">
        </childnode>
        <childnode refid="12" relation="include">
        </childnode>
        <childnode refid="13" relation="include">
        </childnode>
      </node>
    </invincdepgraph>
    <innerclass refid="structcfgopt__t" prot="public">cfgopt_t</innerclass>
    <innerclass refid="structcfgopt__t_1_1num__range__t" prot="public">cfgopt_t::num_range_t</innerclass>
    <innerclass refid="structcfgopt__t_1_1params__t" prot="public">cfgopt_t::params_t</innerclass>
    <innerclass refid="structcfgopt__set__t" prot="public">cfgopt_set_t</innerclass>
    <innerclass refid="structcfgopt__set__vec__t" prot="public">cfgopt_set_vec_t</innerclass>
      <sectiondef kind="define">
      <memberdef kind="define" id="group___i_d_p_o_p_t___t_1gac216775cfbb5b80faebf141c232ca6e1" prot="public" static="no">
        <name>IDPOPT_STR</name>
        <initializer>1</initializer>
        <briefdescription>
<para>string constant (char *) </para>
        </briefdescription>
        <detaileddescription>
        </detaileddescription>
        <inbodydescription>
        </inbodydescription>
        <location file="obj/x64_linux_gcc_32_opt_pro/idasdk/config.hpp" line="15" column="9" bodyfile="obj/x64_linux_gcc_32_opt_pro/idasdk/config.hpp" bodystart="15" bodyend="-1"/>
      </memberdef>
      <memberdef kind="define" id="group___i_d_p_o_p_t___t_1gad2eac856a1f31681b53742e38c474650" prot="public" static="no">
        <name>IDPOPT_NUM</name>
        <initializer>2</initializer>
        <briefdescription>
<para>number (uval_t *) </para>
        </briefdescription>
        <detaileddescription>
        </detaileddescription>
        <inbodydescription>
        </inbodydescription>
        <location file="obj/x64_linux_gcc_32_opt_pro/idasdk/config.hpp" line="16" column="9" bodyfile="obj/x64_linux_gcc_32_opt_pro/idasdk/config.hpp" bodystart="16" bodyend="-1"/>
      </memberdef>
      <memberdef kind="define" id="group___i_d_p_o_p_t___t_1ga1d94a7036c65a4c0e4edc674001d4756" prot="public" static="no">
        <name>IDPOPT_BIT</name>
        <initializer>3</initializer>
        <briefdescription>
<para>bit, yes/no (int *) </para>
        </briefdescription>
        <detaileddescription>
        </detaileddescription>
        <inbodydescription>
        </inbodydescription>
        <location file="obj/x64_linux_gcc_32_opt_pro/idasdk/config.hpp" line="17" column="9" bodyfile="obj/x64_linux_gcc_32_opt_pro/idasdk/config.hpp" bodystart="17" bodyend="-1"/>
      </memberdef>
      <memberdef kind="define" id="group___i_d_p_o_p_t___t_1gac4e51c4b6b1dd1f9ac0d3b40c6331bf0" prot="public" static="no">
        <name>IDPOPT_I64</name>
        <initializer>5</initializer>
        <briefdescription>
<para>64bit number (int64 *) </para>
        </briefdescription>
        <detaileddescription>
        </detaileddescription>
        <inbodydescription>
        </inbodydescription>
        <location file="obj/x64_linux_gcc_32_opt_pro/idasdk/config.hpp" line="18" column="9" bodyfile="obj/x64_linux_gcc_32_opt_pro/idasdk/config.hpp" bodystart="18" bodyend="-1"/>
      </memberdef>
      <memberdef kind="define" id="group___i_d_p_o_p_t___t_1ga96f9878cef63c27341e53d1be3711452" prot="public" static="no">
        <name>IDPOPT_CST</name>
        <initializer>6</initializer>
        <briefdescription>
        </briefdescription>
        <detaileddescription>
<para>lexer (lexer_t*) Custom type, starting with a &apos;{&apos; Values of this type should be handled by ::set_options_t callbacks. E.g.,: <programlisting><codeline><highlight class="normal">&lt;<sp/>ERROR_STRINGS<sp/>=</highlight></codeline>
<codeline><highlight class="normal">&lt;<sp/>{</highlight></codeline>
<codeline><highlight class="normal">&lt;<sp/><sp/><sp/>{0,<sp/>&quot;Unknown<sp/>error&quot;},</highlight></codeline>
<codeline><highlight class="normal">&lt;<sp/><sp/><sp/>{1,<sp/>&quot;Missing<sp/>filename&quot;},</highlight></codeline>
<codeline><highlight class="normal">&lt;<sp/><sp/><sp/>{5,<sp/>&quot;Out-of-memory&quot;}</highlight></codeline>
<codeline><highlight class="normal">&lt;<sp/>}</highlight></codeline>
<codeline><highlight class="normal">&lt;</highlight></codeline>
</programlisting> For values of this type, the data that will be passed as the callback&apos;s &apos;value&apos; parameter is the lexer instance that is being used to parse the configuration file. You can use parse_json() (see <ref refid="parsejson_8hpp" kindref="compound">parsejson.hpp</ref>) to parse JSON-format data NB: the &apos;{&apos; is already consumed by the parser, so you need to push it again if it&apos;s a part of the JSON object </para>
        </detaileddescription>
        <inbodydescription>
        </inbodydescription>
        <location file="obj/x64_linux_gcc_32_opt_pro/idasdk/config.hpp" line="19" column="9" bodyfile="obj/x64_linux_gcc_32_opt_pro/idasdk/config.hpp" bodystart="19" bodyend="-1"/>
      </memberdef>
      <memberdef kind="define" id="group___i_d_p_o_p_t___t_1gaab6ddabbe1821ae44d3a4c0d16f7e96f" prot="public" static="no">
        <name>IDPOPT_JVL</name>
        <initializer>7</initializer>
        <briefdescription>
<para>json value (<ref refid="structjvalue__t" kindref="compound">jvalue_t</ref> *) </para>
        </briefdescription>
        <detaileddescription>
        </detaileddescription>
        <inbodydescription>
        </inbodydescription>
        <location file="obj/x64_linux_gcc_32_opt_pro/idasdk/config.hpp" line="39" column="9" bodyfile="obj/x64_linux_gcc_32_opt_pro/idasdk/config.hpp" bodystart="39" bodyend="-1"/>
      </memberdef>
      <memberdef kind="define" id="group___i_d_p_o_p_t___r_e_t_1ga73f38984b81652d55b21eec967d9f492" prot="public" static="no">
        <name>IDPOPT_OK</name>
        <initializer>nullptr</initializer>
        <briefdescription>
<para>ok </para>
        </briefdescription>
        <detaileddescription>
        </detaileddescription>
        <inbodydescription>
        </inbodydescription>
        <location file="obj/x64_linux_gcc_32_opt_pro/idasdk/config.hpp" line="45" column="9" bodyfile="obj/x64_linux_gcc_32_opt_pro/idasdk/config.hpp" bodystart="45" bodyend="-1"/>
      </memberdef>
      <memberdef kind="define" id="group___i_d_p_o_p_t___r_e_t_1ga3cf6776198b983b0b4536fc3c3b0423c" prot="public" static="no">
        <name>IDPOPT_BADKEY</name>
        <initializer>((char*)1)</initializer>
        <briefdescription>
<para>illegal keyword </para>
        </briefdescription>
        <detaileddescription>
        </detaileddescription>
        <inbodydescription>
        </inbodydescription>
        <location file="obj/x64_linux_gcc_32_opt_pro/idasdk/config.hpp" line="46" column="9" bodyfile="obj/x64_linux_gcc_32_opt_pro/idasdk/config.hpp" bodystart="46" bodyend="-1"/>
      </memberdef>
      <memberdef kind="define" id="group___i_d_p_o_p_t___r_e_t_1ga89d2f5b24d6d3e167eee68ba7000c41a" prot="public" static="no">
        <name>IDPOPT_BADTYPE</name>
        <initializer>((char*)2)</initializer>
        <briefdescription>
<para>illegal type of value </para>
        </briefdescription>
        <detaileddescription>
        </detaileddescription>
        <inbodydescription>
        </inbodydescription>
        <location file="obj/x64_linux_gcc_32_opt_pro/idasdk/config.hpp" line="47" column="9" bodyfile="obj/x64_linux_gcc_32_opt_pro/idasdk/config.hpp" bodystart="47" bodyend="-1"/>
      </memberdef>
      <memberdef kind="define" id="group___i_d_p_o_p_t___r_e_t_1ga218fa0fe94b7efde34bc41cc7aaab6f9" prot="public" static="no">
        <name>IDPOPT_BADVALUE</name>
        <initializer>((char*)3)</initializer>
        <briefdescription>
<para>illegal value (bad range, for example) </para>
        </briefdescription>
        <detaileddescription>
        </detaileddescription>
        <inbodydescription>
        </inbodydescription>
        <location file="obj/x64_linux_gcc_32_opt_pro/idasdk/config.hpp" line="48" column="9" bodyfile="obj/x64_linux_gcc_32_opt_pro/idasdk/config.hpp" bodystart="48" bodyend="-1"/>
      </memberdef>
      <memberdef kind="define" id="group___i_d_a_o_p_t___p_r_i_o_1ga9e039964f5960348b80831b491f78773" prot="public" static="no">
        <name>IDPOPT_PRI_DEFAULT</name>
        <initializer>1</initializer>
        <briefdescription>
<para>default priority - taken from config file </para>
        </briefdescription>
        <detaileddescription>
        </detaileddescription>
        <inbodydescription>
        </inbodydescription>
        <location file="obj/x64_linux_gcc_32_opt_pro/idasdk/config.hpp" line="76" column="9" bodyfile="obj/x64_linux_gcc_32_opt_pro/idasdk/config.hpp" bodystart="76" bodyend="-1"/>
      </memberdef>
      <memberdef kind="define" id="group___i_d_a_o_p_t___p_r_i_o_1gaec10028de82f14b590163205a7e283a6" prot="public" static="no">
        <name>IDPOPT_PRI_HIGH</name>
        <initializer>2</initializer>
        <briefdescription>
<para>high priority - received from UI or a script function </para>
        </briefdescription>
        <detaileddescription>
        </detaileddescription>
        <inbodydescription>
        </inbodydescription>
        <location file="obj/x64_linux_gcc_32_opt_pro/idasdk/config.hpp" line="77" column="9" bodyfile="obj/x64_linux_gcc_32_opt_pro/idasdk/config.hpp" bodystart="77" bodyend="-1"/>
      </memberdef>
      <memberdef kind="define" id="config_8hpp_1a3843c3d17be36c8ea2444895296358af" prot="public" static="no">
        <name>IDPOPT_NUM_INT</name>
        <initializer>(0)</initializer>
        <briefdescription>
<para>used by <ref refid="structcfgopt__t" kindref="compound">cfgopt_t</ref>. You shouldn&apos;t have to deal with those directly. </para>
        </briefdescription>
        <detaileddescription>
        </detaileddescription>
        <inbodydescription>
        </inbodydescription>
        <location file="obj/x64_linux_gcc_32_opt_pro/idasdk/config.hpp" line="131" column="9" bodyfile="obj/x64_linux_gcc_32_opt_pro/idasdk/config.hpp" bodystart="131" bodyend="-1"/>
      </memberdef>
      <memberdef kind="define" id="config_8hpp_1a8fd60e5df861ddc7e21009c808fdcb14" prot="public" static="no">
        <name>IDPOPT_NUM_CHAR</name>
        <initializer>(1 &lt;&lt; 24)</initializer>
        <briefdescription>
        </briefdescription>
        <detaileddescription>
        </detaileddescription>
        <inbodydescription>
        </inbodydescription>
        <location file="obj/x64_linux_gcc_32_opt_pro/idasdk/config.hpp" line="132" column="9" bodyfile="obj/x64_linux_gcc_32_opt_pro/idasdk/config.hpp" bodystart="132" bodyend="-1"/>
      </memberdef>
      <memberdef kind="define" id="config_8hpp_1aefcf28db660a8db1eb534c58a8a114e5" prot="public" static="no">
        <name>IDPOPT_NUM_SHORT</name>
        <initializer>(2 &lt;&lt; 24)</initializer>
        <briefdescription>
        </briefdescription>
        <detaileddescription>
        </detaileddescription>
        <inbodydescription>
        </inbodydescription>
        <location file="obj/x64_linux_gcc_32_opt_pro/idasdk/config.hpp" line="133" column="9" bodyfile="obj/x64_linux_gcc_32_opt_pro/idasdk/config.hpp" bodystart="133" bodyend="-1"/>
      </memberdef>
      <memberdef kind="define" id="config_8hpp_1abaf4448f736cc5ce354edb71e822b47d" prot="public" static="no">
        <name>IDPOPT_NUM_RANGE</name>
        <initializer>(1 &lt;&lt; 26)</initializer>
        <briefdescription>
        </briefdescription>
        <detaileddescription>
        </detaileddescription>
        <inbodydescription>
        </inbodydescription>
        <location file="obj/x64_linux_gcc_32_opt_pro/idasdk/config.hpp" line="134" column="9" bodyfile="obj/x64_linux_gcc_32_opt_pro/idasdk/config.hpp" bodystart="134" bodyend="-1"/>
      </memberdef>
      <memberdef kind="define" id="config_8hpp_1aae94ca77ba820c3657e35f5b26aadc04" prot="public" static="no">
        <name>IDPOPT_NUM_UNS</name>
        <initializer>(1 &lt;&lt; 27)</initializer>
        <briefdescription>
        </briefdescription>
        <detaileddescription>
        </detaileddescription>
        <inbodydescription>
        </inbodydescription>
        <location file="obj/x64_linux_gcc_32_opt_pro/idasdk/config.hpp" line="135" column="9" bodyfile="obj/x64_linux_gcc_32_opt_pro/idasdk/config.hpp" bodystart="135" bodyend="-1"/>
      </memberdef>
      <memberdef kind="define" id="config_8hpp_1a55f3b126439429fd47b6689ab7bd7870" prot="public" static="no">
        <name>IDPOPT_BIT_UINT</name>
        <initializer>0</initializer>
        <briefdescription>
        </briefdescription>
        <detaileddescription>
        </detaileddescription>
        <inbodydescription>
        </inbodydescription>
        <location file="obj/x64_linux_gcc_32_opt_pro/idasdk/config.hpp" line="137" column="9" bodyfile="obj/x64_linux_gcc_32_opt_pro/idasdk/config.hpp" bodystart="137" bodyend="-1"/>
      </memberdef>
      <memberdef kind="define" id="config_8hpp_1a2435d32fa308bd49f911a44282209c02" prot="public" static="no">
        <name>IDPOPT_BIT_UCHAR</name>
        <initializer>(1 &lt;&lt; 24)</initializer>
        <briefdescription>
        </briefdescription>
        <detaileddescription>
        </detaileddescription>
        <inbodydescription>
        </inbodydescription>
        <location file="obj/x64_linux_gcc_32_opt_pro/idasdk/config.hpp" line="138" column="9" bodyfile="obj/x64_linux_gcc_32_opt_pro/idasdk/config.hpp" bodystart="138" bodyend="-1"/>
      </memberdef>
      <memberdef kind="define" id="config_8hpp_1aaf179fc1f77504c5976116839c3ba883" prot="public" static="no">
        <name>IDPOPT_BIT_USHORT</name>
        <initializer>(2 &lt;&lt; 24)</initializer>
        <briefdescription>
        </briefdescription>
        <detaileddescription>
        </detaileddescription>
        <inbodydescription>
        </inbodydescription>
        <location file="obj/x64_linux_gcc_32_opt_pro/idasdk/config.hpp" line="139" column="9" bodyfile="obj/x64_linux_gcc_32_opt_pro/idasdk/config.hpp" bodystart="139" bodyend="-1"/>
      </memberdef>
      <memberdef kind="define" id="config_8hpp_1aa7848f673e9705fdd2c7dcd7defd45a9" prot="public" static="no">
        <name>IDPOPT_BIT_BOOL</name>
        <initializer>(3 &lt;&lt; 24)</initializer>
        <briefdescription>
        </briefdescription>
        <detaileddescription>
        </detaileddescription>
        <inbodydescription>
        </inbodydescription>
        <location file="obj/x64_linux_gcc_32_opt_pro/idasdk/config.hpp" line="140" column="9" bodyfile="obj/x64_linux_gcc_32_opt_pro/idasdk/config.hpp" bodystart="140" bodyend="-1"/>
      </memberdef>
      <memberdef kind="define" id="config_8hpp_1ad1425b2f5549ca9968d58a61f39acc27" prot="public" static="no">
        <name>IDPOPT_STR_QSTRING</name>
        <initializer>(1 &lt;&lt; 24)</initializer>
        <briefdescription>
        </briefdescription>
        <detaileddescription>
        </detaileddescription>
        <inbodydescription>
        </inbodydescription>
        <location file="obj/x64_linux_gcc_32_opt_pro/idasdk/config.hpp" line="142" column="9" bodyfile="obj/x64_linux_gcc_32_opt_pro/idasdk/config.hpp" bodystart="142" bodyend="-1"/>
      </memberdef>
      <memberdef kind="define" id="config_8hpp_1a86db473e1111d174e9a7344452c641c8" prot="public" static="no">
        <name>IDPOPT_STR_LONG</name>
        <initializer>(1 &lt;&lt; 25)</initializer>
        <briefdescription>
        </briefdescription>
        <detaileddescription>
        </detaileddescription>
        <inbodydescription>
        </inbodydescription>
        <location file="obj/x64_linux_gcc_32_opt_pro/idasdk/config.hpp" line="143" column="9" bodyfile="obj/x64_linux_gcc_32_opt_pro/idasdk/config.hpp" bodystart="143" bodyend="-1"/>
      </memberdef>
      <memberdef kind="define" id="config_8hpp_1a551d7e2441c2c1be863323bf1466bd96" prot="public" static="no">
        <name>IDPOPT_I64_RANGE</name>
        <initializer>(1 &lt;&lt; 24)</initializer>
        <briefdescription>
        </briefdescription>
        <detaileddescription>
        </detaileddescription>
        <inbodydescription>
        </inbodydescription>
        <location file="obj/x64_linux_gcc_32_opt_pro/idasdk/config.hpp" line="145" column="9" bodyfile="obj/x64_linux_gcc_32_opt_pro/idasdk/config.hpp" bodystart="145" bodyend="-1"/>
      </memberdef>
      <memberdef kind="define" id="config_8hpp_1a69746272a7cd717aae7480e20d10b22c" prot="public" static="no">
        <name>IDPOPT_I64_UNS</name>
        <initializer>(1 &lt;&lt; 25)</initializer>
        <briefdescription>
        </briefdescription>
        <detaileddescription>
        </detaileddescription>
        <inbodydescription>
        </inbodydescription>
        <location file="obj/x64_linux_gcc_32_opt_pro/idasdk/config.hpp" line="146" column="9" bodyfile="obj/x64_linux_gcc_32_opt_pro/idasdk/config.hpp" bodystart="146" bodyend="-1"/>
      </memberdef>
      <memberdef kind="define" id="config_8hpp_1a2d1b1e8299dfa917c14699b630459563" prot="public" static="no">
        <name>IDPOPT_CST_PARAMS</name>
        <initializer>(1 &lt;&lt; 24)</initializer>
        <briefdescription>
        </briefdescription>
        <detaileddescription>
        </detaileddescription>
        <inbodydescription>
        </inbodydescription>
        <location file="obj/x64_linux_gcc_32_opt_pro/idasdk/config.hpp" line="148" column="9" bodyfile="obj/x64_linux_gcc_32_opt_pro/idasdk/config.hpp" bodystart="148" bodyend="-1"/>
      </memberdef>
      <memberdef kind="define" id="config_8hpp_1a2b0f7301217af253f59b4fd0acc2448c" prot="public" static="no">
        <name>IDPOPT_MBROFF</name>
        <initializer>(1 &lt;&lt; 18)</initializer>
        <briefdescription>
        </briefdescription>
        <detaileddescription>
        </detaileddescription>
        <inbodydescription>
        </inbodydescription>
        <location file="obj/x64_linux_gcc_32_opt_pro/idasdk/config.hpp" line="150" column="9" bodyfile="obj/x64_linux_gcc_32_opt_pro/idasdk/config.hpp" bodystart="150" bodyend="-1"/>
      </memberdef>
      <memberdef kind="define" id="config_8hpp_1ad7d51764716d021f98bb39464f855130" prot="public" static="no">
        <name>CFGOPT_QS</name>
        <param><defname>nm</defname></param>
        <param><defname>cfgt</defname></param>
        <param><defname>cfgm</defname></param>
        <param><defname>_long</defname></param>
        <initializer>  <ref refid="structcfgopt__t" kindref="compound">cfgopt_t</ref>(nm, &amp;cfgt::cfgm, qoffsetof(cfgt, cfgm), _long)</initializer>
        <briefdescription>
        </briefdescription>
        <detaileddescription>
        </detaileddescription>
        <inbodydescription>
        </inbodydescription>
        <location file="obj/x64_linux_gcc_32_opt_pro/idasdk/config.hpp" line="297" column="9" bodyfile="obj/x64_linux_gcc_32_opt_pro/idasdk/config.hpp" bodystart="297" bodyend="-1"/>
      </memberdef>
      <memberdef kind="define" id="config_8hpp_1a7696106e2e99a1f4fc0ab44ed6537c19" prot="public" static="no">
        <name>CFGOPT_INNER_QS</name>
        <param><defname>nm</defname></param>
        <param><defname>cfgt</defname></param>
        <param><defname>cfgm</defname></param>
        <param><defname>mt</defname></param>
        <param><defname>mf</defname></param>
        <param><defname>_long</defname></param>
        <initializer>  <ref refid="structcfgopt__t" kindref="compound">cfgopt_t</ref>(nm, &amp;mt::mf, qoffsetof(cfgt, cfgm) + qoffsetof(mt, mf), _long)</initializer>
        <briefdescription>
        </briefdescription>
        <detaileddescription>
        </detaileddescription>
        <inbodydescription>
        </inbodydescription>
        <location file="obj/x64_linux_gcc_32_opt_pro/idasdk/config.hpp" line="300" column="9" bodyfile="obj/x64_linux_gcc_32_opt_pro/idasdk/config.hpp" bodystart="300" bodyend="-1"/>
      </memberdef>
      <memberdef kind="define" id="config_8hpp_1ae6a594b7b76b793a7a567a9656693303" prot="public" static="no">
        <name>CTR_CFGOPT</name>
        <param><defname>ctrtype</defname></param>
        <param><defname>ctrflags</defname></param>
        <initializer>  template&lt;class T&gt;                                                 \
  constexpr <ref refid="structcfgopt__t" kindref="compound">cfgopt_t</ref>(const char *_n, ctrtype T:: *, size_t _mbroff) \
    : name(_n),                                                     \
      mbroff(_mbroff),                                              \
      flags(IDPOPT_MBROFF|<ref refid="group___i_d_p_o_p_t___t_1gad2eac856a1f31681b53742e38c474650" kindref="member">IDPOPT_NUM</ref>|ctrflags),                     \
      buf_size(0)                                                   \
  {}</initializer>
        <briefdescription>
        </briefdescription>
        <detaileddescription>
        </detaileddescription>
        <inbodydescription>
        </inbodydescription>
        <location file="obj/x64_linux_gcc_32_opt_pro/idasdk/config.hpp" line="314" column="9" bodyfile="obj/x64_linux_gcc_32_opt_pro/idasdk/config.hpp" bodystart="362" bodyend="-1"/>
      </memberdef>
      <memberdef kind="define" id="config_8hpp_1a0b42f6649aec60187212153f76fa9792" prot="public" static="no">
        <name>CFGOPT_N</name>
        <param><defname>nm</defname></param>
        <param><defname>cfgt</defname></param>
        <param><defname>cfgm</defname></param>
        <initializer>  <ref refid="structcfgopt__t" kindref="compound">cfgopt_t</ref>(nm, &amp;cfgt::cfgm, qoffsetof(cfgt, cfgm))</initializer>
        <briefdescription>
        </briefdescription>
        <detaileddescription>
        </detaileddescription>
        <inbodydescription>
        </inbodydescription>
        <location file="obj/x64_linux_gcc_32_opt_pro/idasdk/config.hpp" line="330" column="9" bodyfile="obj/x64_linux_gcc_32_opt_pro/idasdk/config.hpp" bodystart="330" bodyend="-1"/>
      </memberdef>
      <memberdef kind="define" id="config_8hpp_1aa061c25dc435534157499d1eb022e79f" prot="public" static="no">
        <name>CFGOPT_INNER_N</name>
        <param><defname>nm</defname></param>
        <param><defname>cfgt</defname></param>
        <param><defname>cfgm</defname></param>
        <param><defname>mt</defname></param>
        <param><defname>mf</defname></param>
        <initializer>  <ref refid="structcfgopt__t" kindref="compound">cfgopt_t</ref>(nm, &amp;mt::mf, qoffsetof(cfgt, cfgm) + qoffsetof(mt, mf))</initializer>
        <briefdescription>
        </briefdescription>
        <detaileddescription>
        </detaileddescription>
        <inbodydescription>
        </inbodydescription>
        <location file="obj/x64_linux_gcc_32_opt_pro/idasdk/config.hpp" line="333" column="9" bodyfile="obj/x64_linux_gcc_32_opt_pro/idasdk/config.hpp" bodystart="333" bodyend="-1"/>
      </memberdef>
      <memberdef kind="define" id="config_8hpp_1ae6a594b7b76b793a7a567a9656693303" prot="public" static="no">
        <name>CTR_CFGOPT</name>
        <param><defname>ctrtype</defname></param>
        <param><defname>ctrflags</defname></param>
        <initializer>  template&lt;class T&gt;                                                                         \
  constexpr <ref refid="structcfgopt__t" kindref="compound">cfgopt_t</ref>(const char *_n, ctrtype T:: *, size_t _mbroff, int64 _min, int64 _max) \
    : name(_n),                                                                             \
      mbroff(_mbroff),                                                                      \
      flags(IDPOPT_MBROFF|<ref refid="group___i_d_p_o_p_t___t_1gad2eac856a1f31681b53742e38c474650" kindref="member">IDPOPT_NUM</ref>|IDPOPT_NUM_RANGE|ctrflags),                            \
      num_range(_min, _max)                                                                 \
  {}</initializer>
        <briefdescription>
        </briefdescription>
        <detaileddescription>
        </detaileddescription>
        <inbodydescription>
        </inbodydescription>
        <location file="obj/x64_linux_gcc_32_opt_pro/idasdk/config.hpp" line="338" column="9" bodyfile="obj/x64_linux_gcc_32_opt_pro/idasdk/config.hpp" bodystart="362" bodyend="-1"/>
      </memberdef>
      <memberdef kind="define" id="config_8hpp_1a2233f9c3c08144b8d95918223de5d2cc" prot="public" static="no">
        <name>CFGOPT_R</name>
        <param><defname>nm</defname></param>
        <param><defname>cfgt</defname></param>
        <param><defname>cfgm</defname></param>
        <param><defname>min</defname></param>
        <param><defname>max</defname></param>
        <initializer>  <ref refid="structcfgopt__t" kindref="compound">cfgopt_t</ref>(nm, &amp;cfgt::cfgm, qoffsetof(cfgt, cfgm), min, max)</initializer>
        <briefdescription>
        </briefdescription>
        <detaileddescription>
        </detaileddescription>
        <inbodydescription>
        </inbodydescription>
        <location file="obj/x64_linux_gcc_32_opt_pro/idasdk/config.hpp" line="354" column="9" bodyfile="obj/x64_linux_gcc_32_opt_pro/idasdk/config.hpp" bodystart="354" bodyend="-1"/>
      </memberdef>
      <memberdef kind="define" id="config_8hpp_1ae58ea18654a2ca1b500a8eb8c21d8735" prot="public" static="no">
        <name>CFGOPT_INNER_R</name>
        <param><defname>nm</defname></param>
        <param><defname>cfgt</defname></param>
        <param><defname>cfgm</defname></param>
        <param><defname>mt</defname></param>
        <param><defname>mf</defname></param>
        <param><defname>min</defname></param>
        <param><defname>max</defname></param>
        <initializer>  <ref refid="structcfgopt__t" kindref="compound">cfgopt_t</ref>(nm, &amp;mt::mf, qoffsetof(cfgt, cfgm) + qoffsetof(mt, mf), min, max)</initializer>
        <briefdescription>
        </briefdescription>
        <detaileddescription>
        </detaileddescription>
        <inbodydescription>
        </inbodydescription>
        <location file="obj/x64_linux_gcc_32_opt_pro/idasdk/config.hpp" line="357" column="9" bodyfile="obj/x64_linux_gcc_32_opt_pro/idasdk/config.hpp" bodystart="357" bodyend="-1"/>
      </memberdef>
      <memberdef kind="define" id="config_8hpp_1ae6a594b7b76b793a7a567a9656693303" prot="public" static="no">
        <name>CTR_CFGOPT</name>
        <param><defname>ctrtype</defname></param>
        <param><defname>ctrflags</defname></param>
        <initializer>  template&lt;class T&gt;                                                     \
  constexpr <ref refid="structcfgopt__t" kindref="compound">cfgopt_t</ref>(const char *_n, ctrtype T:: *, size_t _mbroff, ctrtype _flags) \
    : name(_n),                                                         \
      mbroff(_mbroff),                                                  \
      flags(IDPOPT_MBROFF|<ref refid="group___i_d_p_o_p_t___t_1ga1d94a7036c65a4c0e4edc674001d4756" kindref="member">IDPOPT_BIT</ref>|ctrflags),                         \
      bit_flags(_flags)                                                 \
  {}</initializer>
        <briefdescription>
        </briefdescription>
        <detaileddescription>
        </detaileddescription>
        <inbodydescription>
        </inbodydescription>
        <location file="obj/x64_linux_gcc_32_opt_pro/idasdk/config.hpp" line="362" column="9" bodyfile="obj/x64_linux_gcc_32_opt_pro/idasdk/config.hpp" bodystart="362" bodyend="-1"/>
      </memberdef>
      <memberdef kind="define" id="config_8hpp_1a23feb660d52af46c13dfec79b601be8b" prot="public" static="no">
        <name>CFGOPT_B</name>
        <param><defname>nm</defname></param>
        <param><defname>cfgt</defname></param>
        <param><defname>cfgm</defname></param>
        <param><defname>_flags</defname></param>
        <initializer>  <ref refid="structcfgopt__t" kindref="compound">cfgopt_t</ref>(nm, &amp;cfgt::cfgm, qoffsetof(cfgt, cfgm), _flags)</initializer>
        <briefdescription>
        </briefdescription>
        <detaileddescription>
        </detaileddescription>
        <inbodydescription>
        </inbodydescription>
        <location file="obj/x64_linux_gcc_32_opt_pro/idasdk/config.hpp" line="375" column="10" bodyfile="obj/x64_linux_gcc_32_opt_pro/idasdk/config.hpp" bodystart="375" bodyend="-1"/>
      </memberdef>
      <memberdef kind="define" id="config_8hpp_1aab9c549fb59a3449c9975af2028de3c4" prot="public" static="no">
        <name>CFGOPT_INNER_B</name>
        <param><defname>nm</defname></param>
        <param><defname>cfgt</defname></param>
        <param><defname>cfgm</defname></param>
        <param><defname>mt</defname></param>
        <param><defname>mf</defname></param>
        <param><defname>_flags</defname></param>
        <initializer>  <ref refid="structcfgopt__t" kindref="compound">cfgopt_t</ref>(nm, &amp;mt::mf, qoffsetof(cfgt, cfgm) + qoffsetof(mt, mf), _flags)</initializer>
        <briefdescription>
        </briefdescription>
        <detaileddescription>
        </detaileddescription>
        <inbodydescription>
        </inbodydescription>
        <location file="obj/x64_linux_gcc_32_opt_pro/idasdk/config.hpp" line="378" column="9" bodyfile="obj/x64_linux_gcc_32_opt_pro/idasdk/config.hpp" bodystart="378" bodyend="-1"/>
      </memberdef>
      <memberdef kind="define" id="config_8hpp_1a75efb7f51230cdf4c7ea95e1f602c30c" prot="public" static="no">
        <name>CFGOPT_J</name>
        <param><defname>nm</defname></param>
        <param><defname>cfgt</defname></param>
        <param><defname>cfgm</defname></param>
        <initializer>  <ref refid="structcfgopt__t" kindref="compound">cfgopt_t</ref>(nm, &amp;cfgt::cfgm, qoffsetof(cfgt, cfgm))</initializer>
        <briefdescription>
        </briefdescription>
        <detaileddescription>
        </detaileddescription>
        <inbodydescription>
        </inbodydescription>
        <location file="obj/x64_linux_gcc_32_opt_pro/idasdk/config.hpp" line="407" column="9" bodyfile="obj/x64_linux_gcc_32_opt_pro/idasdk/config.hpp" bodystart="407" bodyend="-1"/>
      </memberdef>
      </sectiondef>
      <sectiondef kind="enum">
      <memberdef kind="enum" id="config_8hpp_1a41dc8b62a646476f6b96b0bd840e1d10" prot="public" static="no" strong="no">
        <type></type>
        <name>cfg_input_kind_t</name>
        <enumvalue id="config_8hpp_1a41dc8b62a646476f6b96b0bd840e1d10a5dd53c5b0ac422cf4319af1c90b2b664" prot="public">
          <name>cik_string</name>
          <initializer>= 0</initializer>
          <briefdescription>
          </briefdescription>
          <detaileddescription>
          </detaileddescription>
        </enumvalue>
        <enumvalue id="config_8hpp_1a41dc8b62a646476f6b96b0bd840e1d10a6e3066bcbf172c08471b7afa8e0538ab" prot="public">
          <name>cik_filename</name>
          <briefdescription>
          </briefdescription>
          <detaileddescription>
          </detaileddescription>
        </enumvalue>
        <enumvalue id="config_8hpp_1a41dc8b62a646476f6b96b0bd840e1d10a715a03dc80bd22a097cb3ec90dc4cfd8" prot="public">
          <name>cik_path</name>
          <briefdescription>
          </briefdescription>
          <detaileddescription>
          </detaileddescription>
        </enumvalue>
        <briefdescription>
        </briefdescription>
        <detaileddescription>
        </detaileddescription>
        <inbodydescription>
        </inbodydescription>
        <location file="obj/x64_linux_gcc_32_opt_pro/idasdk/config.hpp" line="449" column="1" bodyfile="obj/x64_linux_gcc_32_opt_pro/idasdk/config.hpp" bodystart="450" bodyend="454"/>
      </memberdef>
      </sectiondef>
      <sectiondef kind="typedef">
      <memberdef kind="typedef" id="config_8hpp_1aeac21e20910e4e06024ca72e5cf2fd90" prot="public" static="no">
        <type>const char *idaapi</type>
        <definition>typedef const char *idaapi set_options_t(const char *keyword, int value_type, const void *value, bool idb_loaded)</definition>
        <argsstring>(const char *keyword, int value_type, const void *value, bool idb_loaded)</argsstring>
        <name>set_options_t</name>
        <briefdescription>
        </briefdescription>
        <detaileddescription>
<para>Callback - called when a config directive is processed in IDA. Also see read_config_file() and processor_t::set_idp_options <parameterlist kind="param"><parameteritem>
<parameternamelist>
<parametername>keyword</parametername>
</parameternamelist>
<parameterdescription>
<para>keyword encountered in IDA.CFG/user config file. if nullptr, then an interactive dialog form should be displayed </para>
</parameterdescription>
</parameteritem>
<parameteritem>
<parameternamelist>
<parametername>value_type</parametername>
</parameternamelist>
<parameterdescription>
<para>type of value of the keyword - one of <ref refid="group___i_d_p_o_p_t___t" kindref="compound">Option value types</ref> </para>
</parameterdescription>
</parameteritem>
<parameteritem>
<parameternamelist>
<parametername>value</parametername>
</parameternamelist>
<parameterdescription>
<para>pointer to value </para>
</parameterdescription>
</parameteritem>
<parameteritem>
<parameternamelist>
<parametername>idb_loaded</parametername>
</parameternamelist>
<parameterdescription>
<para>true if the ev_oldfile/ev_newfile events have been generated? </para>
</parameterdescription>
</parameteritem>
</parameterlist>
<simplesect kind="return"><para>one of <ref refid="group___i_d_p_o_p_t___r_e_t" kindref="compound">Option result codes</ref>, otherwise a pointer to an error message </para>
</simplesect>
</para>
        </detaileddescription>
        <inbodydescription>
        </inbodydescription>
        <location file="obj/x64_linux_gcc_32_opt_pro/idasdk/config.hpp" line="61" column="27" bodyfile="obj/x64_linux_gcc_32_opt_pro/idasdk/config.hpp" bodystart="61" bodyend="-1"/>
      </memberdef>
      <memberdef kind="typedef" id="config_8hpp_1aeba7ef786693cedad0ede44206f2ad86" prot="public" static="no">
        <type>const char *idaapi</type>
        <definition>typedef const char *idaapi cfgopt_handler_t(lexer_t *lx, const token_t &amp;keyword, const token_t &amp;value)</definition>
        <argsstring>(lexer_t *lx, const token_t &amp;keyword, const token_t &amp;value)</argsstring>
        <name>cfgopt_handler_t</name>
        <briefdescription>
        </briefdescription>
        <detaileddescription>
        </detaileddescription>
        <inbodydescription>
        </inbodydescription>
        <location file="obj/x64_linux_gcc_32_opt_pro/idasdk/config.hpp" line="107" column="27" bodyfile="obj/x64_linux_gcc_32_opt_pro/idasdk/config.hpp" bodystart="107" bodyend="-1"/>
      </memberdef>
      <memberdef kind="typedef" id="config_8hpp_1a549446d81f27ec4893c3daa11e9a8793" prot="public" static="no">
        <type>const char *idaapi</type>
        <definition>typedef const char *idaapi cfgopt_handler2_t(lexer_t *lx, const token_t &amp;keyword, const token_t &amp;value, int64 param1, int64 param2)</definition>
        <argsstring>(lexer_t *lx, const token_t &amp;keyword, const token_t &amp;value, int64 param1, int64 param2)</argsstring>
        <name>cfgopt_handler2_t</name>
        <briefdescription>
        </briefdescription>
        <detaileddescription>
        </detaileddescription>
        <inbodydescription>
        </inbodydescription>
        <location file="obj/x64_linux_gcc_32_opt_pro/idasdk/config.hpp" line="113" column="27" bodyfile="obj/x64_linux_gcc_32_opt_pro/idasdk/config.hpp" bodystart="113" bodyend="-1"/>
      </memberdef>
      <memberdef kind="typedef" id="config_8hpp_1a6c390cd1fa3cb644f5af641eea544112" prot="public" static="no">
        <type>const char *idaapi</type>
        <definition>typedef const char *idaapi cfgopt_handler3_t(lexer_t *lx, const token_t &amp;keyword, const token_t &amp;value, int64 param1, int64 param2, void *obj)</definition>
        <argsstring>(lexer_t *lx, const token_t &amp;keyword, const token_t &amp;value, int64 param1, int64 param2, void *obj)</argsstring>
        <name>cfgopt_handler3_t</name>
        <briefdescription>
        </briefdescription>
        <detaileddescription>
        </detaileddescription>
        <inbodydescription>
        </inbodydescription>
        <location file="obj/x64_linux_gcc_32_opt_pro/idasdk/config.hpp" line="121" column="27" bodyfile="obj/x64_linux_gcc_32_opt_pro/idasdk/config.hpp" bodystart="121" bodyend="-1"/>
      </memberdef>
      <memberdef kind="typedef" id="config_8hpp_1af5975f93190574bfe37a5f068dd97535" prot="public" static="no">
        <type>void idaapi</type>
        <definition>typedef void idaapi config_changed_cb_t(const cfgopt_t &amp;opt, int vtype, const void *vdata)</definition>
        <argsstring>(const cfgopt_t &amp;opt, int vtype, const void *vdata)</argsstring>
        <name>config_changed_cb_t</name>
        <briefdescription>
        </briefdescription>
        <detaileddescription>
        </detaileddescription>
        <inbodydescription>
        </inbodydescription>
        <location file="obj/x64_linux_gcc_32_opt_pro/idasdk/config.hpp" line="541" column="21" bodyfile="obj/x64_linux_gcc_32_opt_pro/idasdk/config.hpp" bodystart="541" bodyend="-1"/>
      </memberdef>
      </sectiondef>
      <sectiondef kind="func">
      <memberdef kind="function" id="config_8hpp_1aac183831da6c994a01e7e7e0b825e3fb" prot="public" static="no" const="no" explicit="no" inline="no" virt="non-virtual">
        <type>idaman bool ida_export</type>
        <definition>idaman bool ida_export parse_config_value</definition>
        <argsstring>(idc_value_t *out, lexer_t *lx, const token_t &amp;value)</argsstring>
        <name>parse_config_value</name>
        <param>
          <type><ref refid="classidc__value__t" kindref="compound">idc_value_t</ref> *</type>
          <declname>out</declname>
        </param>
        <param>
          <type>lexer_t *</type>
          <declname>lx</declname>
        </param>
        <param>
          <type>const <ref refid="structtoken__t" kindref="compound">token_t</ref> &amp;</type>
          <declname>value</declname>
        </param>
        <briefdescription>
        </briefdescription>
        <detaileddescription>
        </detaileddescription>
        <inbodydescription>
        </inbodydescription>
        <location file="obj/x64_linux_gcc_32_opt_pro/idasdk/config.hpp" line="101" column="24" declfile="obj/x64_linux_gcc_32_opt_pro/idasdk/config.hpp" declline="101" declcolumn="24"/>
      </memberdef>
      <memberdef kind="function" id="config_8hpp_1a262b4b5c4b31e040539ab6f7c06ca68b" prot="public" static="no" const="no" explicit="no" inline="no" virt="non-virtual">
        <type>idaman const char *ida_export</type>
        <definition>idaman const char *ida_export cfgopt_t__apply</definition>
        <argsstring>(const cfgopt_t *_this, int vtype, const void *vdata)</argsstring>
        <name>cfgopt_t__apply</name>
        <param>
          <type>const <ref refid="structcfgopt__t" kindref="compound">cfgopt_t</ref> *</type>
          <declname>_this</declname>
        </param>
        <param>
          <type>int</type>
          <declname>vtype</declname>
        </param>
        <param>
          <type>const void *</type>
          <declname>vdata</declname>
        </param>
        <briefdescription>
        </briefdescription>
        <detaileddescription>
        </detaileddescription>
        <inbodydescription>
        </inbodydescription>
        <location file="obj/x64_linux_gcc_32_opt_pro/idasdk/config.hpp" line="154" column="30" declfile="obj/x64_linux_gcc_32_opt_pro/idasdk/config.hpp" declline="154" declcolumn="30"/>
      </memberdef>
      <memberdef kind="function" id="config_8hpp_1a3c62535021093cee27e08995d10ed61e" prot="public" static="no" const="no" explicit="no" inline="no" virt="non-virtual">
        <type>idaman const char *ida_export</type>
        <definition>idaman const char *ida_export cfgopt_t__apply2</definition>
        <argsstring>(const cfgopt_t *_this, int vtype, const void *vdata, void *obj)</argsstring>
        <name>cfgopt_t__apply2</name>
        <param>
          <type>const <ref refid="structcfgopt__t" kindref="compound">cfgopt_t</ref> *</type>
          <declname>_this</declname>
        </param>
        <param>
          <type>int</type>
          <declname>vtype</declname>
        </param>
        <param>
          <type>const void *</type>
          <declname>vdata</declname>
        </param>
        <param>
          <type>void *</type>
          <declname>obj</declname>
        </param>
        <briefdescription>
        </briefdescription>
        <detaileddescription>
        </detaileddescription>
        <inbodydescription>
        </inbodydescription>
        <location file="obj/x64_linux_gcc_32_opt_pro/idasdk/config.hpp" line="158" column="30" declfile="obj/x64_linux_gcc_32_opt_pro/idasdk/config.hpp" declline="158" declcolumn="30"/>
      </memberdef>
      <memberdef kind="function" id="config_8hpp_1a72c3783c6e49ff852a851b04a671f1d7" prot="public" static="no" const="no" explicit="no" inline="no" virt="non-virtual">
        <type>idaman const char *ida_export</type>
        <definition>idaman const char *ida_export cfgopt_t__apply3</definition>
        <argsstring>(const cfgopt_t *_this, lexer_t *lx, int vtype, const void *vdata, void *obj)</argsstring>
        <name>cfgopt_t__apply3</name>
        <param>
          <type>const <ref refid="structcfgopt__t" kindref="compound">cfgopt_t</ref> *</type>
          <declname>_this</declname>
        </param>
        <param>
          <type>lexer_t *</type>
          <declname>lx</declname>
        </param>
        <param>
          <type>int</type>
          <declname>vtype</declname>
        </param>
        <param>
          <type>const void *</type>
          <declname>vdata</declname>
        </param>
        <param>
          <type>void *</type>
          <declname>obj</declname>
        </param>
        <briefdescription>
        </briefdescription>
        <detaileddescription>
        </detaileddescription>
        <inbodydescription>
        </inbodydescription>
        <location file="obj/x64_linux_gcc_32_opt_pro/idasdk/config.hpp" line="163" column="30" declfile="obj/x64_linux_gcc_32_opt_pro/idasdk/config.hpp" declline="163" declcolumn="30"/>
      </memberdef>
      <memberdef kind="function" id="config_8hpp_1adc0e82989a1805f0fda931e2cea2bddc" prot="public" static="no" const="no" explicit="no" inline="no" virt="non-virtual">
        <type>idaman bool ida_export</type>
        <definition>idaman bool ida_export read_config</definition>
        <argsstring>(const char *input, cfg_input_kind_t input_kind, const cfgopt_t opts[], size_t nopts, cfgopt_handler_t *defhdlr, const char *const *defines=nullptr, size_t ndefines=0)</argsstring>
        <name>read_config</name>
        <param>
          <type>const char *</type>
          <declname>input</declname>
        </param>
        <param>
          <type>cfg_input_kind_t</type>
          <declname>input_kind</declname>
        </param>
        <param>
          <type>const <ref refid="structcfgopt__t" kindref="compound">cfgopt_t</ref></type>
          <declname>opts</declname>
          <array>[]</array>
        </param>
        <param>
          <type>size_t</type>
          <declname>nopts</declname>
        </param>
        <param>
          <type>cfgopt_handler_t *</type>
          <declname>defhdlr</declname>
        </param>
        <param>
          <type>const char *const *</type>
          <declname>defines</declname>
          <defval>nullptr</defval>
        </param>
        <param>
          <type>size_t</type>
          <declname>ndefines</declname>
          <defval>0</defval>
        </param>
        <briefdescription>
        </briefdescription>
        <detaileddescription>
<para>Parse the input, and apply options.</para>
<para><parameterlist kind="param"><parameteritem>
<parameternamelist>
<parametername>input</parametername>
</parameternamelist>
<parameterdescription>
<para>input file name, or string </para>
</parameterdescription>
</parameteritem>
<parameteritem>
<parameternamelist>
<parametername>input_kind</parametername>
</parameternamelist>
<parameterdescription>
<para>is input a string, filename or file path </para>
</parameterdescription>
</parameteritem>
<parameteritem>
<parameternamelist>
<parametername>opts</parametername>
</parameternamelist>
<parameterdescription>
<para>options destcriptions </para>
</parameterdescription>
</parameteritem>
<parameteritem>
<parameternamelist>
<parametername>nopts</parametername>
</parameternamelist>
<parameterdescription>
<para>the number of entries present in the &apos;opts&apos; array </para>
</parameterdescription>
</parameteritem>
<parameteritem>
<parameternamelist>
<parametername>defhdlr</parametername>
</parameternamelist>
<parameterdescription>
<para>a handler to be called, if a directive couldn&apos;t be found in &apos;opts&apos; </para>
</parameterdescription>
</parameteritem>
<parameteritem>
<parameternamelist>
<parametername>defines</parametername>
</parameternamelist>
<parameterdescription>
<para>a list of preprocessor identifiers to define (so it is possible to use #ifdef checks in the file.) NB: the actual identifier defined by the parser will be surrounded with double underscores (e.g., passing &apos;FOO&apos; will result in &apos;__FOO__&apos; being defined) Additionally, the parser will also define a similar macro with the current processor name (e.g., __ARM__) </para>
</parameterdescription>
</parameteritem>
<parameteritem>
<parameternamelist>
<parametername>ndefines</parametername>
</parameternamelist>
<parameterdescription>
<para>the number of defines in the list </para>
</parameterdescription>
</parameteritem>
<parameteritem>
<parameternamelist>
<parametername>obj</parametername>
</parameternamelist>
<parameterdescription>
<para>see <ref refid="structcfgopt__t" kindref="compound">cfgopt_t</ref> constructor based on the offset of a structure member </para>
</parameterdescription>
</parameteritem>
</parameterlist>
<simplesect kind="return"><para>true if parsing finished without errors, false if there was a syntax error, callback returned an error, or no file was found at all. </para>
</simplesect>
</para>
        </detaileddescription>
        <inbodydescription>
        </inbodydescription>
        <location file="obj/x64_linux_gcc_32_opt_pro/idasdk/config.hpp" line="476" column="24" declfile="obj/x64_linux_gcc_32_opt_pro/idasdk/config.hpp" declline="476" declcolumn="24"/>
      </memberdef>
      <memberdef kind="function" id="config_8hpp_1a2165b515c6dc8218760431ef710d14e7" prot="public" static="no" const="no" explicit="no" inline="no" virt="non-virtual">
        <type>idaman bool ida_export</type>
        <definition>idaman bool ida_export read_config2</definition>
        <argsstring>(const char *input, cfg_input_kind_t input_kind, const cfgopt_t opts[], size_t nopts, cfgopt_handler_t *defhdlr, const char *const *defines=nullptr, size_t ndefines=0, void *obj=nullptr)</argsstring>
        <name>read_config2</name>
        <param>
          <type>const char *</type>
          <declname>input</declname>
        </param>
        <param>
          <type>cfg_input_kind_t</type>
          <declname>input_kind</declname>
        </param>
        <param>
          <type>const <ref refid="structcfgopt__t" kindref="compound">cfgopt_t</ref></type>
          <declname>opts</declname>
          <array>[]</array>
        </param>
        <param>
          <type>size_t</type>
          <declname>nopts</declname>
        </param>
        <param>
          <type>cfgopt_handler_t *</type>
          <declname>defhdlr</declname>
        </param>
        <param>
          <type>const char *const *</type>
          <declname>defines</declname>
          <defval>nullptr</defval>
        </param>
        <param>
          <type>size_t</type>
          <declname>ndefines</declname>
          <defval>0</defval>
        </param>
        <param>
          <type>void *</type>
          <declname>obj</declname>
          <defval>nullptr</defval>
        </param>
        <briefdescription>
        </briefdescription>
        <detaileddescription>
        </detaileddescription>
        <inbodydescription>
        </inbodydescription>
        <location file="obj/x64_linux_gcc_32_opt_pro/idasdk/config.hpp" line="485" column="24" declfile="obj/x64_linux_gcc_32_opt_pro/idasdk/config.hpp" declline="485" declcolumn="24"/>
      </memberdef>
      <memberdef kind="function" id="config_8hpp_1a370fd01075897d4f4ec2b54ab90bcebf" prot="public" static="no" const="no" explicit="no" inline="yes" virt="non-virtual">
        <type>bool</type>
        <definition>bool read_config_file2</definition>
        <argsstring>(const char *filename, const cfgopt_t opts[], size_t nopts, cfgopt_handler_t *defhdlr, const char *const *defines=nullptr, size_t ndefines=0, void *obj=nullptr)</argsstring>
        <name>read_config_file2</name>
        <param>
          <type>const char *</type>
          <declname>filename</declname>
        </param>
        <param>
          <type>const <ref refid="structcfgopt__t" kindref="compound">cfgopt_t</ref></type>
          <declname>opts</declname>
          <array>[]</array>
        </param>
        <param>
          <type>size_t</type>
          <declname>nopts</declname>
        </param>
        <param>
          <type>cfgopt_handler_t *</type>
          <declname>defhdlr</declname>
        </param>
        <param>
          <type>const char *const *</type>
          <declname>defines</declname>
          <defval>nullptr</defval>
        </param>
        <param>
          <type>size_t</type>
          <declname>ndefines</declname>
          <defval>0</defval>
        </param>
        <param>
          <type>void *</type>
          <declname>obj</declname>
          <defval>nullptr</defval>
        </param>
        <briefdescription>
        </briefdescription>
        <detaileddescription>
        </detaileddescription>
        <inbodydescription>
        </inbodydescription>
        <location file="obj/x64_linux_gcc_32_opt_pro/idasdk/config.hpp" line="495" column="13" bodyfile="obj/x64_linux_gcc_32_opt_pro/idasdk/config.hpp" bodystart="495" bodyend="505"/>
      </memberdef>
      <memberdef kind="function" id="config_8hpp_1a80ae0b55f2d4fdb2c85ef39b64c2105d" prot="public" static="no" const="no" explicit="no" inline="yes" virt="non-virtual">
        <type>bool</type>
        <definition>bool read_config_file</definition>
        <argsstring>(const char *filename, const cfgopt_t opts[], size_t nopts, cfgopt_handler_t *defhdlr, const char *const *defines=nullptr, size_t ndefines=0)</argsstring>
        <name>read_config_file</name>
        <param>
          <type>const char *</type>
          <declname>filename</declname>
        </param>
        <param>
          <type>const <ref refid="structcfgopt__t" kindref="compound">cfgopt_t</ref></type>
          <declname>opts</declname>
          <array>[]</array>
        </param>
        <param>
          <type>size_t</type>
          <declname>nopts</declname>
        </param>
        <param>
          <type>cfgopt_handler_t *</type>
          <declname>defhdlr</declname>
        </param>
        <param>
          <type>const char *const *</type>
          <declname>defines</declname>
          <defval>nullptr</defval>
        </param>
        <param>
          <type>size_t</type>
          <declname>ndefines</declname>
          <defval>0</defval>
        </param>
        <briefdescription>
        </briefdescription>
        <detaileddescription>
<para>Search for all IDA system files with the given name. This function will search, in that order, for the following files:<orderedlist>
<listitem><para>IDADIR%/cfg/&lt;file&gt;</para>
</listitem><listitem><para>for each directory &apos;ONEDIR&apos; in IDAUSR%: ONEDIR%/cfg/&lt;file&gt;</para>
</listitem></orderedlist>
</para>
<para>For each directive in each of those files, the same processing as that of read_config will be performed. </para>
        </detaileddescription>
        <inbodydescription>
        </inbodydescription>
        <location file="obj/x64_linux_gcc_32_opt_pro/idasdk/config.hpp" line="515" column="13" bodyfile="obj/x64_linux_gcc_32_opt_pro/idasdk/config.hpp" bodystart="515" bodyend="524"/>
      </memberdef>
      <memberdef kind="function" id="config_8hpp_1a3bef7f72037ad18cff485bb781815a45" prot="public" static="no" const="no" explicit="no" inline="yes" virt="non-virtual">
        <type>bool</type>
        <definition>bool read_config_string</definition>
        <argsstring>(const char *string, const cfgopt_t opts[], size_t nopts, cfgopt_handler_t *defhdlr, const char *const *defines=nullptr, size_t ndefines=0)</argsstring>
        <name>read_config_string</name>
        <param>
          <type>const char *</type>
          <declname>string</declname>
        </param>
        <param>
          <type>const <ref refid="structcfgopt__t" kindref="compound">cfgopt_t</ref></type>
          <declname>opts</declname>
          <array>[]</array>
        </param>
        <param>
          <type>size_t</type>
          <declname>nopts</declname>
        </param>
        <param>
          <type>cfgopt_handler_t *</type>
          <declname>defhdlr</declname>
        </param>
        <param>
          <type>const char *const *</type>
          <declname>defines</declname>
          <defval>nullptr</defval>
        </param>
        <param>
          <type>size_t</type>
          <declname>ndefines</declname>
          <defval>0</defval>
        </param>
        <briefdescription>
        </briefdescription>
        <detaileddescription>
<para>For each directive in &apos;string&apos;, the same processing as that of read_config will be performed. </para>
        </detaileddescription>
        <inbodydescription>
        </inbodydescription>
        <location file="obj/x64_linux_gcc_32_opt_pro/idasdk/config.hpp" line="529" column="13" bodyfile="obj/x64_linux_gcc_32_opt_pro/idasdk/config.hpp" bodystart="529" bodyend="538"/>
      </memberdef>
      <memberdef kind="function" id="config_8hpp_1a9b9f41bcb03378581f7aafaf7581ec97" prot="public" static="no" const="no" explicit="no" inline="no" virt="non-virtual">
        <type>idaman bool ida_export</type>
        <definition>idaman bool ida_export register_cfgopts</definition>
        <argsstring>(const cfgopt_t opts[], size_t nopts, config_changed_cb_t cb=nullptr, void *obj=nullptr)</argsstring>
        <name>register_cfgopts</name>
        <param>
          <type>const <ref refid="structcfgopt__t" kindref="compound">cfgopt_t</ref></type>
          <declname>opts</declname>
          <array>[]</array>
        </param>
        <param>
          <type>size_t</type>
          <declname>nopts</declname>
        </param>
        <param>
          <type>config_changed_cb_t</type>
          <declname>cb</declname>
          <defval>nullptr</defval>
        </param>
        <param>
          <type>void *</type>
          <declname>obj</declname>
          <defval>nullptr</defval>
        </param>
        <briefdescription>
        </briefdescription>
        <detaileddescription>
<para>Register array of config options. This function can be used by a plugin to register the config options. After registering an option, it becomes usable by the process_config_directive() function. <parameterlist kind="param"><parameteritem>
<parameternamelist>
<parametername>opts</parametername>
</parameternamelist>
<parameterdescription>
<para>array of config options </para>
</parameterdescription>
</parameteritem>
<parameteritem>
<parameternamelist>
<parametername>nopts</parametername>
</parameternamelist>
<parameterdescription>
<para>number of options to install. 0 means uninstall </para>
</parameterdescription>
</parameteritem>
<parameteritem>
<parameternamelist>
<parametername>cb</parametername>
</parameternamelist>
<parameterdescription>
<para>callback that will be invoked upon changing a config option </para>
</parameterdescription>
</parameteritem>
<parameteritem>
<parameternamelist>
<parametername>obj</parametername>
</parameternamelist>
<parameterdescription>
<para>see <ref refid="structcfgopt__t" kindref="compound">cfgopt_t</ref> constructor based on the offset of a structure member </para>
</parameterdescription>
</parameteritem>
</parameterlist>
<simplesect kind="return"><para>success </para>
</simplesect>
</para>
        </detaileddescription>
        <inbodydescription>
        </inbodydescription>
        <location file="obj/x64_linux_gcc_32_opt_pro/idasdk/config.hpp" line="553" column="24" declfile="obj/x64_linux_gcc_32_opt_pro/idasdk/config.hpp" declline="553" declcolumn="24"/>
      </memberdef>
      <memberdef kind="function" id="config_8hpp_1af697fbb0e311189db754656b9eebd7f2" prot="public" static="no" const="no" explicit="no" inline="no" virt="non-virtual">
        <type>idaman bool ida_export</type>
        <definition>idaman bool ida_export get_config_value</definition>
        <argsstring>(jvalue_t *out, const char *key)</argsstring>
        <name>get_config_value</name>
        <param>
          <type><ref refid="structjvalue__t" kindref="compound">jvalue_t</ref> *</type>
          <declname>out</declname>
        </param>
        <param>
          <type>const char *</type>
          <declname>key</declname>
        </param>
        <briefdescription>
        </briefdescription>
        <detaileddescription>
<para>Get json value from ida.cfg <parameterlist kind="param"><parameteritem>
<parameternamelist>
<parametername>out</parametername>
</parameternamelist>
<parameterdescription>
<para>returned json value </para>
</parameterdescription>
</parameteritem>
<parameteritem>
<parameternamelist>
<parametername>key</parametername>
</parameternamelist>
<parameterdescription>
<para>configuration key </para>
</parameterdescription>
</parameteritem>
</parameterlist>
<simplesect kind="return"><para>success </para>
</simplesect>
</para>
        </detaileddescription>
        <inbodydescription>
        </inbodydescription>
        <location file="obj/x64_linux_gcc_32_opt_pro/idasdk/config.hpp" line="564" column="24" declfile="obj/x64_linux_gcc_32_opt_pro/idasdk/config.hpp" declline="564" declcolumn="24"/>
      </memberdef>
      </sectiondef>
    <briefdescription>
    </briefdescription>
    <detaileddescription>
    </detaileddescription>
    <location file="obj/x64_linux_gcc_32_opt_pro/idasdk/config.hpp"/>
  </compounddef>
</doxygen>
