<?xml version='1.0' encoding='UTF-8' standalone='no'?>
<doxygen xmlns:xsi="http://www.w3.org/2001/XMLSchema-instance" xsi:noNamespaceSchemaLocation="compound.xsd" version="1.8.15">
  <compounddef id="group___c_s_s__" kind="group">
    <compoundname>CSS_</compoundname>
    <title>Change segment status result codes</title>
      <sectiondef kind="define">
      <memberdef kind="define" id="group___c_s_s___1gacbd7caffb298078265b62e590ae8dd62" prot="public" static="no">
        <name>CSS_OK</name>
        <initializer>0</initializer>
        <briefdescription>
<para>ok </para>
        </briefdescription>
        <detaileddescription>
        </detaileddescription>
        <inbodydescription>
        </inbodydescription>
        <location file="obj/x64_linux_gcc_32_opt/3/idasdk/segment.hpp" line="817" column="9" bodyfile="obj/x64_linux_gcc_32_opt/3/idasdk/segment.hpp" bodystart="817" bodyend="-1"/>
      </memberdef>
      <memberdef kind="define" id="group___c_s_s___1ga5e6e05ab80cc7007dcd4789418c2e76f" prot="public" static="no">
        <name>CSS_NODBG</name>
        <initializer>-1</initializer>
        <briefdescription>
<para>debugger is not running </para>
        </briefdescription>
        <detaileddescription>
        </detaileddescription>
        <inbodydescription>
        </inbodydescription>
        <location file="obj/x64_linux_gcc_32_opt/3/idasdk/segment.hpp" line="818" column="9" bodyfile="obj/x64_linux_gcc_32_opt/3/idasdk/segment.hpp" bodystart="818" bodyend="-1"/>
      </memberdef>
      <memberdef kind="define" id="group___c_s_s___1ga9b428dbce6e559a12a517f2b92a1ad9b" prot="public" static="no">
        <name>CSS_NORANGE</name>
        <initializer>-2</initializer>
        <briefdescription>
<para>could not find corresponding memory range </para>
        </briefdescription>
        <detaileddescription>
        </detaileddescription>
        <inbodydescription>
        </inbodydescription>
        <location file="obj/x64_linux_gcc_32_opt/3/idasdk/segment.hpp" line="819" column="9" bodyfile="obj/x64_linux_gcc_32_opt/3/idasdk/segment.hpp" bodystart="819" bodyend="-1"/>
      </memberdef>
      <memberdef kind="define" id="group___c_s_s___1ga7003f98227bcf53ea4be23de87bc81a8" prot="public" static="no">
        <name>CSS_NOMEM</name>
        <initializer>-3</initializer>
        <briefdescription>
        </briefdescription>
        <detaileddescription>
<para>not enough memory (might be because the segment is too big) </para>
        </detaileddescription>
        <inbodydescription>
        </inbodydescription>
        <location file="obj/x64_linux_gcc_32_opt/3/idasdk/segment.hpp" line="820" column="9" bodyfile="obj/x64_linux_gcc_32_opt/3/idasdk/segment.hpp" bodystart="820" bodyend="-1"/>
      </memberdef>
      <memberdef kind="define" id="group___c_s_s___1ga1d0fb084636ab14048e25f1b9f57b926" prot="public" static="no">
        <name>CSS_BREAK</name>
        <initializer>-4</initializer>
        <briefdescription>
<para>memory reading process stopped by user </para>
        </briefdescription>
        <detaileddescription>
        </detaileddescription>
        <inbodydescription>
        </inbodydescription>
        <location file="obj/x64_linux_gcc_32_opt/3/idasdk/segment.hpp" line="822" column="9" bodyfile="obj/x64_linux_gcc_32_opt/3/idasdk/segment.hpp" bodystart="822" bodyend="-1"/>
      </memberdef>
      </sectiondef>
    <briefdescription>
    </briefdescription>
    <detaileddescription>
<para>Return values for <ref refid="group__seg__man_1ga4ad15e77b3eb0f53f1b5083aa0c3a70b" kindref="member">change_segment_status()</ref> </para>
    </detaileddescription>
  </compounddef>
</doxygen>
