<?xml version='1.0' encoding='UTF-8' standalone='no'?>
<doxygen xmlns:xsi="http://www.w3.org/2001/XMLSchema-instance" xsi:noNamespaceSchemaLocation="compound.xsd" version="1.9.3" xml:lang="en-US">
  <compounddef id="group___c_k__" kind="group">
    <compoundname>CK_</compoundname>
    <title>keys</title>
      <sectiondef kind="define">
      <memberdef kind="define" id="group___c_k___1ga6da62cd541cade4b6c3376514993a4f9" prot="public" static="no">
        <name>CK_TRACE</name>
        <initializer>80</initializer>
        <briefdescription>
<para>traced address </para>
        </briefdescription>
        <detaileddescription>
        </detaileddescription>
        <inbodydescription>
        </inbodydescription>
        <location file="obj/x64_linux_gcc_64_opt/idasdk/kernwin.hpp" line="2292" column="9" bodyfile="obj/x64_linux_gcc_64_opt/idasdk/kernwin.hpp" bodystart="2292" bodyend="-1"/>
      </memberdef>
      <memberdef kind="define" id="group___c_k___1gab23a292aa9572dd5ae19d2c8b9ed4969" prot="public" static="no">
        <name>CK_TRACE_OVL</name>
        <initializer>81</initializer>
        <briefdescription>
<para>overlay trace address </para>
        </briefdescription>
        <detaileddescription>
        </detaileddescription>
        <inbodydescription>
        </inbodydescription>
        <location file="obj/x64_linux_gcc_64_opt/idasdk/kernwin.hpp" line="2293" column="9" bodyfile="obj/x64_linux_gcc_64_opt/idasdk/kernwin.hpp" bodystart="2293" bodyend="-1"/>
      </memberdef>
      <memberdef kind="define" id="group___c_k___1ga5a32be813f21abb53a961c3473a5cf04" prot="public" static="no">
        <name>CK_EXTRA1</name>
        <initializer>82</initializer>
        <briefdescription>
<para>extra background overlay #1 </para>
        </briefdescription>
        <detaileddescription>
        </detaileddescription>
        <inbodydescription>
        </inbodydescription>
        <location file="obj/x64_linux_gcc_64_opt/idasdk/kernwin.hpp" line="2294" column="9" bodyfile="obj/x64_linux_gcc_64_opt/idasdk/kernwin.hpp" bodystart="2294" bodyend="-1"/>
      </memberdef>
      <memberdef kind="define" id="group___c_k___1ga4d5a953d68be959506311d98034b4afc" prot="public" static="no">
        <name>CK_EXTRA2</name>
        <initializer>83</initializer>
        <briefdescription>
<para>extra background overlay #2 </para>
        </briefdescription>
        <detaileddescription>
        </detaileddescription>
        <inbodydescription>
        </inbodydescription>
        <location file="obj/x64_linux_gcc_64_opt/idasdk/kernwin.hpp" line="2295" column="9" bodyfile="obj/x64_linux_gcc_64_opt/idasdk/kernwin.hpp" bodystart="2295" bodyend="-1"/>
      </memberdef>
      <memberdef kind="define" id="group___c_k___1ga0ee8f96abbb061210e67deb3f427ac14" prot="public" static="no">
        <name>CK_EXTRA3</name>
        <initializer>84</initializer>
        <briefdescription>
<para>extra background overlay #3 </para>
        </briefdescription>
        <detaileddescription>
        </detaileddescription>
        <inbodydescription>
        </inbodydescription>
        <location file="obj/x64_linux_gcc_64_opt/idasdk/kernwin.hpp" line="2296" column="9" bodyfile="obj/x64_linux_gcc_64_opt/idasdk/kernwin.hpp" bodystart="2296" bodyend="-1"/>
      </memberdef>
      <memberdef kind="define" id="group___c_k___1ga40145a5a651d9f76843dd50dcf5c4357" prot="public" static="no">
        <name>CK_EXTRA4</name>
        <initializer>85</initializer>
        <briefdescription>
<para>extra background overlay #4 </para>
        </briefdescription>
        <detaileddescription>
        </detaileddescription>
        <inbodydescription>
        </inbodydescription>
        <location file="obj/x64_linux_gcc_64_opt/idasdk/kernwin.hpp" line="2297" column="9" bodyfile="obj/x64_linux_gcc_64_opt/idasdk/kernwin.hpp" bodystart="2297" bodyend="-1"/>
      </memberdef>
      <memberdef kind="define" id="group___c_k___1gab25d92f3082fe6ed0a690b6b1d56ed37" prot="public" static="no">
        <name>CK_EXTRA5</name>
        <initializer>86</initializer>
        <briefdescription>
<para>extra background overlay #5 </para>
        </briefdescription>
        <detaileddescription>
        </detaileddescription>
        <inbodydescription>
        </inbodydescription>
        <location file="obj/x64_linux_gcc_64_opt/idasdk/kernwin.hpp" line="2298" column="9" bodyfile="obj/x64_linux_gcc_64_opt/idasdk/kernwin.hpp" bodystart="2298" bodyend="-1"/>
      </memberdef>
      <memberdef kind="define" id="group___c_k___1ga1e46e2ca2c777dc6b230cd0956504107" prot="public" static="no">
        <name>CK_EXTRA6</name>
        <initializer>87</initializer>
        <briefdescription>
<para>extra background overlay #6 </para>
        </briefdescription>
        <detaileddescription>
        </detaileddescription>
        <inbodydescription>
        </inbodydescription>
        <location file="obj/x64_linux_gcc_64_opt/idasdk/kernwin.hpp" line="2299" column="9" bodyfile="obj/x64_linux_gcc_64_opt/idasdk/kernwin.hpp" bodystart="2299" bodyend="-1"/>
      </memberdef>
      <memberdef kind="define" id="group___c_k___1ga926ec65efbe228e2faac0f96669a56ef" prot="public" static="no">
        <name>CK_EXTRA7</name>
        <initializer>88</initializer>
        <briefdescription>
<para>extra background overlay #7 </para>
        </briefdescription>
        <detaileddescription>
        </detaileddescription>
        <inbodydescription>
        </inbodydescription>
        <location file="obj/x64_linux_gcc_64_opt/idasdk/kernwin.hpp" line="2300" column="9" bodyfile="obj/x64_linux_gcc_64_opt/idasdk/kernwin.hpp" bodystart="2300" bodyend="-1"/>
      </memberdef>
      <memberdef kind="define" id="group___c_k___1ga67c8bae7bdf1e19b1f6e1bf86ef70278" prot="public" static="no">
        <name>CK_EXTRA8</name>
        <initializer>89</initializer>
        <briefdescription>
<para>extra background overlay #8 </para>
        </briefdescription>
        <detaileddescription>
        </detaileddescription>
        <inbodydescription>
        </inbodydescription>
        <location file="obj/x64_linux_gcc_64_opt/idasdk/kernwin.hpp" line="2301" column="9" bodyfile="obj/x64_linux_gcc_64_opt/idasdk/kernwin.hpp" bodystart="2301" bodyend="-1"/>
      </memberdef>
      <memberdef kind="define" id="group___c_k___1ga9f5cd30065c10b314b242d3b924c4370" prot="public" static="no">
        <name>CK_EXTRA9</name>
        <initializer>90</initializer>
        <briefdescription>
<para>extra background overlay #9 </para>
        </briefdescription>
        <detaileddescription>
        </detaileddescription>
        <inbodydescription>
        </inbodydescription>
        <location file="obj/x64_linux_gcc_64_opt/idasdk/kernwin.hpp" line="2302" column="9" bodyfile="obj/x64_linux_gcc_64_opt/idasdk/kernwin.hpp" bodystart="2302" bodyend="-1"/>
      </memberdef>
      <memberdef kind="define" id="group___c_k___1ga3167febba2d63cb4b31608bc81bf5631" prot="public" static="no">
        <name>CK_EXTRA10</name>
        <initializer>91</initializer>
        <briefdescription>
<para>extra background overlay #10 </para>
        </briefdescription>
        <detaileddescription>
        </detaileddescription>
        <inbodydescription>
        </inbodydescription>
        <location file="obj/x64_linux_gcc_64_opt/idasdk/kernwin.hpp" line="2303" column="9" bodyfile="obj/x64_linux_gcc_64_opt/idasdk/kernwin.hpp" bodystart="2303" bodyend="-1"/>
      </memberdef>
      <memberdef kind="define" id="group___c_k___1gada6f60428d82f3388d4ccc9721391a60" prot="public" static="no">
        <name>CK_EXTRA11</name>
        <initializer>92</initializer>
        <briefdescription>
<para>extra background overlay #11 </para>
        </briefdescription>
        <detaileddescription>
        </detaileddescription>
        <inbodydescription>
        </inbodydescription>
        <location file="obj/x64_linux_gcc_64_opt/idasdk/kernwin.hpp" line="2304" column="9" bodyfile="obj/x64_linux_gcc_64_opt/idasdk/kernwin.hpp" bodystart="2304" bodyend="-1"/>
      </memberdef>
      <memberdef kind="define" id="group___c_k___1ga5c37ac3c9b1872e75a35611e3215c750" prot="public" static="no">
        <name>CK_EXTRA12</name>
        <initializer>93</initializer>
        <briefdescription>
<para>extra background overlay #12 </para>
        </briefdescription>
        <detaileddescription>
        </detaileddescription>
        <inbodydescription>
        </inbodydescription>
        <location file="obj/x64_linux_gcc_64_opt/idasdk/kernwin.hpp" line="2305" column="9" bodyfile="obj/x64_linux_gcc_64_opt/idasdk/kernwin.hpp" bodystart="2305" bodyend="-1"/>
      </memberdef>
      <memberdef kind="define" id="group___c_k___1gac2256e6759df2c6d068752124e0aa819" prot="public" static="no">
        <name>CK_EXTRA13</name>
        <initializer>94</initializer>
        <briefdescription>
<para>extra background overlay #13 </para>
        </briefdescription>
        <detaileddescription>
        </detaileddescription>
        <inbodydescription>
        </inbodydescription>
        <location file="obj/x64_linux_gcc_64_opt/idasdk/kernwin.hpp" line="2306" column="9" bodyfile="obj/x64_linux_gcc_64_opt/idasdk/kernwin.hpp" bodystart="2306" bodyend="-1"/>
      </memberdef>
      <memberdef kind="define" id="group___c_k___1gaf1b1430aa17cff51cdfe3b73b9ede9dd" prot="public" static="no">
        <name>CK_EXTRA14</name>
        <initializer>95</initializer>
        <briefdescription>
<para>extra background overlay #14 </para>
        </briefdescription>
        <detaileddescription>
        </detaileddescription>
        <inbodydescription>
        </inbodydescription>
        <location file="obj/x64_linux_gcc_64_opt/idasdk/kernwin.hpp" line="2307" column="9" bodyfile="obj/x64_linux_gcc_64_opt/idasdk/kernwin.hpp" bodystart="2307" bodyend="-1"/>
      </memberdef>
      <memberdef kind="define" id="group___c_k___1gaa2bac14528ca22379e0f18055f7c008c" prot="public" static="no">
        <name>CK_EXTRA15</name>
        <initializer>96</initializer>
        <briefdescription>
<para>extra background overlay #15 </para>
        </briefdescription>
        <detaileddescription>
        </detaileddescription>
        <inbodydescription>
        </inbodydescription>
        <location file="obj/x64_linux_gcc_64_opt/idasdk/kernwin.hpp" line="2308" column="9" bodyfile="obj/x64_linux_gcc_64_opt/idasdk/kernwin.hpp" bodystart="2308" bodyend="-1"/>
      </memberdef>
      <memberdef kind="define" id="group___c_k___1gad26d048628bd6899beb334dbb6b1186c" prot="public" static="no">
        <name>CK_EXTRA16</name>
        <initializer>97</initializer>
        <briefdescription>
<para>extra background overlay #16 </para>
        </briefdescription>
        <detaileddescription>
        </detaileddescription>
        <inbodydescription>
        </inbodydescription>
        <location file="obj/x64_linux_gcc_64_opt/idasdk/kernwin.hpp" line="2309" column="9" bodyfile="obj/x64_linux_gcc_64_opt/idasdk/kernwin.hpp" bodystart="2309" bodyend="-1"/>
      </memberdef>
      </sectiondef>
    <briefdescription>
    </briefdescription>
    <detaileddescription>
<para>passed as &apos;bg_color&apos; of a <ref refid="structline__rendering__output__entry__t" kindref="compound">line_rendering_output_entry_t</ref>, to use a CSS property of the widget (&apos;qproperty-line-bgovl-extra-N&apos;) instead of a direct color </para>
    </detaileddescription>
  </compounddef>
</doxygen>
