<?xml version='1.0' encoding='UTF-8' standalone='no'?>
<doxygen xmlns:xsi="http://www.w3.org/2001/XMLSchema-instance" xsi:noNamespaceSchemaLocation="compound.xsd" version="1.9.3" xml:lang="en-US">
  <compounddef id="group___g_e_t_n__" kind="group">
    <compoundname>GETN_</compoundname>
    <title>Name expression flags</title>
      <sectiondef kind="define">
      <memberdef kind="define" id="group___g_e_t_n___1ga1d81af73461e98bd691ef1337d72a018" prot="public" static="no">
        <name>GETN_APPZERO</name>
        <initializer>0x0001</initializer>
        <briefdescription>
        </briefdescription>
        <detaileddescription>
<para>meaningful only if the name refers to a structure. append a struct field name if the field offset is zero? </para>
        </detaileddescription>
        <inbodydescription>
        </inbodydescription>
        <location file="obj/x64_linux_gcc_32_opt_pro/idasdk/name.hpp" line="519" column="9" bodyfile="obj/x64_linux_gcc_32_opt_pro/idasdk/name.hpp" bodystart="519" bodyend="-1"/>
      </memberdef>
      <memberdef kind="define" id="group___g_e_t_n___1gab02954d083735a275dab62ea9952e0a1" prot="public" static="no">
        <name>GETN_NOFIXUP</name>
        <initializer>0x0002</initializer>
        <briefdescription>
<para>ignore the fixup information when producing the name </para>
        </briefdescription>
        <detaileddescription>
        </detaileddescription>
        <inbodydescription>
        </inbodydescription>
        <location file="obj/x64_linux_gcc_32_opt_pro/idasdk/name.hpp" line="521" column="9" bodyfile="obj/x64_linux_gcc_32_opt_pro/idasdk/name.hpp" bodystart="521" bodyend="-1"/>
      </memberdef>
      <memberdef kind="define" id="group___g_e_t_n___1ga087e60e7f734e12197cbd6f3fd0238eb" prot="public" static="no">
        <name>GETN_NODUMMY</name>
        <initializer>0x0004</initializer>
        <briefdescription>
<para>do not create a new dummy name but pretend it exists </para>
        </briefdescription>
        <detaileddescription>
        </detaileddescription>
        <inbodydescription>
        </inbodydescription>
        <location file="obj/x64_linux_gcc_32_opt_pro/idasdk/name.hpp" line="522" column="9" bodyfile="obj/x64_linux_gcc_32_opt_pro/idasdk/name.hpp" bodystart="522" bodyend="-1"/>
      </memberdef>
      </sectiondef>
    <briefdescription>
    </briefdescription>
    <detaileddescription>
<para>Passed as &apos;flags&apos; parameter to <ref refid="name_8hpp_1a5dbd29ee7ba50fa1d5ccf46922757b70" kindref="member">get_name_expr()</ref> </para>
    </detaileddescription>
  </compounddef>
</doxygen>
