<?xml version='1.0' encoding='UTF-8' standalone='no'?>
<doxygen xmlns:xsi="http://www.w3.org/2001/XMLSchema-instance" xsi:noNamespaceSchemaLocation="compound.xsd" version="1.8.15">
  <compounddef id="group___g_c_a__" kind="group">
    <compoundname>GCA_</compoundname>
    <title>chain visitor flags</title>
      <sectiondef kind="define">
      <memberdef kind="define" id="group___g_c_a___1gae25ebf8833f74a903ead6eb7a914e754" prot="public" static="no">
        <name>GCA_EMPTY</name>
        <initializer>0x01</initializer>
        <briefdescription>
<para>include empty chains </para>
        </briefdescription>
        <detaileddescription>
        </detaileddescription>
        <inbodydescription>
        </inbodydescription>
        <location file="obj/x64_linux_gcc_32_opt/3/idasdk/hexrays.hpp" line="3281" column="9" bodyfile="obj/x64_linux_gcc_32_opt/3/idasdk/hexrays.hpp" bodystart="3281" bodyend="-1"/>
      </memberdef>
      <memberdef kind="define" id="group___g_c_a___1ga8a01e3040ca3cc5e612e6f70801f3083" prot="public" static="no">
        <name>GCA_SPEC</name>
        <initializer>0x02</initializer>
        <briefdescription>
<para>include chains for special registers </para>
        </briefdescription>
        <detaileddescription>
        </detaileddescription>
        <inbodydescription>
        </inbodydescription>
        <location file="obj/x64_linux_gcc_32_opt/3/idasdk/hexrays.hpp" line="3282" column="9" bodyfile="obj/x64_linux_gcc_32_opt/3/idasdk/hexrays.hpp" bodystart="3282" bodyend="-1"/>
      </memberdef>
      <memberdef kind="define" id="group___g_c_a___1gad19ac20bfc55f947eeb15ea0c7ff5233" prot="public" static="no">
        <name>GCA_ALLOC</name>
        <initializer>0x04</initializer>
        <briefdescription>
<para>enumerate only allocated chains </para>
        </briefdescription>
        <detaileddescription>
        </detaileddescription>
        <inbodydescription>
        </inbodydescription>
        <location file="obj/x64_linux_gcc_32_opt/3/idasdk/hexrays.hpp" line="3283" column="9" bodyfile="obj/x64_linux_gcc_32_opt/3/idasdk/hexrays.hpp" bodystart="3283" bodyend="-1"/>
      </memberdef>
      <memberdef kind="define" id="group___g_c_a___1ga0c5776df74e643f52f6e7a448a064954" prot="public" static="no">
        <name>GCA_NALLOC</name>
        <initializer>0x08</initializer>
        <briefdescription>
<para>enumerate only non-allocated chains </para>
        </briefdescription>
        <detaileddescription>
        </detaileddescription>
        <inbodydescription>
        </inbodydescription>
        <location file="obj/x64_linux_gcc_32_opt/3/idasdk/hexrays.hpp" line="3284" column="9" bodyfile="obj/x64_linux_gcc_32_opt/3/idasdk/hexrays.hpp" bodystart="3284" bodyend="-1"/>
      </memberdef>
      <memberdef kind="define" id="group___g_c_a___1gab0d64e0a9b328620fe6b4d404d8bd762" prot="public" static="no">
        <name>GCA_OFIRST</name>
        <initializer>0x10</initializer>
        <briefdescription>
<para>consider only chains of the first block </para>
        </briefdescription>
        <detaileddescription>
        </detaileddescription>
        <inbodydescription>
        </inbodydescription>
        <location file="obj/x64_linux_gcc_32_opt/3/idasdk/hexrays.hpp" line="3285" column="9" bodyfile="obj/x64_linux_gcc_32_opt/3/idasdk/hexrays.hpp" bodystart="3285" bodyend="-1"/>
      </memberdef>
      <memberdef kind="define" id="group___g_c_a___1ga054cbec1f944e0270a9e9dfa2573c7df" prot="public" static="no">
        <name>GCA_OLAST</name>
        <initializer>0x20</initializer>
        <briefdescription>
<para>consider only chains of the last block </para>
        </briefdescription>
        <detaileddescription>
        </detaileddescription>
        <inbodydescription>
        </inbodydescription>
        <location file="obj/x64_linux_gcc_32_opt/3/idasdk/hexrays.hpp" line="3286" column="9" bodyfile="obj/x64_linux_gcc_32_opt/3/idasdk/hexrays.hpp" bodystart="3286" bodyend="-1"/>
      </memberdef>
      </sectiondef>
    <briefdescription>
    </briefdescription>
    <detaileddescription>
    </detaileddescription>
  </compounddef>
</doxygen>
