<?xml version='1.0' encoding='UTF-8' standalone='no'?>
<doxygen xmlns:xsi="http://www.w3.org/2001/XMLSchema-instance" xsi:noNamespaceSchemaLocation="compound.xsd" version="1.9.3" xml:lang="en-US">
  <compounddef id="group___b_p_t_c_k__" kind="group">
    <compoundname>BPTCK_</compoundname>
    <title>Breakpoint status codes</title>
      <sectiondef kind="define">
      <memberdef kind="define" id="group___b_p_t_c_k___1gaff8e6dae3e5addd17cb1b62c9cca1932" prot="public" static="no">
        <name>BPTCK_NONE</name>
        <initializer>-1</initializer>
        <briefdescription>
<para>breakpoint does not exist </para>
        </briefdescription>
        <detaileddescription>
        </detaileddescription>
        <inbodydescription>
        </inbodydescription>
        <location file="obj/x64_linux_gcc_32_opt_pro/idasdk/dbg.hpp" line="1188" column="9" bodyfile="obj/x64_linux_gcc_32_opt_pro/idasdk/dbg.hpp" bodystart="1188" bodyend="-1"/>
      </memberdef>
      <memberdef kind="define" id="group___b_p_t_c_k___1gab73e64686cbe07cb1cee6fe139de5c67" prot="public" static="no">
        <name>BPTCK_NO</name>
        <initializer>0</initializer>
        <briefdescription>
<para>breakpoint is disabled </para>
        </briefdescription>
        <detaileddescription>
        </detaileddescription>
        <inbodydescription>
        </inbodydescription>
        <location file="obj/x64_linux_gcc_32_opt_pro/idasdk/dbg.hpp" line="1189" column="9" bodyfile="obj/x64_linux_gcc_32_opt_pro/idasdk/dbg.hpp" bodystart="1189" bodyend="-1"/>
      </memberdef>
      <memberdef kind="define" id="group___b_p_t_c_k___1ga78a4bd7c663eb6b53d75dfb18de7b541" prot="public" static="no">
        <name>BPTCK_YES</name>
        <initializer>1</initializer>
        <briefdescription>
<para>breakpoint is enabled </para>
        </briefdescription>
        <detaileddescription>
        </detaileddescription>
        <inbodydescription>
        </inbodydescription>
        <location file="obj/x64_linux_gcc_32_opt_pro/idasdk/dbg.hpp" line="1190" column="9" bodyfile="obj/x64_linux_gcc_32_opt_pro/idasdk/dbg.hpp" bodystart="1190" bodyend="-1"/>
      </memberdef>
      <memberdef kind="define" id="group___b_p_t_c_k___1ga962eb7d1eee40ac8161597ba3aed295b" prot="public" static="no">
        <name>BPTCK_ACT</name>
        <initializer>2</initializer>
        <briefdescription>
<para>breakpoint is active (written to the process) </para>
        </briefdescription>
        <detaileddescription>
        </detaileddescription>
        <inbodydescription>
        </inbodydescription>
        <location file="obj/x64_linux_gcc_32_opt_pro/idasdk/dbg.hpp" line="1191" column="9" bodyfile="obj/x64_linux_gcc_32_opt_pro/idasdk/dbg.hpp" bodystart="1191" bodyend="-1"/>
      </memberdef>
      </sectiondef>
    <briefdescription>
    </briefdescription>
    <detaileddescription>
<para>Return values for <ref refid="group__dbg__funcs__bpts_1ga202cfe07a3d9d3afe387aa637721e83a" kindref="member">check_bpt()</ref> </para>
    </detaileddescription>
  </compounddef>
</doxygen>
