<?xml version='1.0' encoding='UTF-8' standalone='no'?>
<doxygen xmlns:xsi="http://www.w3.org/2001/XMLSchema-instance" xsi:noNamespaceSchemaLocation="compound.xsd" version="1.8.15">
  <compounddef id="group___f_f__codebits" kind="group">
    <compoundname>FF_codebits</compoundname>
    <title>Bits: code bytes</title>
      <sectiondef kind="define">
      <memberdef kind="define" id="group___f_f__codebits_1ga0b0793209a0a00bc39014ff3a4c5fae1" prot="public" static="no">
        <name>MS_CODE</name>
        <initializer>0xF0000000LU</initializer>
        <briefdescription>
<para>Mask for code bits. </para>
        </briefdescription>
        <detaileddescription>
        </detaileddescription>
        <inbodydescription>
        </inbodydescription>
        <location file="obj/x64_linux_gcc_32_opt/3/idasdk/bytes.hpp" line="1763" column="9" bodyfile="obj/x64_linux_gcc_32_opt/3/idasdk/bytes.hpp" bodystart="1763" bodyend="-1"/>
      </memberdef>
      <memberdef kind="define" id="group___f_f__codebits_1ga030498a74ca4ffd002e415aaa65d4a09" prot="public" static="no">
        <name>FF_FUNC</name>
        <initializer>0x10000000LU</initializer>
        <briefdescription>
<para>function start? </para>
        </briefdescription>
        <detaileddescription>
        </detaileddescription>
        <inbodydescription>
        </inbodydescription>
        <location file="obj/x64_linux_gcc_32_opt/3/idasdk/bytes.hpp" line="1764" column="9" bodyfile="obj/x64_linux_gcc_32_opt/3/idasdk/bytes.hpp" bodystart="1764" bodyend="-1"/>
      </memberdef>
      <memberdef kind="define" id="group___f_f__codebits_1gacea2ec7d412b8d21330145f9bd8d7543" prot="public" static="no">
        <name>FF_IMMD</name>
        <initializer>0x40000000LU</initializer>
        <briefdescription>
<para>Has Immediate value ? </para>
        </briefdescription>
        <detaileddescription>
        </detaileddescription>
        <inbodydescription>
        </inbodydescription>
        <location file="obj/x64_linux_gcc_32_opt/3/idasdk/bytes.hpp" line="1766" column="9" bodyfile="obj/x64_linux_gcc_32_opt/3/idasdk/bytes.hpp" bodystart="1766" bodyend="-1"/>
      </memberdef>
      <memberdef kind="define" id="group___f_f__codebits_1ga3868bbb0c79f098fa47864144ad21e29" prot="public" static="no">
        <name>FF_JUMP</name>
        <initializer>0x80000000LU</initializer>
        <briefdescription>
<para>Has jump table or switch_info? </para>
        </briefdescription>
        <detaileddescription>
        </detaileddescription>
        <inbodydescription>
        </inbodydescription>
        <location file="obj/x64_linux_gcc_32_opt/3/idasdk/bytes.hpp" line="1767" column="9" bodyfile="obj/x64_linux_gcc_32_opt/3/idasdk/bytes.hpp" bodystart="1767" bodyend="-1"/>
      </memberdef>
      </sectiondef>
    <briefdescription>
    </briefdescription>
    <detaileddescription>
    </detaileddescription>
  </compounddef>
</doxygen>
