<?xml version='1.0' encoding='UTF-8' standalone='no'?>
<doxygen xmlns:xsi="http://www.w3.org/2001/XMLSchema-instance" xsi:noNamespaceSchemaLocation="compound.xsd" version="1.8.9.1">
  <compounddef id="group__ui__choose__funcs" kind="group">
    <compoundname>ui_choose_funcs</compoundname>
    <title>Functions: built-in choosers</title>
      <sectiondef kind="func">
      <memberdef kind="function" id="group__ui__choose__funcs_1ga54ea38ee386b1cc6108076b7c6c9b159" prot="public" static="no" const="no" explicit="no" inline="yes" virt="non-virtual">
        <type>char *</type>
        <definition>char* choose_idasgn</definition>
        <argsstring>(void)</argsstring>
        <name>choose_idasgn</name>
        <param>
          <type>void</type>
        </param>
        <briefdescription>
        </briefdescription>
        <detaileddescription>
<para>Choose a signature (<ref refid="kernwin_8hpp_1a4a23e389ff9cbf1cd31179ca2f393334a05f9298ac3199cb263dc375a2a3812ef" kindref="member">ui_choose</ref>, <ref refid="kernwin_8hpp_1ab94cbb2305bcb076985c0ac7fe6c23adaec22fcd09ea0329f48766a5c1cef9d3d" kindref="member">chtype_idasgn</ref>). <simplesect kind="return"><para>name of selected signature, NULL if none selected </para></simplesect>
</para>        </detaileddescription>
        <inbodydescription>
        </inbodydescription>
        <location file="/home/aundro/idasrc/695/include/kernwin.hpp" line="5124" column="1" bodyfile="/home/aundro/idasrc/695/include/kernwin.hpp" bodystart="5124" bodyend="5127"/>
      </memberdef>
      <memberdef kind="function" id="group__ui__choose__funcs_1ga48283e3547b5a6299c0e27d31cb185f8" prot="public" static="no" const="no" explicit="no" inline="yes" virt="non-virtual">
        <type>bool</type>
        <definition>bool choose_til</definition>
        <argsstring>(char *buf, size_t bufsize)</argsstring>
        <name>choose_til</name>
        <param>
          <type>char *</type>
          <declname>buf</declname>
        </param>
        <param>
          <type>size_t</type>
          <declname>bufsize</declname>
        </param>
        <briefdescription>
        </briefdescription>
        <detaileddescription>
<para>Choose a type library (<ref refid="kernwin_8hpp_1a4a23e389ff9cbf1cd31179ca2f393334a05f9298ac3199cb263dc375a2a3812ef" kindref="member">ui_choose</ref>, <ref refid="kernwin_8hpp_1ab94cbb2305bcb076985c0ac7fe6c23ada1cce761fcb06d1384129db7403d777a5" kindref="member">chtype_idatil</ref>). <parameterlist kind="param"><parameteritem>
<parameternamelist>
<parametername>buf</parametername>
</parameternamelist>
<parameterdescription>
<para>output buffer to store the library name </para></parameterdescription>
</parameteritem>
<parameteritem>
<parameternamelist>
<parametername>bufsize</parametername>
</parameternamelist>
<parameterdescription>
<para>size of output buffer </para></parameterdescription>
</parameteritem>
</parameterlist>
<parameterlist kind="retval"><parameteritem>
<parameternamelist>
<parametername>true</parametername>
</parameternamelist>
<parameterdescription>
<para>&apos;buf&apos; was filled with the name of the selected til </para></parameterdescription>
</parameteritem>
<parameteritem>
<parameternamelist>
<parametername>false</parametername>
</parameternamelist>
<parameterdescription>
<para>otherwise </para></parameterdescription>
</parameteritem>
</parameterlist>
</para>        </detaileddescription>
        <inbodydescription>
        </inbodydescription>
        <location file="/home/aundro/idasrc/695/include/kernwin.hpp" line="5136" column="1" bodyfile="/home/aundro/idasrc/695/include/kernwin.hpp" bodystart="5136" bodyend="5139"/>
      </memberdef>
      <memberdef kind="function" id="group__ui__choose__funcs_1gad7d12dbf0e1e564e8efc2fad92aa1fff" prot="public" static="no" const="no" explicit="no" inline="yes" virt="non-virtual">
        <type>ea_t</type>
        <definition>ea_t choose_entry</definition>
        <argsstring>(const char *title)</argsstring>
        <name>choose_entry</name>
        <param>
          <type>const char *</type>
          <declname>title</declname>
        </param>
        <briefdescription>
        </briefdescription>
        <detaileddescription>
<para>Choose an entry point (<ref refid="kernwin_8hpp_1a4a23e389ff9cbf1cd31179ca2f393334a05f9298ac3199cb263dc375a2a3812ef" kindref="member">ui_choose</ref>, <ref refid="kernwin_8hpp_1ab94cbb2305bcb076985c0ac7fe6c23ada8b44ef7373acb1f34a9afa48ffb17bf3" kindref="member">chtype_entry</ref>). <parameterlist kind="param"><parameteritem>
<parameternamelist>
<parametername>title</parametername>
</parameternamelist>
<parameterdescription>
<para>chooser title </para></parameterdescription>
</parameteritem>
</parameterlist>
<simplesect kind="return"><para>ea of selected entry point, #BADADDR if none selected </para></simplesect>
</para>        </detaileddescription>
        <inbodydescription>
        </inbodydescription>
        <location file="/home/aundro/idasrc/695/include/kernwin.hpp" line="5146" column="1" bodyfile="/home/aundro/idasrc/695/include/kernwin.hpp" bodystart="5146" bodyend="5151"/>
      </memberdef>
      <memberdef kind="function" id="group__ui__choose__funcs_1ga76970553444762309ae13b289f7d6c38" prot="public" static="no" const="no" explicit="no" inline="yes" virt="non-virtual">
        <type>ea_t</type>
        <definition>ea_t choose_name</definition>
        <argsstring>(const char *title)</argsstring>
        <name>choose_name</name>
        <param>
          <type>const char *</type>
          <declname>title</declname>
        </param>
        <briefdescription>
        </briefdescription>
        <detaileddescription>
<para>Choose a name (<ref refid="kernwin_8hpp_1a4a23e389ff9cbf1cd31179ca2f393334a05f9298ac3199cb263dc375a2a3812ef" kindref="member">ui_choose</ref>, <ref refid="kernwin_8hpp_1ab94cbb2305bcb076985c0ac7fe6c23ada386cbd8c05abbe88bc7303d197a64e24" kindref="member">chtype_name</ref>). <parameterlist kind="param"><parameteritem>
<parameternamelist>
<parametername>title</parametername>
</parameternamelist>
<parameterdescription>
<para>chooser title </para></parameterdescription>
</parameteritem>
</parameterlist>
<simplesect kind="return"><para>ea of selected name, #BADADDR if none selected </para></simplesect>
</para>        </detaileddescription>
        <inbodydescription>
        </inbodydescription>
        <location file="/home/aundro/idasrc/695/include/kernwin.hpp" line="5158" column="1" bodyfile="/home/aundro/idasrc/695/include/kernwin.hpp" bodystart="5158" bodyend="5163"/>
      </memberdef>
      <memberdef kind="function" id="group__ui__choose__funcs_1gab32f6f610ab57f223e4d273944e10f90" prot="public" static="no" const="no" explicit="no" inline="yes" virt="non-virtual">
        <type>ea_t</type>
        <definition>ea_t choose_stkvar_xref</definition>
        <argsstring>(func_t *pfn, member_t *mptr)</argsstring>
        <name>choose_stkvar_xref</name>
        <param>
          <type>func_t *</type>
          <declname>pfn</declname>
        </param>
        <param>
          <type>member_t *</type>
          <declname>mptr</declname>
        </param>
        <briefdescription>
        </briefdescription>
        <detaileddescription>
<para>Choose an xref to a stack variable (<ref refid="kernwin_8hpp_1a4a23e389ff9cbf1cd31179ca2f393334a05f9298ac3199cb263dc375a2a3812ef" kindref="member">ui_choose</ref>, <ref refid="kernwin_8hpp_1ab94cbb2305bcb076985c0ac7fe6c23ada386cbd8c05abbe88bc7303d197a64e24" kindref="member">chtype_name</ref>). <parameterlist kind="param"><parameteritem>
<parameternamelist>
<parametername>pfn</parametername>
</parameternamelist>
<parameterdescription>
<para>function </para></parameterdescription>
</parameteritem>
<parameteritem>
<parameternamelist>
<parametername>mptr</parametername>
</parameternamelist>
<parameterdescription>
<para>variable </para></parameterdescription>
</parameteritem>
</parameterlist>
<simplesect kind="return"><para>ea of the selected xref, BADADDR if none selected </para></simplesect>
</para>        </detaileddescription>
        <inbodydescription>
        </inbodydescription>
        <location file="/home/aundro/idasrc/695/include/kernwin.hpp" line="5171" column="1" bodyfile="/home/aundro/idasrc/695/include/kernwin.hpp" bodystart="5171" bodyend="5176"/>
      </memberdef>
      <memberdef kind="function" id="group__ui__choose__funcs_1gad5ef0ae154c7869a4c43282550ca3a4b" prot="public" static="no" const="no" explicit="no" inline="yes" virt="non-virtual">
        <type>ea_t</type>
        <definition>ea_t choose_xref</definition>
        <argsstring>(ea_t to)</argsstring>
        <name>choose_xref</name>
        <param>
          <type>ea_t</type>
          <declname>to</declname>
        </param>
        <briefdescription>
        </briefdescription>
        <detaileddescription>
<para>Choose an xref to an address (<ref refid="kernwin_8hpp_1a4a23e389ff9cbf1cd31179ca2f393334a05f9298ac3199cb263dc375a2a3812ef" kindref="member">ui_choose</ref>, <ref refid="kernwin_8hpp_1ab94cbb2305bcb076985c0ac7fe6c23ada84413d31c27330eecdf2d116e27150bd" kindref="member">chtype_xref</ref>). <parameterlist kind="param"><parameteritem>
<parameternamelist>
<parametername>to</parametername>
</parameternamelist>
<parameterdescription>
<para>referenced address </para></parameterdescription>
</parameteritem>
</parameterlist>
<simplesect kind="return"><para>ea of selected xref, BADADDR if none selected </para></simplesect>
</para>        </detaileddescription>
        <inbodydescription>
        </inbodydescription>
        <location file="/home/aundro/idasrc/695/include/kernwin.hpp" line="5183" column="1" bodyfile="/home/aundro/idasrc/695/include/kernwin.hpp" bodystart="5183" bodyend="5188"/>
      </memberdef>
      <memberdef kind="function" id="group__ui__choose__funcs_1gabb280da099a543192ba6cb140886b1c4" prot="public" static="no" const="no" explicit="no" inline="yes" virt="non-virtual">
        <type><ref refid="kernwin_8hpp_1a320dc6698b7075a653144bbdf202b30e" kindref="member">enum_t</ref></type>
        <definition>enum_t choose_enum</definition>
        <argsstring>(const char *title, enum_t default_id)</argsstring>
        <name>choose_enum</name>
        <param>
          <type>const char *</type>
          <declname>title</declname>
        </param>
        <param>
          <type><ref refid="kernwin_8hpp_1a320dc6698b7075a653144bbdf202b30e" kindref="member">enum_t</ref></type>
          <declname>default_id</declname>
        </param>
        <briefdescription>
        </briefdescription>
        <detaileddescription>
<para>Choose an enum (<ref refid="kernwin_8hpp_1a4a23e389ff9cbf1cd31179ca2f393334a05f9298ac3199cb263dc375a2a3812ef" kindref="member">ui_choose</ref>, <ref refid="kernwin_8hpp_1ab94cbb2305bcb076985c0ac7fe6c23ada1c8bfa77f3ac9c19870663f0b6cb59cf" kindref="member">chtype_enum</ref>). <parameterlist kind="param"><parameteritem>
<parameternamelist>
<parametername>title</parametername>
</parameternamelist>
<parameterdescription>
<para>chooser title </para></parameterdescription>
</parameteritem>
<parameteritem>
<parameternamelist>
<parametername>default_id</parametername>
</parameternamelist>
<parameterdescription>
<para>id of enum to select by default </para></parameterdescription>
</parameteritem>
</parameterlist>
<simplesect kind="return"><para>enum id of selected enum, #BADNODE if none selected </para></simplesect>
</para>        </detaileddescription>
        <inbodydescription>
        </inbodydescription>
        <location file="/home/aundro/idasrc/695/include/kernwin.hpp" line="5196" column="1" bodyfile="/home/aundro/idasrc/695/include/kernwin.hpp" bodystart="5196" bodyend="5201"/>
      </memberdef>
      <memberdef kind="function" id="group__ui__choose__funcs_1ga4b8559bdf7ef2c781c9e46527867ee8d" prot="public" static="no" const="no" explicit="no" inline="yes" virt="non-virtual">
        <type><ref refid="kernwin_8hpp_1a320dc6698b7075a653144bbdf202b30e" kindref="member">enum_t</ref></type>
        <definition>enum_t choose_enum_by_value</definition>
        <argsstring>(const char *title, enum_t default_id, uval_t value, int nbytes, uchar *serial)</argsstring>
        <name>choose_enum_by_value</name>
        <param>
          <type>const char *</type>
          <declname>title</declname>
        </param>
        <param>
          <type><ref refid="kernwin_8hpp_1a320dc6698b7075a653144bbdf202b30e" kindref="member">enum_t</ref></type>
          <declname>default_id</declname>
        </param>
        <param>
          <type>uval_t</type>
          <declname>value</declname>
        </param>
        <param>
          <type>int</type>
          <declname>nbytes</declname>
        </param>
        <param>
          <type>uchar *</type>
          <declname>serial</declname>
        </param>
        <briefdescription>
        </briefdescription>
        <detaileddescription>
<para>Choose an enum, restricted by value &amp; size (<ref refid="kernwin_8hpp_1a4a23e389ff9cbf1cd31179ca2f393334a05f9298ac3199cb263dc375a2a3812ef" kindref="member">ui_choose</ref>, <ref refid="kernwin_8hpp_1ab94cbb2305bcb076985c0ac7fe6c23ada62cc53dbffcab3c4277cfdb9a5651e04" kindref="member">chtype_enum_by_value_and_size</ref>). If the given value cannot be found initially, this function will ask if the user would like to import a standard enum. <parameterlist kind="param"><parameteritem>
<parameternamelist>
<parametername>title</parametername>
</parameternamelist>
<parameterdescription>
<para>chooser title </para></parameterdescription>
</parameteritem>
<parameteritem>
<parameternamelist>
<parametername>default_id</parametername>
</parameternamelist>
<parameterdescription>
<para>id of enum to select by default </para></parameterdescription>
</parameteritem>
<parameteritem>
<parameternamelist>
<parametername>value</parametername>
</parameternamelist>
<parameterdescription>
<para>value to search for </para></parameterdescription>
</parameteritem>
<parameteritem>
<parameternamelist>
<parametername>nbytes</parametername>
</parameternamelist>
<parameterdescription>
<para>size of value </para></parameterdescription>
</parameteritem>
<parameteritem>
<parameternamelist>
<parametername direction="out">serial</parametername>
</parameternamelist>
<parameterdescription>
<para>serial number of imported enum member, if one was found </para></parameterdescription>
</parameteritem>
</parameterlist>
<simplesect kind="return"><para>enum id of selected (or imported) enum, #BADNODE if none was found </para></simplesect>
</para>        </detaileddescription>
        <inbodydescription>
        </inbodydescription>
        <location file="/home/aundro/idasrc/695/include/kernwin.hpp" line="5214" column="1" bodyfile="/home/aundro/idasrc/695/include/kernwin.hpp" bodystart="5214" bodyend="5224"/>
      </memberdef>
      <memberdef kind="function" id="group__ui__choose__funcs_1gaa646e7f1986c51968fe3baaf6145600a" prot="public" static="no" const="no" explicit="no" inline="yes" virt="non-virtual">
        <type>func_t *</type>
        <definition>func_t* choose_func</definition>
        <argsstring>(const char *title, ea_t default_ea)</argsstring>
        <name>choose_func</name>
        <param>
          <type>const char *</type>
          <declname>title</declname>
        </param>
        <param>
          <type>ea_t</type>
          <declname>default_ea</declname>
        </param>
        <briefdescription>
        </briefdescription>
        <detaileddescription>
<para>Choose a function (<ref refid="kernwin_8hpp_1a4a23e389ff9cbf1cd31179ca2f393334a05f9298ac3199cb263dc375a2a3812ef" kindref="member">ui_choose</ref>, <ref refid="kernwin_8hpp_1ab94cbb2305bcb076985c0ac7fe6c23ada0b699b6610e236fc595ee5368a1abb6c" kindref="member">chtype_func</ref>). <parameterlist kind="param"><parameteritem>
<parameternamelist>
<parametername>title</parametername>
</parameternamelist>
<parameterdescription>
<para>chooser title </para></parameterdescription>
</parameteritem>
<parameteritem>
<parameternamelist>
<parametername>default_ea</parametername>
</parameternamelist>
<parameterdescription>
<para>ea of function to select by default </para></parameterdescription>
</parameteritem>
</parameterlist>
<simplesect kind="return"><para>pointer to function that was selected, NULL if none selected </para></simplesect>
</para>        </detaileddescription>
        <inbodydescription>
        </inbodydescription>
        <location file="/home/aundro/idasrc/695/include/kernwin.hpp" line="5232" column="1" bodyfile="/home/aundro/idasrc/695/include/kernwin.hpp" bodystart="5232" bodyend="5235"/>
      </memberdef>
      <memberdef kind="function" id="group__ui__choose__funcs_1ga64dfdf9b4ea22f20b0e8d9c0bf15c9d4" prot="public" static="no" const="no" explicit="no" inline="yes" virt="non-virtual">
        <type>segment_t *</type>
        <definition>segment_t* choose_segm</definition>
        <argsstring>(const char *title, ea_t default_ea)</argsstring>
        <name>choose_segm</name>
        <param>
          <type>const char *</type>
          <declname>title</declname>
        </param>
        <param>
          <type>ea_t</type>
          <declname>default_ea</declname>
        </param>
        <briefdescription>
        </briefdescription>
        <detaileddescription>
<para>Choose a segment (<ref refid="kernwin_8hpp_1a4a23e389ff9cbf1cd31179ca2f393334a05f9298ac3199cb263dc375a2a3812ef" kindref="member">ui_choose</ref>, <ref refid="kernwin_8hpp_1ab94cbb2305bcb076985c0ac7fe6c23ada94b449f2efb1183ad281068b2e6ea611" kindref="member">chtype_segm</ref>). <parameterlist kind="param"><parameteritem>
<parameternamelist>
<parametername>title</parametername>
</parameternamelist>
<parameterdescription>
<para>chooser title </para></parameterdescription>
</parameteritem>
<parameteritem>
<parameternamelist>
<parametername>default_ea</parametername>
</parameternamelist>
<parameterdescription>
<para>ea of segment to select by default </para></parameterdescription>
</parameteritem>
</parameterlist>
<simplesect kind="return"><para>pointer to segment that was selected, NULL if none selected </para></simplesect>
</para>        </detaileddescription>
        <inbodydescription>
        </inbodydescription>
        <location file="/home/aundro/idasrc/695/include/kernwin.hpp" line="5243" column="1" bodyfile="/home/aundro/idasrc/695/include/kernwin.hpp" bodystart="5243" bodyend="5246"/>
      </memberdef>
      <memberdef kind="function" id="group__ui__choose__funcs_1gaed3341085e6f6ca84f2f787ac2eab73f" prot="public" static="no" const="no" explicit="no" inline="yes" virt="non-virtual">
        <type>struc_t *</type>
        <definition>struc_t* choose_struc</definition>
        <argsstring>(const char *title)</argsstring>
        <name>choose_struc</name>
        <param>
          <type>const char *</type>
          <declname>title</declname>
        </param>
        <briefdescription>
        </briefdescription>
        <detaileddescription>
<para>Choose a structure (<ref refid="kernwin_8hpp_1a4a23e389ff9cbf1cd31179ca2f393334a05f9298ac3199cb263dc375a2a3812ef" kindref="member">ui_choose</ref>, <ref refid="kernwin_8hpp_1ab94cbb2305bcb076985c0ac7fe6c23ada94b449f2efb1183ad281068b2e6ea611" kindref="member">chtype_segm</ref>). <parameterlist kind="param"><parameteritem>
<parameternamelist>
<parametername>title</parametername>
</parameternamelist>
<parameterdescription>
<para>chooser title; </para></parameterdescription>
</parameteritem>
</parameterlist>
<simplesect kind="return"><para>pointer to structure that was selected, NULL if none selected </para></simplesect>
</para>        </detaileddescription>
        <inbodydescription>
        </inbodydescription>
        <location file="/home/aundro/idasrc/695/include/kernwin.hpp" line="5253" column="1" bodyfile="/home/aundro/idasrc/695/include/kernwin.hpp" bodystart="5253" bodyend="5256"/>
      </memberdef>
      <memberdef kind="function" id="group__ui__choose__funcs_1gaf77c6c587b565fcb760a1a2551bb60f9" prot="public" static="no" const="no" explicit="no" inline="yes" virt="non-virtual">
        <type>segreg_area_t *</type>
        <definition>segreg_area_t* choose_srcp</definition>
        <argsstring>(const char *title)</argsstring>
        <name>choose_srcp</name>
        <param>
          <type>const char *</type>
          <declname>title</declname>
        </param>
        <briefdescription>
        </briefdescription>
        <detaileddescription>
<para>Choose a segment register change point (<ref refid="kernwin_8hpp_1a4a23e389ff9cbf1cd31179ca2f393334a05f9298ac3199cb263dc375a2a3812ef" kindref="member">ui_choose</ref>, <ref refid="kernwin_8hpp_1ab94cbb2305bcb076985c0ac7fe6c23ada35f2742832c1ae3fe40b353e72be563b" kindref="member">chtype_srcp</ref>). <parameterlist kind="param"><parameteritem>
<parameternamelist>
<parametername>title</parametername>
</parameternamelist>
<parameterdescription>
<para>chooser title </para></parameterdescription>
</parameteritem>
</parameterlist>
<simplesect kind="return"><para>pointer to segment register area of selected change point, NULL if none selected </para></simplesect>
</para>        </detaileddescription>
        <inbodydescription>
        </inbodydescription>
        <location file="/home/aundro/idasrc/695/include/kernwin.hpp" line="5263" column="1" bodyfile="/home/aundro/idasrc/695/include/kernwin.hpp" bodystart="5263" bodyend="5266"/>
      </memberdef>
      </sectiondef>
    <briefdescription>
    </briefdescription>
    <detaileddescription>
<para>Convenience functions for <ref refid="kernwin_8hpp_1a4a23e389ff9cbf1cd31179ca2f393334a05f9298ac3199cb263dc375a2a3812ef" kindref="member">ui_choose</ref> and <ref refid="kernwin_8hpp_1ab94cbb2305bcb076985c0ac7fe6c23ad" kindref="member">choose_type_t</ref> </para>    </detaileddescription>
  </compounddef>
</doxygen>
