<?xml version='1.0' encoding='UTF-8' standalone='no'?>
<doxygen xmlns:xsi="http://www.w3.org/2001/XMLSchema-instance" xsi:noNamespaceSchemaLocation="compound.xsd" version="1.8.15">
  <compounddef id="group___a_c_f__" kind="group">
    <compoundname>ACF_</compoundname>
    <title>Action context property bits</title>
      <sectiondef kind="define">
      <memberdef kind="define" id="group___a_c_f___1gafecab65cb98041be47151eb8a3f3232d" prot="public" static="no">
        <name>ACF_HAS_SELECTION</name>
        <initializer>(1 &lt;&lt; 0)</initializer>
        <briefdescription>
<para>there is currently a valid selection </para>
        </briefdescription>
        <detaileddescription>
        </detaileddescription>
        <inbodydescription>
        </inbodydescription>
        <location file="obj/x64_linux_gcc_32_opt/3/idasdk/kernwin.hpp" line="3952" column="9" bodyfile="obj/x64_linux_gcc_32_opt/3/idasdk/kernwin.hpp" bodystart="3952" bodyend="-1"/>
      </memberdef>
      <memberdef kind="define" id="group___a_c_f___1ga05c0a21746032fcf536bb9a8eeebd962" prot="public" static="no">
        <name>ACF_XTRN_EA</name>
        <initializer>(1 &lt;&lt; 1)</initializer>
        <briefdescription>
<para>cur_ea is in &apos;externs&apos; segment </para>
        </briefdescription>
        <detaileddescription>
        </detaileddescription>
        <inbodydescription>
        </inbodydescription>
        <location file="obj/x64_linux_gcc_32_opt/3/idasdk/kernwin.hpp" line="3953" column="9" bodyfile="obj/x64_linux_gcc_32_opt/3/idasdk/kernwin.hpp" bodystart="3953" bodyend="-1"/>
      </memberdef>
      <memberdef kind="define" id="group___a_c_f___1ga9f17b7603d601dceaf344065d6bd606f" prot="public" static="no">
        <name>ACF_HAS_FIELD_DIRTREE_SELECTION</name>
        <initializer>(1 &lt;&lt; 2)</initializer>
        <briefdescription>
<para>&apos;cur_enum_member&apos; and &apos;dirtree_selection&apos; fields are present </para>
        </briefdescription>
        <detaileddescription>
        </detaileddescription>
        <inbodydescription>
        </inbodydescription>
        <location file="obj/x64_linux_gcc_32_opt/3/idasdk/kernwin.hpp" line="3954" column="9" bodyfile="obj/x64_linux_gcc_32_opt/3/idasdk/kernwin.hpp" bodystart="3954" bodyend="-1"/>
      </memberdef>
      <memberdef kind="define" id="group___a_c_f___1gab47506b8aa2dfdedc712b06597cd874f" prot="public" static="no">
        <name>ACF_HAS_SOURCE</name>
        <initializer>(1 &lt;&lt; 3)</initializer>
        <briefdescription>
<para>&apos;source&apos; field is present </para>
        </briefdescription>
        <detaileddescription>
        </detaileddescription>
        <inbodydescription>
        </inbodydescription>
        <location file="obj/x64_linux_gcc_32_opt/3/idasdk/kernwin.hpp" line="3955" column="9" bodyfile="obj/x64_linux_gcc_32_opt/3/idasdk/kernwin.hpp" bodystart="3955" bodyend="-1"/>
      </memberdef>
      </sectiondef>
    <briefdescription>
    </briefdescription>
    <detaileddescription>
<para>used by <ref refid="structaction__ctx__base__t_1a7e11d437fdd94f1ac30a893c8454410c" kindref="member">action_ctx_base_t::cur_flags</ref> </para>
    </detaileddescription>
  </compounddef>
</doxygen>
