<?xml version='1.0' encoding='UTF-8' standalone='no'?>
<doxygen xmlns:xsi="http://www.w3.org/2001/XMLSchema-instance" xsi:noNamespaceSchemaLocation="compound.xsd" version="1.8.15">
  <compounddef id="group___s_t_k_v_a_r__1" kind="group">
    <compoundname>STKVAR_1</compoundname>
    <title>Add stkvar flags</title>
      <sectiondef kind="define">
      <memberdef kind="define" id="group___s_t_k_v_a_r__1_1gadea83308bbe3028f66bde2b06d3931e1" prot="public" static="no">
        <name>STKVAR_VALID_SIZE</name>
        <initializer>0x0001</initializer>
        <briefdescription>
        </briefdescription>
        <detaileddescription>
<para>x.dtyp contains correct variable type (for insns like &apos;lea&apos; this bit must be off) in general, dr_O references do not allow to determine the variable size </para>
        </detaileddescription>
        <inbodydescription>
        </inbodydescription>
        <location file="obj/x64_linux_gcc_32_opt/3/idasdk/frame.hpp" line="292" column="9" bodyfile="obj/x64_linux_gcc_32_opt/3/idasdk/frame.hpp" bodystart="292" bodyend="-1"/>
      </memberdef>
      </sectiondef>
    <briefdescription>
    </briefdescription>
    <detaileddescription>
<para>Passed as &apos;flags&apos; parameter to <ref refid="frame_8hpp_1a6ecc3558ed60be999ec7b3e7d682dad3" kindref="member">add_stkvar()</ref> </para>
    </detaileddescription>
  </compounddef>
</doxygen>
