<?xml version='1.0' encoding='UTF-8' standalone='no'?>
<doxygen xmlns:xsi="http://www.w3.org/2001/XMLSchema-instance" xsi:noNamespaceSchemaLocation="compound.xsd" version="1.9.3" xml:lang="en-US">
  <compounddef id="group___x_r_e_f__" kind="group">
    <compoundname>XREF_</compoundname>
    <title>Xref enumeration flags</title>
      <sectiondef kind="define">
      <memberdef kind="define" id="group___x_r_e_f___1ga43ee8b3fc0740c29a08da6d7d790efd8" prot="public" static="no">
        <name>XREF_FLOW</name>
        <initializer>0x00</initializer>
        <briefdescription>
<para>return all references, including ordinary flow xrefs </para>
        </briefdescription>
        <detaileddescription>
        </detaileddescription>
        <inbodydescription>
        </inbodydescription>
        <location file="obj/x64_linux_gcc_64_opt/idasdk/xref.hpp" line="199" column="9" bodyfile="obj/x64_linux_gcc_64_opt/idasdk/xref.hpp" bodystart="199" bodyend="-1"/>
      </memberdef>
      <memberdef kind="define" id="group___x_r_e_f___1ga2c77a26d7806d636634d8290071692b8" prot="public" static="no">
        <name>XREF_NOFLOW</name>
        <initializer>0x01</initializer>
        <briefdescription>
        </briefdescription>
        <detaileddescription>
<para>skip ordinary flow xrefs (code xrefs to the next insn) </para>
        </detaileddescription>
        <inbodydescription>
        </inbodydescription>
        <location file="obj/x64_linux_gcc_64_opt/idasdk/xref.hpp" line="200" column="9" bodyfile="obj/x64_linux_gcc_64_opt/idasdk/xref.hpp" bodystart="200" bodyend="-1"/>
      </memberdef>
      <memberdef kind="define" id="group___x_r_e_f___1ga0aebd80585c10650d16fd59ea35ba27d" prot="public" static="no">
        <name>XREF_DATA</name>
        <initializer>0x02</initializer>
        <briefdescription>
<para>return only data references (dr_...) </para>
        </briefdescription>
        <detaileddescription>
        </detaileddescription>
        <inbodydescription>
        </inbodydescription>
        <location file="obj/x64_linux_gcc_64_opt/idasdk/xref.hpp" line="202" column="9" bodyfile="obj/x64_linux_gcc_64_opt/idasdk/xref.hpp" bodystart="202" bodyend="-1"/>
      </memberdef>
      <memberdef kind="define" id="group___x_r_e_f___1ga5d3e617aaca56c026dda04218915b9c9" prot="public" static="no">
        <name>XREF_CODE</name>
        <initializer>0x04</initializer>
        <briefdescription>
<para>return only code references (fl_...) </para>
        </briefdescription>
        <detaileddescription>
        </detaileddescription>
        <inbodydescription>
        </inbodydescription>
        <location file="obj/x64_linux_gcc_64_opt/idasdk/xref.hpp" line="203" column="9" bodyfile="obj/x64_linux_gcc_64_opt/idasdk/xref.hpp" bodystart="203" bodyend="-1"/>
      </memberdef>
      <memberdef kind="define" id="group___x_r_e_f___1gaf0125a708ba39f6e3734ad22fc2377cd" prot="public" static="no">
        <name>XREF_EA</name>
        <initializer>0x08</initializer>
        <briefdescription>
<para>return only program addresses </para>
        </briefdescription>
        <detaileddescription>
        </detaileddescription>
        <inbodydescription>
        </inbodydescription>
        <location file="obj/x64_linux_gcc_64_opt/idasdk/xref.hpp" line="204" column="9" bodyfile="obj/x64_linux_gcc_64_opt/idasdk/xref.hpp" bodystart="204" bodyend="-1"/>
      </memberdef>
      <memberdef kind="define" id="group___x_r_e_f___1gab2857c46e73224d9ea4f27090183bfac" prot="public" static="no">
        <name>XREF_TID</name>
        <initializer>0x10</initializer>
        <briefdescription>
        </briefdescription>
        <detaileddescription>
<para>return only type ids. XREF_EA and XREF_TID are exclusive, only one of them can be specified </para>
        </detaileddescription>
        <inbodydescription>
        </inbodydescription>
        <location file="obj/x64_linux_gcc_64_opt/idasdk/xref.hpp" line="205" column="9" bodyfile="obj/x64_linux_gcc_64_opt/idasdk/xref.hpp" bodystart="205" bodyend="-1"/>
      </memberdef>
      </sectiondef>
    <briefdescription>
    </briefdescription>
    <detaileddescription>
<para>Passed as &apos;flags&apos; parameter to functions in <ref refid="structxrefblk__t" kindref="compound">xrefblk_t</ref> </para>
    </detaileddescription>
  </compounddef>
</doxygen>
