<?xml version='1.0' encoding='UTF-8' standalone='no'?>
<doxygen xmlns:xsi="http://www.w3.org/2001/XMLSchema-instance" xsi:noNamespaceSchemaLocation="compound.xsd" version="1.8.15">
  <compounddef id="group___w_i_d_g_e_t___c_l_o_s_e" kind="group">
    <compoundname>WIDGET_CLOSE</compoundname>
    <title>Form close flags</title>
      <sectiondef kind="">
      </sectiondef>
      <sectiondef kind="define">
      <memberdef kind="define" id="group___w_i_d_g_e_t___c_l_o_s_e_1gab9c1336622354734d3e05853579ca3a7" prot="public" static="no">
        <name>WCLS_SAVE</name>
        <initializer>0x1</initializer>
        <briefdescription>
<para>save state in desktop config </para>
        </briefdescription>
        <detaileddescription>
        </detaileddescription>
        <inbodydescription>
        </inbodydescription>
        <location file="obj/x64_linux_gcc_32_opt/3/idasdk/kernwin.hpp" line="401" column="9" bodyfile="obj/x64_linux_gcc_32_opt/3/idasdk/kernwin.hpp" bodystart="401" bodyend="-1"/>
      </memberdef>
      <memberdef kind="define" id="group___w_i_d_g_e_t___c_l_o_s_e_1ga6de62f3deb72b11b9507cce87bb641d0" prot="public" static="no">
        <name>WCLS_NO_CONTEXT</name>
        <initializer>0x2</initializer>
        <briefdescription>
<para>don&apos;t change the current context (useful for toolbars) </para>
        </briefdescription>
        <detaileddescription>
        </detaileddescription>
        <inbodydescription>
        </inbodydescription>
        <location file="obj/x64_linux_gcc_32_opt/3/idasdk/kernwin.hpp" line="402" column="9" bodyfile="obj/x64_linux_gcc_32_opt/3/idasdk/kernwin.hpp" bodystart="402" bodyend="-1"/>
      </memberdef>
      <memberdef kind="define" id="group___w_i_d_g_e_t___c_l_o_s_e_1ga3b3564065d819ee3b15e6d576ab289f4" prot="public" static="no">
        <name>WCLS_DONT_SAVE_SIZE</name>
        <initializer>0x4</initializer>
        <briefdescription>
<para>don&apos;t save size of the window </para>
        </briefdescription>
        <detaileddescription>
        </detaileddescription>
        <inbodydescription>
        </inbodydescription>
        <location file="obj/x64_linux_gcc_32_opt/3/idasdk/kernwin.hpp" line="403" column="9" bodyfile="obj/x64_linux_gcc_32_opt/3/idasdk/kernwin.hpp" bodystart="403" bodyend="-1"/>
      </memberdef>
      <memberdef kind="define" id="group___w_i_d_g_e_t___c_l_o_s_e_1ga94c5da7dc6f5f05e398e280f134aa6dc" prot="public" static="no">
        <name>WCLS_DELETE_LATER</name>
        <initializer>0x8</initializer>
        <briefdescription>
<para>assign the deletion of the widget to the UI loop ///&lt; </para>
        </briefdescription>
        <detaileddescription>
<para><simplesect kind="return"><para>void </para>
</simplesect>
</para>
        </detaileddescription>
        <inbodydescription>
        </inbodydescription>
        <location file="obj/x64_linux_gcc_32_opt/3/idasdk/kernwin.hpp" line="404" column="9" bodyfile="obj/x64_linux_gcc_32_opt/3/idasdk/kernwin.hpp" bodystart="404" bodyend="-1"/>
      </memberdef>
      <memberdef kind="define" id="group___w_i_d_g_e_t___c_l_o_s_e_1ga49fb268963df84ea3282168162ee1361" prot="public" static="no">
        <name>WCLS_CLOSE_LATER</name>
        <initializer><ref refid="group___w_i_d_g_e_t___c_l_o_s_e_1ga94c5da7dc6f5f05e398e280f134aa6dc" kindref="member">WCLS_DELETE_LATER</ref></initializer>
        <briefdescription>
        </briefdescription>
        <detaileddescription>
        </detaileddescription>
        <inbodydescription>
        </inbodydescription>
        <location file="obj/x64_linux_gcc_32_opt/3/idasdk/kernwin.hpp" line="405" column="9" bodyfile="obj/x64_linux_gcc_32_opt/3/idasdk/kernwin.hpp" bodystart="405" bodyend="-1"/>
      </memberdef>
      </sectiondef>
    <briefdescription>
    </briefdescription>
    <detaileddescription>
<para>passed as options to <ref refid="kernwin_8hpp_1ad27da33115a2f2e7bddbbf5d29aa814b" kindref="member">close_widget()</ref> </para>
    </detaileddescription>
  </compounddef>
</doxygen>
