<?xml version='1.0' encoding='UTF-8' standalone='no'?>
<doxygen xmlns:xsi="http://www.w3.org/2001/XMLSchema-instance" xsi:noNamespaceSchemaLocation="compound.xsd" version="1.9.3" xml:lang="en-US">
  <compounddef id="group__dbg__funcs__conv" kind="group">
    <compoundname>dbg_funcs_conv</compoundname>
    <title>Misc</title>
      <sectiondef kind="func">
      <memberdef kind="function" id="group__dbg__funcs__conv_1ga3e25091a418571cc068f8869e549d0ce" prot="public" static="no" const="no" explicit="no" inline="yes" virt="non-virtual">
        <type>ea_t idaapi</type>
        <definition>ea_t idaapi get_tev_ea</definition>
        <argsstring>(int n)</argsstring>
        <name>get_tev_ea</name>
        <param>
          <type>int</type>
          <declname>n</declname>
        </param>
        <briefdescription>
        </briefdescription>
        <detaileddescription>
        </detaileddescription>
        <inbodydescription>
        </inbodydescription>
        <location file="obj/x64_linux_gcc_32_opt_pro/idasdk/dbg.hpp" line="2570" column="20" bodyfile="obj/x64_linux_gcc_32_opt_pro/idasdk/dbg.hpp" bodystart="2570" bodyend="2570"/>
      </memberdef>
      <memberdef kind="function" id="group__dbg__funcs__conv_1ga79fd7da2aec9176878855149202cd09d" prot="public" static="no" const="no" explicit="no" inline="yes" virt="non-virtual">
        <type>int idaapi</type>
        <definition>int idaapi get_tev_type</definition>
        <argsstring>(int n)</argsstring>
        <name>get_tev_type</name>
        <param>
          <type>int</type>
          <declname>n</declname>
        </param>
        <briefdescription>
        </briefdescription>
        <detaileddescription>
        </detaileddescription>
        <inbodydescription>
        </inbodydescription>
        <location file="obj/x64_linux_gcc_32_opt_pro/idasdk/dbg.hpp" line="2571" column="20" bodyfile="obj/x64_linux_gcc_32_opt_pro/idasdk/dbg.hpp" bodystart="2571" bodyend="2571"/>
      </memberdef>
      <memberdef kind="function" id="group__dbg__funcs__conv_1gac3a19ed09805a3cf4cd56dba3e5b7d27" prot="public" static="no" const="no" explicit="no" inline="yes" virt="non-virtual">
        <type>int idaapi</type>
        <definition>int idaapi get_tev_tid</definition>
        <argsstring>(int n)</argsstring>
        <name>get_tev_tid</name>
        <param>
          <type>int</type>
          <declname>n</declname>
        </param>
        <briefdescription>
        </briefdescription>
        <detaileddescription>
        </detaileddescription>
        <inbodydescription>
        </inbodydescription>
        <location file="obj/x64_linux_gcc_32_opt_pro/idasdk/dbg.hpp" line="2572" column="20" bodyfile="obj/x64_linux_gcc_32_opt_pro/idasdk/dbg.hpp" bodystart="2572" bodyend="2572"/>
      </memberdef>
      <memberdef kind="function" id="group__dbg__funcs__conv_1ga0e4c5493332f3a6e13feaf9685503b62" prot="public" static="no" const="no" explicit="no" inline="yes" virt="non-virtual">
        <type>void idaapi</type>
        <definition>void idaapi bring_debugger_to_front</definition>
        <argsstring>(void)</argsstring>
        <name>bring_debugger_to_front</name>
        <param>
          <type>void</type>
        </param>
        <briefdescription>
        </briefdescription>
        <detaileddescription>
        </detaileddescription>
        <inbodydescription>
        </inbodydescription>
        <location file="obj/x64_linux_gcc_32_opt_pro/idasdk/dbg.hpp" line="2573" column="20" bodyfile="obj/x64_linux_gcc_32_opt_pro/idasdk/dbg.hpp" bodystart="2573" bodyend="2573"/>
      </memberdef>
      <memberdef kind="function" id="group__dbg__funcs__conv_1ga5e32ecd7769cafc1b094db5499ae87a1" prot="public" static="no" const="no" explicit="no" inline="yes" virt="non-virtual">
        <type>void idaapi</type>
        <definition>void idaapi get_manual_regions</definition>
        <argsstring>(meminfo_vec_t *ranges)</argsstring>
        <name>get_manual_regions</name>
        <param>
          <type><ref refid="structmeminfo__vec__t" kindref="compound">meminfo_vec_t</ref> *</type>
          <declname>ranges</declname>
        </param>
        <briefdescription>
        </briefdescription>
        <detaileddescription>
        </detaileddescription>
        <inbodydescription>
        </inbodydescription>
        <location file="obj/x64_linux_gcc_32_opt_pro/idasdk/dbg.hpp" line="2574" column="20" bodyfile="obj/x64_linux_gcc_32_opt_pro/idasdk/dbg.hpp" bodystart="2574" bodyend="2574"/>
      </memberdef>
      <memberdef kind="function" id="group__dbg__funcs__conv_1gaf7b892158db297cc090a3ad897290efa" prot="public" static="no" const="no" explicit="no" inline="yes" virt="non-virtual">
        <type>void idaapi</type>
        <definition>void idaapi set_manual_regions</definition>
        <argsstring>(const meminfo_vec_t *ranges)</argsstring>
        <name>set_manual_regions</name>
        <param>
          <type>const <ref refid="structmeminfo__vec__t" kindref="compound">meminfo_vec_t</ref> *</type>
          <declname>ranges</declname>
        </param>
        <briefdescription>
        </briefdescription>
        <detaileddescription>
        </detaileddescription>
        <inbodydescription>
        </inbodydescription>
        <location file="obj/x64_linux_gcc_32_opt_pro/idasdk/dbg.hpp" line="2575" column="20" bodyfile="obj/x64_linux_gcc_32_opt_pro/idasdk/dbg.hpp" bodystart="2575" bodyend="2575"/>
      </memberdef>
      <memberdef kind="function" id="group__dbg__funcs__conv_1ga8e9cd659cce31c727c990047b8faf9cd" prot="public" static="no" const="no" explicit="no" inline="yes" virt="non-virtual">
        <type>void idaapi</type>
        <definition>void idaapi edit_manual_regions</definition>
        <argsstring>()</argsstring>
        <name>edit_manual_regions</name>
        <briefdescription>
        </briefdescription>
        <detaileddescription>
        </detaileddescription>
        <inbodydescription>
        </inbodydescription>
        <location file="obj/x64_linux_gcc_32_opt_pro/idasdk/dbg.hpp" line="2576" column="20" bodyfile="obj/x64_linux_gcc_32_opt_pro/idasdk/dbg.hpp" bodystart="2576" bodyend="2576"/>
      </memberdef>
      <memberdef kind="function" id="group__dbg__funcs__conv_1ga66d1a83a0b5e566072138242cdf4ad4c" prot="public" static="no" const="no" explicit="no" inline="yes" virt="non-virtual">
        <type>void idaapi</type>
        <definition>void idaapi enable_manual_regions</definition>
        <argsstring>(bool enable)</argsstring>
        <name>enable_manual_regions</name>
        <param>
          <type>bool</type>
          <declname>enable</declname>
        </param>
        <briefdescription>
        </briefdescription>
        <detaileddescription>
        </detaileddescription>
        <inbodydescription>
        </inbodydescription>
        <location file="obj/x64_linux_gcc_32_opt_pro/idasdk/dbg.hpp" line="2577" column="20" bodyfile="obj/x64_linux_gcc_32_opt_pro/idasdk/dbg.hpp" bodystart="2577" bodyend="2577"/>
      </memberdef>
      <memberdef kind="function" id="group__dbg__funcs__conv_1gabac6ad1c2c17964d0bf7840b811c3219" prot="public" static="no" const="no" explicit="no" inline="yes" virt="non-virtual">
        <type>int idaapi</type>
        <definition>int idaapi handle_debug_event</definition>
        <argsstring>(const debug_event_t *ev, int rqflags)</argsstring>
        <name>handle_debug_event</name>
        <param>
          <type>const <ref refid="structdebug__event__t" kindref="compound">debug_event_t</ref> *</type>
          <declname>ev</declname>
        </param>
        <param>
          <type>int</type>
          <declname>rqflags</declname>
        </param>
        <briefdescription>
        </briefdescription>
        <detaileddescription>
        </detaileddescription>
        <inbodydescription>
        </inbodydescription>
        <location file="obj/x64_linux_gcc_32_opt_pro/idasdk/dbg.hpp" line="2578" column="20" bodyfile="obj/x64_linux_gcc_32_opt_pro/idasdk/dbg.hpp" bodystart="2578" bodyend="2578"/>
      </memberdef>
      <memberdef kind="function" id="group__dbg__funcs__conv_1ga5703cc70a6730733acb716767e1092e3" prot="public" static="no" const="no" explicit="no" inline="yes" virt="non-virtual">
        <type>bool idaapi</type>
        <definition>bool idaapi add_virt_module</definition>
        <argsstring>(const modinfo_t *mod)</argsstring>
        <name>add_virt_module</name>
        <param>
          <type>const <ref refid="structmodinfo__t" kindref="compound">modinfo_t</ref> *</type>
          <declname>mod</declname>
        </param>
        <briefdescription>
        </briefdescription>
        <detaileddescription>
        </detaileddescription>
        <inbodydescription>
        </inbodydescription>
        <location file="obj/x64_linux_gcc_32_opt_pro/idasdk/dbg.hpp" line="2579" column="20" bodyfile="obj/x64_linux_gcc_32_opt_pro/idasdk/dbg.hpp" bodystart="2579" bodyend="2579"/>
      </memberdef>
      <memberdef kind="function" id="group__dbg__funcs__conv_1ga91995a8034e9ba412bba3453e9de0285" prot="public" static="no" const="no" explicit="no" inline="yes" virt="non-virtual">
        <type>bool idaapi</type>
        <definition>bool idaapi del_virt_module</definition>
        <argsstring>(const ea_t base)</argsstring>
        <name>del_virt_module</name>
        <param>
          <type>const ea_t</type>
          <declname>base</declname>
        </param>
        <briefdescription>
        </briefdescription>
        <detaileddescription>
        </detaileddescription>
        <inbodydescription>
        </inbodydescription>
        <location file="obj/x64_linux_gcc_32_opt_pro/idasdk/dbg.hpp" line="2580" column="20" bodyfile="obj/x64_linux_gcc_32_opt_pro/idasdk/dbg.hpp" bodystart="2580" bodyend="2580"/>
      </memberdef>
      <memberdef kind="function" id="group__dbg__funcs__conv_1gad2d28e58fdde103188c2444eb84211c8" prot="public" static="no" const="no" explicit="no" inline="yes" virt="non-virtual">
        <type>int idaapi</type>
        <definition>int idaapi internal_get_sreg_base</definition>
        <argsstring>(ea_t *answer, thid_t tid, int sreg_value)</argsstring>
        <name>internal_get_sreg_base</name>
        <param>
          <type>ea_t *</type>
          <declname>answer</declname>
        </param>
        <param>
          <type><ref refid="idd_8hpp_1a479b4266d280e0d77b7ca914dec19122" kindref="member">thid_t</ref></type>
          <declname>tid</declname>
        </param>
        <param>
          <type>int</type>
          <declname>sreg_value</declname>
        </param>
        <briefdescription>
        </briefdescription>
        <detaileddescription>
        </detaileddescription>
        <inbodydescription>
        </inbodydescription>
        <location file="obj/x64_linux_gcc_32_opt_pro/idasdk/dbg.hpp" line="2583" column="20" bodyfile="obj/x64_linux_gcc_32_opt_pro/idasdk/dbg.hpp" bodystart="2583" bodyend="2583"/>
      </memberdef>
      <memberdef kind="function" id="group__dbg__funcs__conv_1ga538c1d2fc80cdef82d6739930be001ea" prot="public" static="no" const="no" explicit="no" inline="yes" virt="non-virtual">
        <type>int idaapi</type>
        <definition>int idaapi internal_ioctl</definition>
        <argsstring>(int fn, const void *buf, size_t size, void **poutbuf, ssize_t *poutsize)</argsstring>
        <name>internal_ioctl</name>
        <param>
          <type>int</type>
          <declname>fn</declname>
        </param>
        <param>
          <type>const void *</type>
          <declname>buf</declname>
        </param>
        <param>
          <type>size_t</type>
          <declname>size</declname>
        </param>
        <param>
          <type>void **</type>
          <declname>poutbuf</declname>
        </param>
        <param>
          <type><ref refid="pro_8h_1ab65ed42d67e6c517c746ff2a6a187016" kindref="member">ssize_t</ref> *</type>
          <declname>poutsize</declname>
        </param>
        <briefdescription>
        </briefdescription>
        <detaileddescription>
        </detaileddescription>
        <inbodydescription>
        </inbodydescription>
        <location file="obj/x64_linux_gcc_32_opt_pro/idasdk/dbg.hpp" line="2584" column="20" bodyfile="obj/x64_linux_gcc_32_opt_pro/idasdk/dbg.hpp" bodystart="2584" bodyend="2584"/>
      </memberdef>
      <memberdef kind="function" id="group__dbg__funcs__conv_1ga3dab6c1d22728c32ce02ba67f9ad03ae" prot="public" static="no" const="no" explicit="no" inline="yes" virt="non-virtual">
        <type>int idaapi</type>
        <definition>int idaapi get_reg_vals</definition>
        <argsstring>(thid_t tid, int clsmask, regval_t *values)</argsstring>
        <name>get_reg_vals</name>
        <param>
          <type><ref refid="idd_8hpp_1a479b4266d280e0d77b7ca914dec19122" kindref="member">thid_t</ref></type>
          <declname>tid</declname>
        </param>
        <param>
          <type>int</type>
          <declname>clsmask</declname>
        </param>
        <param>
          <type><ref refid="structregval__t" kindref="compound">regval_t</ref> *</type>
          <declname>values</declname>
        </param>
        <briefdescription>
        </briefdescription>
        <detaileddescription>
        </detaileddescription>
        <inbodydescription>
        </inbodydescription>
        <location file="obj/x64_linux_gcc_32_opt_pro/idasdk/dbg.hpp" line="2585" column="19" bodyfile="obj/x64_linux_gcc_32_opt_pro/idasdk/dbg.hpp" bodystart="2585" bodyend="2585"/>
      </memberdef>
      <memberdef kind="function" id="group__dbg__funcs__conv_1ga46f0195a300de6e6b811f6a22039157e" prot="public" static="no" const="no" explicit="no" inline="yes" virt="non-virtual">
        <type>int idaapi</type>
        <definition>int idaapi set_reg_val</definition>
        <argsstring>(thid_t tid, int regidx, const regval_t *value)</argsstring>
        <name>set_reg_val</name>
        <param>
          <type><ref refid="idd_8hpp_1a479b4266d280e0d77b7ca914dec19122" kindref="member">thid_t</ref></type>
          <declname>tid</declname>
        </param>
        <param>
          <type>int</type>
          <declname>regidx</declname>
        </param>
        <param>
          <type>const <ref refid="structregval__t" kindref="compound">regval_t</ref> *</type>
          <declname>value</declname>
        </param>
        <briefdescription>
        </briefdescription>
        <detaileddescription>
        </detaileddescription>
        <inbodydescription>
        </inbodydescription>
        <location file="obj/x64_linux_gcc_32_opt_pro/idasdk/dbg.hpp" line="2586" column="19" bodyfile="obj/x64_linux_gcc_32_opt_pro/idasdk/dbg.hpp" bodystart="2586" bodyend="2586"/>
      </memberdef>
      <memberdef kind="function" id="group__dbg__funcs__conv_1ga56e58930768f0b7dcae8e185297cd7be" prot="public" static="no" const="no" explicit="no" inline="yes" virt="non-virtual">
        <type>int idaapi</type>
        <definition>int idaapi get_dbg_memory_info</definition>
        <argsstring>(meminfo_vec_t *ranges)</argsstring>
        <name>get_dbg_memory_info</name>
        <param>
          <type><ref refid="structmeminfo__vec__t" kindref="compound">meminfo_vec_t</ref> *</type>
          <declname>ranges</declname>
        </param>
        <briefdescription>
        </briefdescription>
        <detaileddescription>
        </detaileddescription>
        <inbodydescription>
        </inbodydescription>
        <location file="obj/x64_linux_gcc_32_opt_pro/idasdk/dbg.hpp" line="2587" column="19" bodyfile="obj/x64_linux_gcc_32_opt_pro/idasdk/dbg.hpp" bodystart="2587" bodyend="2587"/>
      </memberdef>
      <memberdef kind="function" id="group__dbg__funcs__conv_1ga7f71918a799d0d3df79b2ebe02f75e50" prot="public" static="no" const="no" explicit="no" inline="yes" virt="non-virtual">
        <type>bool idaapi</type>
        <definition>bool idaapi set_bpt_group</definition>
        <argsstring>(bpt_t &amp;bpt, const char *grp_name)</argsstring>
        <name>set_bpt_group</name>
        <param>
          <type><ref refid="structbpt__t" kindref="compound">bpt_t</ref> &amp;</type>
          <declname>bpt</declname>
        </param>
        <param>
          <type>const char *</type>
          <declname>grp_name</declname>
        </param>
        <briefdescription>
        </briefdescription>
        <detaileddescription>
<para>Move a bpt into a folder in the breakpoint dirtree if the folder didn&apos;t exists, it will be created \sq{Type, Synchronous function, Notification, none (synchronous function)} <parameterlist kind="param"><parameteritem>
<parameternamelist>
<parametername>bpt</parametername>
</parameternamelist>
<parameterdescription>
<para>bpt that will be moved </para>
</parameterdescription>
</parameteritem>
<parameteritem>
<parameternamelist>
<parametername>grp_name</parametername>
</parameternamelist>
<parameterdescription>
<para>absolute path to the breakpoint dirtree folder </para>
</parameterdescription>
</parameteritem>
</parameterlist>
<simplesect kind="return"><para>success </para>
</simplesect>
</para>
        </detaileddescription>
        <inbodydescription>
        </inbodydescription>
        <location file="obj/x64_linux_gcc_32_opt_pro/idasdk/dbg.hpp" line="2596" column="20" bodyfile="obj/x64_linux_gcc_32_opt_pro/idasdk/dbg.hpp" bodystart="2596" bodyend="2596"/>
      </memberdef>
      <memberdef kind="function" id="group__dbg__funcs__conv_1gad0deede7f9569030e41f4540dced88f4" prot="public" static="no" const="no" explicit="no" inline="yes" virt="non-virtual">
        <type>bool idaapi</type>
        <definition>bool idaapi set_bptloc_group</definition>
        <argsstring>(const bpt_location_t &amp;bptloc, const char *grp_name)</argsstring>
        <name>set_bptloc_group</name>
        <param>
          <type>const <ref refid="structbpt__location__t" kindref="compound">bpt_location_t</ref> &amp;</type>
          <declname>bptloc</declname>
        </param>
        <param>
          <type>const char *</type>
          <declname>grp_name</declname>
        </param>
        <briefdescription>
        </briefdescription>
        <detaileddescription>
<para>Move a bpt into a folder in the breakpoint dirtree based on the bpt_location <ref refid="group__dbg__funcs__bpts_1gabaab17953966f905fbda3c95b552022f" kindref="member">find_bpt</ref> is called to retrieve the bpt and then <ref refid="group__dbg__funcs__conv_1ga7f71918a799d0d3df79b2ebe02f75e50" kindref="member">set_bpt_group</ref> if the folder didn&apos;t exists, it will be created \sq{Type, Synchronous function, Notification, none (synchronous function)} <parameterlist kind="param"><parameteritem>
<parameternamelist>
<parametername>bptloc</parametername>
</parameternamelist>
<parameterdescription>
<para>bptlocation of the bpt that will be moved </para>
</parameterdescription>
</parameteritem>
<parameteritem>
<parameternamelist>
<parametername>grp_name</parametername>
</parameternamelist>
<parameterdescription>
<para>absolute path to the breakpoint dirtree folder </para>
</parameterdescription>
</parameteritem>
</parameterlist>
<simplesect kind="return"><para>success </para>
</simplesect>
</para>
        </detaileddescription>
        <inbodydescription>
        </inbodydescription>
        <location file="obj/x64_linux_gcc_32_opt_pro/idasdk/dbg.hpp" line="2606" column="20" bodyfile="obj/x64_linux_gcc_32_opt_pro/idasdk/dbg.hpp" bodystart="2606" bodyend="2606"/>
      </memberdef>
      <memberdef kind="function" id="group__dbg__funcs__conv_1ga41e1d55133f989d1cac06841200c3813" prot="public" static="no" const="no" explicit="no" inline="yes" virt="non-virtual">
        <type>bool idaapi</type>
        <definition>bool idaapi get_bpt_group</definition>
        <argsstring>(qstring *grp_name, const bpt_location_t &amp;bptloc)</argsstring>
        <name>get_bpt_group</name>
        <param>
          <type><ref refid="pro_8h_1a386c10c6aa4340f1d63df85f40454fce" kindref="member">qstring</ref> *</type>
          <declname>grp_name</declname>
        </param>
        <param>
          <type>const <ref refid="structbpt__location__t" kindref="compound">bpt_location_t</ref> &amp;</type>
          <declname>bptloc</declname>
        </param>
        <briefdescription>
        </briefdescription>
        <detaileddescription>
<para>Retrieve the absolute path to the folder of the bpt based on the bpt_location <ref refid="group__dbg__funcs__bpts_1gabaab17953966f905fbda3c95b552022f" kindref="member">find_bpt</ref> is called to retrieve the bpt \sq{Type, Synchronous function, Notification, none (synchronous function)} <parameterlist kind="param"><parameteritem>
<parameternamelist>
<parametername direction="out">grp_name</parametername>
</parameternamelist>
<parameterdescription>
<para>absolute path to the breakpoint dirtree folder, can be null </para>
</parameterdescription>
</parameteritem>
<parameteritem>
<parameternamelist>
<parametername>bptloc</parametername>
</parameternamelist>
<parameterdescription>
<para>bptlocation of the bpt </para>
</parameterdescription>
</parameteritem>
</parameterlist>
<simplesect kind="return"><para>breakpoint correclty moved to the directory </para>
</simplesect>
<simplesect kind="return"><para>success </para>
</simplesect>
</para>
        </detaileddescription>
        <inbodydescription>
        </inbodydescription>
        <location file="obj/x64_linux_gcc_32_opt_pro/idasdk/dbg.hpp" line="2616" column="20" bodyfile="obj/x64_linux_gcc_32_opt_pro/idasdk/dbg.hpp" bodystart="2616" bodyend="2616"/>
      </memberdef>
      <memberdef kind="function" id="group__dbg__funcs__conv_1gac3eb77dbc9662b807b525fd497228fa7" prot="public" static="no" const="no" explicit="no" inline="yes" virt="non-virtual">
        <type>size_t idaapi</type>
        <definition>size_t idaapi list_bptgrps</definition>
        <argsstring>(qstrvec_t *bptgrps)</argsstring>
        <name>list_bptgrps</name>
        <param>
          <type><ref refid="pro_8h_1a823b67c620f6cdca97e1d969ea4a9b02" kindref="member">qstrvec_t</ref> *</type>
          <declname>bptgrps</declname>
        </param>
        <briefdescription>
        </briefdescription>
        <detaileddescription>
<para>Retrieve the list of absolute path of all folders of bpt dirtree \sq{Type, Synchronous function, Notification, none (synchronous function)} <parameterlist kind="param"><parameteritem>
<parameternamelist>
<parametername direction="out">bptgrps</parametername>
</parameternamelist>
<parameterdescription>
<para>list of absolute path in the bpt dirtree </para>
</parameterdescription>
</parameteritem>
</parameterlist>
<simplesect kind="return"><para>number of folders returned </para>
</simplesect>
</para>
        </detaileddescription>
        <inbodydescription>
        </inbodydescription>
        <location file="obj/x64_linux_gcc_32_opt_pro/idasdk/dbg.hpp" line="2623" column="22" bodyfile="obj/x64_linux_gcc_32_opt_pro/idasdk/dbg.hpp" bodystart="2623" bodyend="2623"/>
      </memberdef>
      <memberdef kind="function" id="group__dbg__funcs__conv_1gad4b5b16e333d150186c1b7eb2b511cae" prot="public" static="no" const="no" explicit="no" inline="yes" virt="non-virtual">
        <type>bool idaapi</type>
        <definition>bool idaapi rename_bptgrp</definition>
        <argsstring>(const char *old_name, const char *new_name)</argsstring>
        <name>rename_bptgrp</name>
        <param>
          <type>const char *</type>
          <declname>old_name</declname>
        </param>
        <param>
          <type>const char *</type>
          <declname>new_name</declname>
        </param>
        <briefdescription>
        </briefdescription>
        <detaileddescription>
<para>Rename a folder of bpt dirtree \sq{Type, Synchronous function, Notification, none (synchronous function)} <parameterlist kind="param"><parameteritem>
<parameternamelist>
<parametername>old_name</parametername>
</parameternamelist>
<parameterdescription>
<para>absolute path to the folder to be renamed </para>
</parameterdescription>
</parameteritem>
<parameteritem>
<parameternamelist>
<parametername>new_name</parametername>
</parameternamelist>
<parameterdescription>
<para>absolute path of the new folder name </para>
</parameterdescription>
</parameteritem>
</parameterlist>
<simplesect kind="return"><para>success </para>
</simplesect>
</para>
        </detaileddescription>
        <inbodydescription>
        </inbodydescription>
        <location file="obj/x64_linux_gcc_32_opt_pro/idasdk/dbg.hpp" line="2631" column="20" bodyfile="obj/x64_linux_gcc_32_opt_pro/idasdk/dbg.hpp" bodystart="2631" bodyend="2631"/>
      </memberdef>
      <memberdef kind="function" id="group__dbg__funcs__conv_1ga58f0c90f3f013bd98c88f0901b9a0cf0" prot="public" static="no" const="no" explicit="no" inline="yes" virt="non-virtual">
        <type>bool idaapi</type>
        <definition>bool idaapi del_bptgrp</definition>
        <argsstring>(const char *name)</argsstring>
        <name>del_bptgrp</name>
        <param>
          <type>const char *</type>
          <declname>name</declname>
        </param>
        <briefdescription>
        </briefdescription>
        <detaileddescription>
<para>Delete a folder, bpt that were part of this folder are moved to the root folder \sq{Type, Synchronous function, Notification, none (synchronous function)} <parameterlist kind="param"><parameteritem>
<parameternamelist>
<parametername>name</parametername>
</parameternamelist>
<parameterdescription>
<para>full path to the folder to be deleted </para>
</parameterdescription>
</parameteritem>
</parameterlist>
<simplesect kind="return"><para>success </para>
</simplesect>
</para>
        </detaileddescription>
        <inbodydescription>
        </inbodydescription>
        <location file="obj/x64_linux_gcc_32_opt_pro/idasdk/dbg.hpp" line="2638" column="20" bodyfile="obj/x64_linux_gcc_32_opt_pro/idasdk/dbg.hpp" bodystart="2638" bodyend="2638"/>
      </memberdef>
      <memberdef kind="function" id="group__dbg__funcs__conv_1ga8ec8a5836bd9a1f8fa551818bda5c432" prot="public" static="no" const="no" explicit="no" inline="yes" virt="non-virtual">
        <type><ref refid="pro_8h_1ab65ed42d67e6c517c746ff2a6a187016" kindref="member">ssize_t</ref> idaapi</type>
        <definition>ssize_t idaapi get_grp_bpts</definition>
        <argsstring>(bpt_vec_t *bpts, const char *grp_name)</argsstring>
        <name>get_grp_bpts</name>
        <param>
          <type><ref refid="group__dbg__funcs__bpts_1ga7b7aec8527b2738750b2fc01be14264f" kindref="member">bpt_vec_t</ref> *</type>
          <declname>bpts</declname>
        </param>
        <param>
          <type>const char *</type>
          <declname>grp_name</declname>
        </param>
        <briefdescription>
        </briefdescription>
        <detaileddescription>
<para>Retrieve a copy the bpts stored in a folder \sq{Type, Synchronous function, Notification, none (synchronous function)} <parameterlist kind="param"><parameteritem>
<parameternamelist>
<parametername direction="out">bpts</parametername>
</parameternamelist>
<parameterdescription>
<para>: pointer to a vector where the copy of bpts are stored </para>
</parameterdescription>
</parameteritem>
<parameteritem>
<parameternamelist>
<parametername>grp_name</parametername>
</parameternamelist>
<parameterdescription>
<para>absolute path to the folder </para>
</parameterdescription>
</parameteritem>
</parameterlist>
<simplesect kind="return"><para>number of bpts present in the vector </para>
</simplesect>
</para>
        </detaileddescription>
        <inbodydescription>
        </inbodydescription>
        <location file="obj/x64_linux_gcc_32_opt_pro/idasdk/dbg.hpp" line="2646" column="23" bodyfile="obj/x64_linux_gcc_32_opt_pro/idasdk/dbg.hpp" bodystart="2646" bodyend="2646"/>
      </memberdef>
      <memberdef kind="function" id="group__dbg__funcs__conv_1ga1c2bb0afd79ef7412059e46efc3389d8" prot="public" static="no" const="no" explicit="no" inline="yes" virt="non-virtual">
        <type>int idaapi</type>
        <definition>int idaapi enable_bptgrp</definition>
        <argsstring>(const char *bptgrp_name, bool enable=true)</argsstring>
        <name>enable_bptgrp</name>
        <param>
          <type>const char *</type>
          <declname>bptgrp_name</declname>
        </param>
        <param>
          <type>bool</type>
          <declname>enable</declname>
          <defval>true</defval>
        </param>
        <briefdescription>
        </briefdescription>
        <detaileddescription>
<para>Enable (or disable) all bpts in a folder \sq{Type, Synchronous function, Notification, none (synchronous function)} <parameterlist kind="param"><parameteritem>
<parameternamelist>
<parametername>bptgrp_name</parametername>
</parameternamelist>
<parameterdescription>
<para>absolute path to the folder </para>
</parameterdescription>
</parameteritem>
<parameteritem>
<parameternamelist>
<parametername>enable</parametername>
</parameternamelist>
<parameterdescription>
<para>by default true, enable bpts, false disable bpts </para>
</parameterdescription>
</parameteritem>
</parameterlist>
<simplesect kind="return"><para>-1 an error occured 0 no changes &gt;0 nubmers of bpts udpated </para>
</simplesect>
</para>
        </detaileddescription>
        <inbodydescription>
        </inbodydescription>
        <location file="obj/x64_linux_gcc_32_opt_pro/idasdk/dbg.hpp" line="2656" column="19" bodyfile="obj/x64_linux_gcc_32_opt_pro/idasdk/dbg.hpp" bodystart="2656" bodyend="2656"/>
      </memberdef>
      <memberdef kind="function" id="group__dbg__funcs__conv_1ga8ef965d6390a809a6ea02fa82d3e6978" prot="public" static="no" const="no" explicit="no" inline="yes" virt="non-virtual">
        <type>bool idaapi</type>
        <definition>bool idaapi get_local_vars</definition>
        <argsstring>(srcinfo_provider_t *prov, ea_t ea, source_items_t *out)</argsstring>
        <name>get_local_vars</name>
        <param>
          <type><ref refid="classsrcinfo__provider__t" kindref="compound">srcinfo_provider_t</ref> *</type>
          <declname>prov</declname>
        </param>
        <param>
          <type>ea_t</type>
          <declname>ea</declname>
        </param>
        <param>
          <type><ref refid="group__dbg__funcs__srcinfo_1ga9fd41e0ea321e1632c866f11f6bf1a30" kindref="member">source_items_t</ref> *</type>
          <declname>out</declname>
        </param>
        <briefdescription>
        </briefdescription>
        <detaileddescription>
        </detaileddescription>
        <inbodydescription>
        </inbodydescription>
        <location file="obj/x64_linux_gcc_32_opt_pro/idasdk/dbg.hpp" line="2657" column="20" bodyfile="obj/x64_linux_gcc_32_opt_pro/idasdk/dbg.hpp" bodystart="2657" bodyend="2657"/>
      </memberdef>
      <memberdef kind="function" id="group__dbg__funcs__conv_1gaf9cac01d3dd5bb01f3d5718055bc71c6" prot="public" static="no" const="no" explicit="no" inline="yes" virt="non-virtual">
        <type>bool idaapi</type>
        <definition>bool idaapi srcdbg_request_step_into</definition>
        <argsstring>(void)</argsstring>
        <name>srcdbg_request_step_into</name>
        <param>
          <type>void</type>
        </param>
        <briefdescription>
        </briefdescription>
        <detaileddescription>
        </detaileddescription>
        <inbodydescription>
        </inbodydescription>
        <location file="obj/x64_linux_gcc_32_opt_pro/idasdk/dbg.hpp" line="2658" column="20" bodyfile="obj/x64_linux_gcc_32_opt_pro/idasdk/dbg.hpp" bodystart="2658" bodyend="2658"/>
      </memberdef>
      <memberdef kind="function" id="group__dbg__funcs__conv_1gaa26ffe38aea34b0071a10c2597afa6ba" prot="public" static="no" const="no" explicit="no" inline="yes" virt="non-virtual">
        <type>bool idaapi</type>
        <definition>bool idaapi srcdbg_request_step_over</definition>
        <argsstring>(void)</argsstring>
        <name>srcdbg_request_step_over</name>
        <param>
          <type>void</type>
        </param>
        <briefdescription>
        </briefdescription>
        <detaileddescription>
        </detaileddescription>
        <inbodydescription>
        </inbodydescription>
        <location file="obj/x64_linux_gcc_32_opt_pro/idasdk/dbg.hpp" line="2659" column="20" bodyfile="obj/x64_linux_gcc_32_opt_pro/idasdk/dbg.hpp" bodystart="2659" bodyend="2659"/>
      </memberdef>
      <memberdef kind="function" id="group__dbg__funcs__conv_1ga2d64d7bb371008eaf71214b29f3539bf" prot="public" static="no" const="no" explicit="no" inline="yes" virt="non-virtual">
        <type>bool idaapi</type>
        <definition>bool idaapi srcdbg_request_step_until_ret</definition>
        <argsstring>(void)</argsstring>
        <name>srcdbg_request_step_until_ret</name>
        <param>
          <type>void</type>
        </param>
        <briefdescription>
        </briefdescription>
        <detaileddescription>
        </detaileddescription>
        <inbodydescription>
        </inbodydescription>
        <location file="obj/x64_linux_gcc_32_opt_pro/idasdk/dbg.hpp" line="2660" column="20" bodyfile="obj/x64_linux_gcc_32_opt_pro/idasdk/dbg.hpp" bodystart="2660" bodyend="2660"/>
      </memberdef>
      </sectiondef>
    <briefdescription>
    </briefdescription>
    <detaileddescription>
<para>Convenience functions offered by the user interface </para>
    </detaileddescription>
  </compounddef>
</doxygen>
