<?xml version='1.0' encoding='UTF-8' standalone='no'?>
<doxygen xmlns:xsi="http://www.w3.org/2001/XMLSchema-instance" xsi:noNamespaceSchemaLocation="compound.xsd" version="1.8.9.1">
  <compounddef id="group__unp__templates" kind="group">
    <compoundname>unp_templates</compoundname>
    <title>Template unpacking</title>
      <sectiondef kind="func">
      <memberdef kind="function" id="group__unp__templates_1ga5531f59d42f1c8667a080972d3b2680c" prot="public" static="no" const="no" explicit="no" inline="yes" virt="non-virtual">
        <templateparamlist>
          <param>
            <type>class T</type>
          </param>
        </templateparamlist>
        <type>bool</type>
        <definition>bool unpack_uleb128</definition>
        <argsstring>(T *res, const uchar **pptr, const uchar *end)</argsstring>
        <name>unpack_uleb128</name>
        <param>
          <type>T *</type>
          <declname>res</declname>
        </param>
        <param>
          <type>const uchar **</type>
          <declname>pptr</declname>
        </param>
        <param>
          <type>const uchar *</type>
          <declname>end</declname>
        </param>
        <briefdescription>
        </briefdescription>
        <detaileddescription>
        </detaileddescription>
        <inbodydescription>
        </inbodydescription>
        <location file="/home/aundro/idasrc/695/include/kernwin.hpp" line="7144" column="1" bodyfile="/home/aundro/idasrc/695/include/kernwin.hpp" bodystart="7144" bodyend="7148"/>
      </memberdef>
      <memberdef kind="function" id="group__unp__templates_1ga82e210ab2495df2dc1ec1ce17e5f04a8" prot="public" static="no" const="no" explicit="no" inline="yes" virt="non-virtual">
        <templateparamlist>
          <param>
            <type>class T</type>
          </param>
        </templateparamlist>
        <type>bool</type>
        <definition>bool unpack_sleb128</definition>
        <argsstring>(T *res, const uchar **pptr, const uchar *end)</argsstring>
        <name>unpack_sleb128</name>
        <param>
          <type>T *</type>
          <declname>res</declname>
        </param>
        <param>
          <type>const uchar **</type>
          <declname>pptr</declname>
        </param>
        <param>
          <type>const uchar *</type>
          <declname>end</declname>
        </param>
        <briefdescription>
        </briefdescription>
        <detaileddescription>
        </detaileddescription>
        <inbodydescription>
        </inbodydescription>
        <location file="/home/aundro/idasrc/695/include/kernwin.hpp" line="7151" column="1" bodyfile="/home/aundro/idasrc/695/include/kernwin.hpp" bodystart="7151" bodyend="7155"/>
      </memberdef>
      </sectiondef>
    <briefdescription>
    </briefdescription>
    <detaileddescription>
<para>Template functions that can unpack values </para>    </detaileddescription>
  </compounddef>
</doxygen>
