<?xml version='1.0' encoding='UTF-8' standalone='no'?>
<doxygen xmlns:xsi="http://www.w3.org/2001/XMLSchema-instance" xsi:noNamespaceSchemaLocation="compound.xsd" version="1.8.12">
  <compounddef id="group__tattr__enum" kind="group">
    <compoundname>tattr_enum</compoundname>
    <title>Type attributes for enums</title>
      <sectiondef kind="define">
      <memberdef kind="define" id="group__tattr__enum_1ga31fa401c2f279d191558e81c4f331f76" prot="public" static="no">
        <name>TAENUM_64BIT</name>
        <initializer>0x0020</initializer>
        <briefdescription>
<para>enum: store 64-bit values </para>        </briefdescription>
        <detaileddescription>
        </detaileddescription>
        <inbodydescription>
        </inbodydescription>
        <location file="obj/x64_linux_gcc_32_opt/idasdk/typeinf.hpp" line="488" column="9" bodyfile="obj/x64_linux_gcc_32_opt/idasdk/typeinf.hpp" bodystart="488" bodyend="-1"/>
      </memberdef>
      </sectiondef>
    <briefdescription>
    </briefdescription>
    <detaileddescription>
    </detaileddescription>
  </compounddef>
</doxygen>
