<?xml version='1.0' encoding='UTF-8' standalone='no'?>
<doxygen xmlns:xsi="http://www.w3.org/2001/XMLSchema-instance" xsi:noNamespaceSchemaLocation="compound.xsd" version="1.8.12">
  <compounddef id="group___n_m__" kind="group">
    <compoundname>NM_</compoundname>
    <title>Dummy names representation types</title>
      <sectiondef kind="define">
      <memberdef kind="define" id="group___n_m___1ga05be4293db7b42214e06c17b131cd172" prot="public" static="no">
        <name>NM_REL_OFF</name>
        <initializer>0</initializer>
        <briefdescription>
        </briefdescription>
        <detaileddescription>
        </detaileddescription>
        <inbodydescription>
        </inbodydescription>
        <location file="obj/x64_linux_gcc_32_opt/idasdk/ida.hpp" line="318" column="9" bodyfile="obj/x64_linux_gcc_32_opt/idasdk/ida.hpp" bodystart="318" bodyend="-1"/>
      </memberdef>
      <memberdef kind="define" id="group___n_m___1ga11b7a340285fd36991e2528879bd3af8" prot="public" static="no">
        <name>NM_PTR_OFF</name>
        <initializer>1</initializer>
        <briefdescription>
        </briefdescription>
        <detaileddescription>
        </detaileddescription>
        <inbodydescription>
        </inbodydescription>
        <location file="obj/x64_linux_gcc_32_opt/idasdk/ida.hpp" line="319" column="9" bodyfile="obj/x64_linux_gcc_32_opt/idasdk/ida.hpp" bodystart="319" bodyend="-1"/>
      </memberdef>
      <memberdef kind="define" id="group___n_m___1ga3cf8580e65f0e8715f9bb9ba7d892521" prot="public" static="no">
        <name>NM_NAM_OFF</name>
        <initializer>2</initializer>
        <briefdescription>
        </briefdescription>
        <detaileddescription>
        </detaileddescription>
        <inbodydescription>
        </inbodydescription>
        <location file="obj/x64_linux_gcc_32_opt/idasdk/ida.hpp" line="320" column="9" bodyfile="obj/x64_linux_gcc_32_opt/idasdk/ida.hpp" bodystart="320" bodyend="-1"/>
      </memberdef>
      <memberdef kind="define" id="group___n_m___1gae62dee96e669495be39b603c1976e1ce" prot="public" static="no">
        <name>NM_REL_EA</name>
        <initializer>3</initializer>
        <briefdescription>
        </briefdescription>
        <detaileddescription>
        </detaileddescription>
        <inbodydescription>
        </inbodydescription>
        <location file="obj/x64_linux_gcc_32_opt/idasdk/ida.hpp" line="321" column="9" bodyfile="obj/x64_linux_gcc_32_opt/idasdk/ida.hpp" bodystart="321" bodyend="-1"/>
      </memberdef>
      <memberdef kind="define" id="group___n_m___1ga371ba56a5b4930372c6f394b4c1c5ead" prot="public" static="no">
        <name>NM_PTR_EA</name>
        <initializer>4</initializer>
        <briefdescription>
        </briefdescription>
        <detaileddescription>
        </detaileddescription>
        <inbodydescription>
        </inbodydescription>
        <location file="obj/x64_linux_gcc_32_opt/idasdk/ida.hpp" line="322" column="9" bodyfile="obj/x64_linux_gcc_32_opt/idasdk/ida.hpp" bodystart="322" bodyend="-1"/>
      </memberdef>
      <memberdef kind="define" id="group___n_m___1ga4d1fb4a453631fbaa621e0a4cfa67286" prot="public" static="no">
        <name>NM_NAM_EA</name>
        <initializer>5</initializer>
        <briefdescription>
        </briefdescription>
        <detaileddescription>
        </detaileddescription>
        <inbodydescription>
        </inbodydescription>
        <location file="obj/x64_linux_gcc_32_opt/idasdk/ida.hpp" line="323" column="9" bodyfile="obj/x64_linux_gcc_32_opt/idasdk/ida.hpp" bodystart="323" bodyend="-1"/>
      </memberdef>
      <memberdef kind="define" id="group___n_m___1gaf779cd54bc60fe94703fb40fbf0074d9" prot="public" static="no">
        <name>NM_EA</name>
        <initializer>6</initializer>
        <briefdescription>
        </briefdescription>
        <detaileddescription>
        </detaileddescription>
        <inbodydescription>
        </inbodydescription>
        <location file="obj/x64_linux_gcc_32_opt/idasdk/ida.hpp" line="324" column="9" bodyfile="obj/x64_linux_gcc_32_opt/idasdk/ida.hpp" bodystart="324" bodyend="-1"/>
      </memberdef>
      <memberdef kind="define" id="group___n_m___1ga4a7a71f30cc2f227a3335d53216d2f2c" prot="public" static="no">
        <name>NM_EA4</name>
        <initializer>7</initializer>
        <briefdescription>
        </briefdescription>
        <detaileddescription>
        </detaileddescription>
        <inbodydescription>
        </inbodydescription>
        <location file="obj/x64_linux_gcc_32_opt/idasdk/ida.hpp" line="325" column="9" bodyfile="obj/x64_linux_gcc_32_opt/idasdk/ida.hpp" bodystart="325" bodyend="-1"/>
      </memberdef>
      <memberdef kind="define" id="group___n_m___1gaf699f689a06e880e60b8ac1c7032d2a9" prot="public" static="no">
        <name>NM_EA8</name>
        <initializer>8</initializer>
        <briefdescription>
        </briefdescription>
        <detaileddescription>
        </detaileddescription>
        <inbodydescription>
        </inbodydescription>
        <location file="obj/x64_linux_gcc_32_opt/idasdk/ida.hpp" line="326" column="9" bodyfile="obj/x64_linux_gcc_32_opt/idasdk/ida.hpp" bodystart="326" bodyend="-1"/>
      </memberdef>
      <memberdef kind="define" id="group___n_m___1gacd9681682ae68548a0291e7a2cad2928" prot="public" static="no">
        <name>NM_SHORT</name>
        <initializer>9</initializer>
        <briefdescription>
        </briefdescription>
        <detaileddescription>
        </detaileddescription>
        <inbodydescription>
        </inbodydescription>
        <location file="obj/x64_linux_gcc_32_opt/idasdk/ida.hpp" line="327" column="9" bodyfile="obj/x64_linux_gcc_32_opt/idasdk/ida.hpp" bodystart="327" bodyend="-1"/>
      </memberdef>
      <memberdef kind="define" id="group___n_m___1ga2d22e3f8f13d1c6773e0bd83b941d959" prot="public" static="no">
        <name>NM_SERIAL</name>
        <initializer>10</initializer>
        <briefdescription>
        </briefdescription>
        <detaileddescription>
        </detaileddescription>
        <inbodydescription>
        </inbodydescription>
        <location file="obj/x64_linux_gcc_32_opt/idasdk/ida.hpp" line="328" column="9" bodyfile="obj/x64_linux_gcc_32_opt/idasdk/ida.hpp" bodystart="328" bodyend="-1"/>
      </memberdef>
      </sectiondef>
    <briefdescription>
    </briefdescription>
    <detaileddescription>
<para>Used by <ref refid="structidainfo_1a9711d36d37ed4382a905e9a2653ade9b" kindref="member">idainfo::nametype</ref> </para>    </detaileddescription>
  </compounddef>
</doxygen>
