<?xml version='1.0' encoding='UTF-8' standalone='no'?>
<doxygen xmlns:xsi="http://www.w3.org/2001/XMLSchema-instance" xsi:noNamespaceSchemaLocation="compound.xsd" version="1.8.12">
  <compounddef id="group__fh__options" kind="group">
    <compoundname>fh_options</compoundname>
    <title>Tuning options</title>
      <sectiondef kind="var">
      <memberdef kind="variable" id="group__fh__options_1gae7b3073ac6e4a2099b965824e0c1966d" prot="public" static="no" mutable="no">
        <type><ref refid="pro_8h_1adde6aaee8457bee49c2a92621fe22b79" kindref="member">uint8</ref></type>
        <definition>uint8 fixup_handler_t::size</definition>
        <argsstring></argsstring>
        <name>size</name>
        <briefdescription>
<para>size in bytes </para>        </briefdescription>
        <detaileddescription>
        </detaileddescription>
        <inbodydescription>
        </inbodydescription>
        <location file="obj/x64_linux_gcc_32_opt/idasdk/fixup.hpp" line="375" column="1" bodyfile="obj/x64_linux_gcc_32_opt/idasdk/fixup.hpp" bodystart="375" bodyend="-1"/>
      </memberdef>
      <memberdef kind="variable" id="group__fh__options_1gaf430f824beaa0786e687e16756554065" prot="public" static="no" mutable="no">
        <type><ref refid="pro_8h_1adde6aaee8457bee49c2a92621fe22b79" kindref="member">uint8</ref></type>
        <definition>uint8 fixup_handler_t::width</definition>
        <argsstring></argsstring>
        <name>width</name>
        <briefdescription>
<para>number of significant bits before shifting </para>        </briefdescription>
        <detaileddescription>
        </detaileddescription>
        <inbodydescription>
        </inbodydescription>
        <location file="obj/x64_linux_gcc_32_opt/idasdk/fixup.hpp" line="376" column="1" bodyfile="obj/x64_linux_gcc_32_opt/idasdk/fixup.hpp" bodystart="376" bodyend="-1"/>
      </memberdef>
      <memberdef kind="variable" id="group__fh__options_1ga6de49b5dbb84d7af99012416767d288b" prot="public" static="no" mutable="no">
        <type><ref refid="pro_8h_1adde6aaee8457bee49c2a92621fe22b79" kindref="member">uint8</ref></type>
        <definition>uint8 fixup_handler_t::shift</definition>
        <argsstring></argsstring>
        <name>shift</name>
        <briefdescription>
        </briefdescription>
        <detaileddescription>
<para>number of bits to shift right before patching. The following should be true: `width - shift &lt;= size * 8&apos; </para>        </detaileddescription>
        <inbodydescription>
        </inbodydescription>
        <location file="obj/x64_linux_gcc_32_opt/idasdk/fixup.hpp" line="377" column="1" bodyfile="obj/x64_linux_gcc_32_opt/idasdk/fixup.hpp" bodystart="377" bodyend="-1"/>
      </memberdef>
      <memberdef kind="variable" id="group__fh__options_1ga32b0e70c2b1914672bb4e285f311546f" prot="public" static="no" mutable="no">
        <type><ref refid="pro_8h_1adde6aaee8457bee49c2a92621fe22b79" kindref="member">uint8</ref></type>
        <definition>uint8 fixup_handler_t::rsrv4</definition>
        <argsstring></argsstring>
        <name>rsrv4</name>
        <briefdescription>
        </briefdescription>
        <detaileddescription>
        </detaileddescription>
        <inbodydescription>
        </inbodydescription>
        <location file="obj/x64_linux_gcc_32_opt/idasdk/fixup.hpp" line="380" column="1" bodyfile="obj/x64_linux_gcc_32_opt/idasdk/fixup.hpp" bodystart="380" bodyend="-1"/>
      </memberdef>
      <memberdef kind="variable" id="group__fh__options_1ga4707af9d7b13e8eed74ddc3ebbdd0b53" prot="public" static="no" mutable="no">
        <type><ref refid="pro_8h_1a1134b580f8da4de94ca6b1de4d37975e" kindref="member">uint32</ref></type>
        <definition>uint32 fixup_handler_t::reftype</definition>
        <argsstring></argsstring>
        <name>reftype</name>
        <briefdescription>
        </briefdescription>
        <detaileddescription>
<para>reference info type and flags, std_apply() produces an offset of this type </para>        </detaileddescription>
        <inbodydescription>
        </inbodydescription>
        <location file="obj/x64_linux_gcc_32_opt/idasdk/fixup.hpp" line="382" column="1" bodyfile="obj/x64_linux_gcc_32_opt/idasdk/fixup.hpp" bodystart="382" bodyend="-1"/>
      </memberdef>
      </sectiondef>
    <briefdescription>
    </briefdescription>
    <detaileddescription>
    </detaileddescription>
  </compounddef>
</doxygen>
