<?xml version='1.0' encoding='UTF-8' standalone='no'?>
<doxygen xmlns:xsi="http://www.w3.org/2001/XMLSchema-instance" xsi:noNamespaceSchemaLocation="compound.xsd" version="1.8.15">
  <compounddef id="group__seg__cmt" kind="group">
    <compoundname>seg_cmt</compoundname>
    <title>Segment comments</title>
      <sectiondef kind="func">
      <memberdef kind="function" id="group__seg__cmt_1gaa055ce0d55f0949d6f907a584e1ec65d" prot="public" static="no" const="no" explicit="no" inline="no" virt="non-virtual">
        <type>idaman <ref refid="pro_8h_1ab65ed42d67e6c517c746ff2a6a187016" kindref="member">ssize_t</ref> ida_export</type>
        <definition>idaman ssize_t ida_export get_segment_cmt</definition>
        <argsstring>(qstring *buf, const segment_t *s, bool repeatable)</argsstring>
        <name>get_segment_cmt</name>
        <param>
          <type><ref refid="pro_8h_1a386c10c6aa4340f1d63df85f40454fce" kindref="member">qstring</ref> *</type>
          <declname>buf</declname>
        </param>
        <param>
          <type>const <ref refid="classsegment__t" kindref="compound">segment_t</ref> *</type>
          <declname>s</declname>
        </param>
        <param>
          <type>bool</type>
          <declname>repeatable</declname>
        </param>
        <briefdescription>
        </briefdescription>
        <detaileddescription>
<para>Get segment comment. <parameterlist kind="param"><parameteritem>
<parameternamelist>
<parametername>buf</parametername>
</parameternamelist>
<parameterdescription>
<para>buffer for the comment </para>
</parameterdescription>
</parameteritem>
<parameteritem>
<parameternamelist>
<parametername>s</parametername>
</parameternamelist>
<parameterdescription>
<para>pointer to segment structure </para>
</parameterdescription>
</parameteritem>
<parameteritem>
<parameternamelist>
<parametername>repeatable</parametername>
</parameternamelist>
<parameterdescription>
<para>0: get regular comment. 1: get repeatable comment. </para>
</parameterdescription>
</parameteritem>
</parameterlist>
<simplesect kind="return"><para>size of comment or -1 </para>
</simplesect>
</para>
        </detaileddescription>
        <inbodydescription>
        </inbodydescription>
        <location file="obj/x64_linux_gcc_32_opt/3/idasdk/segment.hpp" line="977" column="1"/>
      </memberdef>
      <memberdef kind="function" id="group__seg__cmt_1ga092e05e64ba60bc29bb90cfdd03f05f8" prot="public" static="no" const="no" explicit="no" inline="no" virt="non-virtual">
        <type>idaman void ida_export</type>
        <definition>idaman void ida_export set_segment_cmt</definition>
        <argsstring>(const segment_t *s, const char *cmt, bool repeatable)</argsstring>
        <name>set_segment_cmt</name>
        <param>
          <type>const <ref refid="classsegment__t" kindref="compound">segment_t</ref> *</type>
          <declname>s</declname>
        </param>
        <param>
          <type>const char *</type>
          <declname>cmt</declname>
        </param>
        <param>
          <type>bool</type>
          <declname>repeatable</declname>
        </param>
        <briefdescription>
        </briefdescription>
        <detaileddescription>
<para>Set segment comment. <parameterlist kind="param"><parameteritem>
<parameternamelist>
<parametername>s</parametername>
</parameternamelist>
<parameterdescription>
<para>pointer to segment structure </para>
</parameterdescription>
</parameteritem>
<parameteritem>
<parameternamelist>
<parametername>cmt</parametername>
</parameternamelist>
<parameterdescription>
<para>comment string, may be multiline (with &apos;<linebreak/>
&apos;). maximal size is 4096 bytes. Use empty str (&quot;&quot;) to delete comment </para>
</parameterdescription>
</parameteritem>
<parameteritem>
<parameternamelist>
<parametername>repeatable</parametername>
</parameternamelist>
<parameterdescription>
<para>0: set regular comment. 1: set repeatable comment. </para>
</parameterdescription>
</parameteritem>
</parameterlist>
</para>
        </detaileddescription>
        <inbodydescription>
        </inbodydescription>
        <location file="obj/x64_linux_gcc_32_opt/3/idasdk/segment.hpp" line="989" column="1"/>
      </memberdef>
      <memberdef kind="function" id="group__seg__cmt_1gaa7510d346be798cbe9bb08305ee964e5" prot="public" static="no" const="no" explicit="no" inline="no" virt="non-virtual">
        <type>idaman void ida_export</type>
        <definition>idaman void ida_export std_out_segm_footer</definition>
        <argsstring>(struct outctx_t &amp;ctx, segment_t *seg)</argsstring>
        <name>std_out_segm_footer</name>
        <param>
          <type>struct <ref refid="structoutctx__t" kindref="compound">outctx_t</ref> &amp;</type>
          <declname>ctx</declname>
        </param>
        <param>
          <type><ref refid="classsegment__t" kindref="compound">segment_t</ref> *</type>
          <declname>seg</declname>
        </param>
        <briefdescription>
        </briefdescription>
        <detaileddescription>
<para>Generate segment footer line as a comment line. This function may be used in IDP modules to generate segment footer if the target assembler doesn&apos;t have &apos;ends&apos; directive. </para>
        </detaileddescription>
        <inbodydescription>
        </inbodydescription>
        <location file="obj/x64_linux_gcc_32_opt/3/idasdk/segment.hpp" line="996" column="1"/>
      </memberdef>
      </sectiondef>
    <briefdescription>
    </briefdescription>
    <detaileddescription>
<para>Segment comments are rarely used yet. The user may define a segment comment by pressing &apos;:&apos; while standing on the segment name at the segment start.</para>
<para>The main advantage of segment comments compared to anterior lines (see <ref refid="lines_8hpp" kindref="compound">lines.hpp</ref>) is that they are attached to a segment, not to an address and they will move with the start of segment if the segment boundaries change.</para>
<para>You may set segment comments in your LDR module to describe characteristics of a segment in comments.</para>
<para>Repeatable segment comments are not used at all, because I don&apos;t know where they should be repeated. </para>
    </detaileddescription>
  </compounddef>
</doxygen>
