<?xml version='1.0' encoding='UTF-8' standalone='no'?>
<doxygen xmlns:xsi="http://www.w3.org/2001/XMLSchema-instance" xsi:noNamespaceSchemaLocation="compound.xsd" version="1.9.3" xml:lang="en-US">
  <compounddef id="group___u_f__" kind="group">
    <compoundname>UF_</compoundname>
    <title>bits for the lumina_users_t::features</title>
      <sectiondef kind="define">
      <memberdef kind="define" id="group___u_f___1gaf37be779fb226e2ce5879e341b91018c" prot="public" static="no">
        <name>UF_IS_ADMIN</name>
        <initializer>0x1</initializer>
        <briefdescription>
        </briefdescription>
        <detaileddescription>
        </detaileddescription>
        <inbodydescription>
        </inbodydescription>
        <location file="obj/x64_linux_gcc_32_opt_pro/idasdk/lumina.hpp" line="57" column="9" bodyfile="obj/x64_linux_gcc_32_opt_pro/idasdk/lumina.hpp" bodystart="57" bodyend="-1"/>
      </memberdef>
      <memberdef kind="define" id="group___u_f___1ga4cc51309adcfb17697ea93883cfcedf9" prot="public" static="no">
        <name>UF_CAN_DEL_HISTORY</name>
        <initializer>0x2</initializer>
        <briefdescription>
        </briefdescription>
        <detaileddescription>
        </detaileddescription>
        <inbodydescription>
        </inbodydescription>
        <location file="obj/x64_linux_gcc_32_opt_pro/idasdk/lumina.hpp" line="58" column="9" bodyfile="obj/x64_linux_gcc_32_opt_pro/idasdk/lumina.hpp" bodystart="58" bodyend="-1"/>
      </memberdef>
      </sectiondef>
    <briefdescription>
    </briefdescription>
    <detaileddescription>
    </detaileddescription>
  </compounddef>
</doxygen>
