<?xml version='1.0' encoding='UTF-8' standalone='no'?>
<doxygen xmlns:xsi="http://www.w3.org/2001/XMLSchema-instance" xsi:noNamespaceSchemaLocation="compound.xsd" version="1.8.15">
  <compounddef id="group___op__" kind="group">
    <compoundname>Op_</compoundname>
    <title>Operand shortcuts</title>
      <sectiondef kind="define">
      <memberdef kind="define" id="group___op___1ga9229071681a63b57e4308c4fa8c4cb5c" prot="public" static="no">
        <name>Op1</name>
        <initializer>ops[0]</initializer>
        <briefdescription>
<para>first operand </para>
        </briefdescription>
        <detaileddescription>
        </detaileddescription>
        <inbodydescription>
        </inbodydescription>
        <location file="obj/x64_linux_gcc_32_opt/3/idasdk/ua.hpp" line="396" column="11" bodyfile="obj/x64_linux_gcc_32_opt/3/idasdk/ua.hpp" bodystart="396" bodyend="-1"/>
      </memberdef>
      <memberdef kind="define" id="group___op___1ga010684d73163b019663a7013e66c8926" prot="public" static="no">
        <name>Op2</name>
        <initializer>ops[1]</initializer>
        <briefdescription>
<para>second operand </para>
        </briefdescription>
        <detaileddescription>
        </detaileddescription>
        <inbodydescription>
        </inbodydescription>
        <location file="obj/x64_linux_gcc_32_opt/3/idasdk/ua.hpp" line="397" column="11" bodyfile="obj/x64_linux_gcc_32_opt/3/idasdk/ua.hpp" bodystart="397" bodyend="-1"/>
      </memberdef>
      <memberdef kind="define" id="group___op___1ga50ecf7316b68a12bfcd65a7686e6560d" prot="public" static="no">
        <name>Op3</name>
        <initializer>ops[2]</initializer>
        <briefdescription>
<para>third operand </para>
        </briefdescription>
        <detaileddescription>
        </detaileddescription>
        <inbodydescription>
        </inbodydescription>
        <location file="obj/x64_linux_gcc_32_opt/3/idasdk/ua.hpp" line="398" column="11" bodyfile="obj/x64_linux_gcc_32_opt/3/idasdk/ua.hpp" bodystart="398" bodyend="-1"/>
      </memberdef>
      <memberdef kind="define" id="group___op___1ga133099d9d2d29ceec44e6a12baa42e92" prot="public" static="no">
        <name>Op4</name>
        <initializer>ops[3]</initializer>
        <briefdescription>
<para>fourth operand </para>
        </briefdescription>
        <detaileddescription>
        </detaileddescription>
        <inbodydescription>
        </inbodydescription>
        <location file="obj/x64_linux_gcc_32_opt/3/idasdk/ua.hpp" line="399" column="11" bodyfile="obj/x64_linux_gcc_32_opt/3/idasdk/ua.hpp" bodystart="399" bodyend="-1"/>
      </memberdef>
      <memberdef kind="define" id="group___op___1ga6c9ed2ec0b745467f8b9d6ca8e621ca0" prot="public" static="no">
        <name>Op5</name>
        <initializer>ops[4]</initializer>
        <briefdescription>
<para>fifth operand </para>
        </briefdescription>
        <detaileddescription>
        </detaileddescription>
        <inbodydescription>
        </inbodydescription>
        <location file="obj/x64_linux_gcc_32_opt/3/idasdk/ua.hpp" line="400" column="11" bodyfile="obj/x64_linux_gcc_32_opt/3/idasdk/ua.hpp" bodystart="400" bodyend="-1"/>
      </memberdef>
      <memberdef kind="define" id="group___op___1gac40c5ce9202dd94d453925c9db459288" prot="public" static="no">
        <name>Op6</name>
        <initializer>ops[5]</initializer>
        <briefdescription>
<para>sixth operand </para>
        </briefdescription>
        <detaileddescription>
        </detaileddescription>
        <inbodydescription>
        </inbodydescription>
        <location file="obj/x64_linux_gcc_32_opt/3/idasdk/ua.hpp" line="401" column="11" bodyfile="obj/x64_linux_gcc_32_opt/3/idasdk/ua.hpp" bodystart="401" bodyend="-1"/>
      </memberdef>
      <memberdef kind="define" id="group___op___1gafae201d14b8aaa7428b7d15609e6c88b" prot="public" static="no">
        <name>Op7</name>
        <initializer>ops[6]</initializer>
        <briefdescription>
<para>seventh operand </para>
        </briefdescription>
        <detaileddescription>
        </detaileddescription>
        <inbodydescription>
        </inbodydescription>
        <location file="obj/x64_linux_gcc_32_opt/3/idasdk/ua.hpp" line="402" column="11" bodyfile="obj/x64_linux_gcc_32_opt/3/idasdk/ua.hpp" bodystart="402" bodyend="-1"/>
      </memberdef>
      <memberdef kind="define" id="group___op___1ga76030b6778e1bccd0be27207a0afe375" prot="public" static="no">
        <name>Op8</name>
        <initializer>ops[7]</initializer>
        <briefdescription>
<para>eighth operand </para>
        </briefdescription>
        <detaileddescription>
        </detaileddescription>
        <inbodydescription>
        </inbodydescription>
        <location file="obj/x64_linux_gcc_32_opt/3/idasdk/ua.hpp" line="403" column="11" bodyfile="obj/x64_linux_gcc_32_opt/3/idasdk/ua.hpp" bodystart="403" bodyend="-1"/>
      </memberdef>
      </sectiondef>
    <briefdescription>
    </briefdescription>
    <detaileddescription>
<para>Used for accessing members of <ref refid="classinsn__t_1a2a04187abcf0b3a96862be2aec46a61f" kindref="member">insn_t::ops</ref> </para>
    </detaileddescription>
  </compounddef>
</doxygen>
