<?xml version='1.0' encoding='UTF-8' standalone='no'?>
<doxygen xmlns:xsi="http://www.w3.org/2001/XMLSchema-instance" xsi:noNamespaceSchemaLocation="compound.xsd" version="1.8.15">
  <compounddef id="group___v_a_r_s_l_i_c_e__" kind="group">
    <compoundname>VARSLICE_</compoundname>
    <title>IDC variable slice flags</title>
      <sectiondef kind="define">
      <memberdef kind="define" id="group___v_a_r_s_l_i_c_e___1ga014a316056d931baf3728110635950e2" prot="public" static="no">
        <name>VARSLICE_SINGLE</name>
        <initializer>0x0001</initializer>
        <briefdescription>
<para>return single index (i2 is ignored) </para>
        </briefdescription>
        <detaileddescription>
        </detaileddescription>
        <inbodydescription>
        </inbodydescription>
        <location file="obj/x64_linux_gcc_32_opt/idasdk/expr.hpp" line="201" column="9" bodyfile="obj/x64_linux_gcc_32_opt/idasdk/expr.hpp" bodystart="201" bodyend="-1"/>
      </memberdef>
      </sectiondef>
    <briefdescription>
    </briefdescription>
    <detaileddescription>
<para>Passed as &apos;flags&apos; parameter to <ref refid="expr_8hpp_1ade9a5e709f46e338a0c348734b932a9e" kindref="member">get_idcv_slice()</ref> and <ref refid="expr_8hpp_1a05aec2160a8e5679f47cd5da95792074" kindref="member">set_idcv_slice()</ref> </para>
    </detaileddescription>
  </compounddef>
</doxygen>
