<?xml version='1.0' encoding='UTF-8' standalone='no'?>
<doxygen xmlns:xsi="http://www.w3.org/2001/XMLSchema-instance" xsi:noNamespaceSchemaLocation="compound.xsd" version="1.8.12">
  <compounddef id="group__dbg__funcs__trcm" kind="group">
    <compoundname>dbg_funcs_trcm</compoundname>
    <title>Trace management functions</title>
      <sectiondef kind="func">
      <memberdef kind="function" id="group__dbg__funcs__trcm_1gafed83f13f5418ed925b4d61d368311a2" prot="public" static="no" const="no" explicit="no" inline="yes" virt="non-virtual">
        <type>bool idaapi</type>
        <definition>bool idaapi load_trace_file</definition>
        <argsstring>(const char *filename, char *buf, size_t bufsize)</argsstring>
        <name>load_trace_file</name>
        <param>
          <type>const char *</type>
          <declname>filename</declname>
        </param>
        <param>
          <type>char *</type>
          <declname>buf</declname>
        </param>
        <param>
          <type>size_t</type>
          <declname>bufsize</declname>
        </param>
        <briefdescription>
        </briefdescription>
        <detaileddescription>
<para>Load a recorded trace file in the trace window. If the call succeeds and &apos;buf&apos; is not null, the description of the trace stored in the binary trace file will be returned in &apos;buf&apos; </para>        </detaileddescription>
        <inbodydescription>
        </inbodydescription>
        <location file="/home/aundro/idasrc/695/include/dbg.hpp" line="1725" column="1" bodyfile="/home/aundro/idasrc/695/include/dbg.hpp" bodystart="2599" bodyend="2599"/>
      </memberdef>
      <memberdef kind="function" id="group__dbg__funcs__trcm_1gaa73b86c91ba74838a18ff650c7ff05b9" prot="public" static="no" const="no" explicit="no" inline="yes" virt="non-virtual">
        <type>bool idaapi</type>
        <definition>bool idaapi save_trace_file</definition>
        <argsstring>(const char *filename, const char *description)</argsstring>
        <name>save_trace_file</name>
        <param>
          <type>const char *</type>
          <declname>filename</declname>
        </param>
        <param>
          <type>const char *</type>
          <declname>description</declname>
        </param>
        <briefdescription>
<para>Save the current trace in the specified file. </para>        </briefdescription>
        <detaileddescription>
        </detaileddescription>
        <inbodydescription>
        </inbodydescription>
        <location file="/home/aundro/idasrc/695/include/dbg.hpp" line="1730" column="1" bodyfile="/home/aundro/idasrc/695/include/dbg.hpp" bodystart="2600" bodyend="2600"/>
      </memberdef>
      <memberdef kind="function" id="group__dbg__funcs__trcm_1ga4b663baf51d088743f89cfc1cbd7a9d6" prot="public" static="no" const="no" explicit="no" inline="yes" virt="non-virtual">
        <type>bool idaapi</type>
        <definition>bool idaapi is_valid_trace_file</definition>
        <argsstring>(const char *filename)</argsstring>
        <name>is_valid_trace_file</name>
        <param>
          <type>const char *</type>
          <declname>filename</declname>
        </param>
        <briefdescription>
<para>Is the specified file a valid trace file for the current database? </para>        </briefdescription>
        <detaileddescription>
        </detaileddescription>
        <inbodydescription>
        </inbodydescription>
        <location file="/home/aundro/idasrc/695/include/dbg.hpp" line="1735" column="1" bodyfile="/home/aundro/idasrc/695/include/dbg.hpp" bodystart="2601" bodyend="2601"/>
      </memberdef>
      <memberdef kind="function" id="group__dbg__funcs__trcm_1gad50908ff63ae16ade347789f6d2cac69" prot="public" static="no" const="no" explicit="no" inline="yes" virt="non-virtual">
        <type>bool idaapi</type>
        <definition>bool idaapi set_trace_file_desc</definition>
        <argsstring>(const char *filename, const char *description)</argsstring>
        <name>set_trace_file_desc</name>
        <param>
          <type>const char *</type>
          <declname>filename</declname>
        </param>
        <param>
          <type>const char *</type>
          <declname>description</declname>
        </param>
        <briefdescription>
<para>Change the description of the specified trace file. </para>        </briefdescription>
        <detaileddescription>
        </detaileddescription>
        <inbodydescription>
        </inbodydescription>
        <location file="/home/aundro/idasrc/695/include/dbg.hpp" line="1740" column="1" bodyfile="/home/aundro/idasrc/695/include/dbg.hpp" bodystart="2602" bodyend="2602"/>
      </memberdef>
      <memberdef kind="function" id="group__dbg__funcs__trcm_1ga2de0a41d37e7f6850ce1b10b66244ecc" prot="public" static="no" const="no" explicit="no" inline="yes" virt="non-virtual">
        <type>bool idaapi</type>
        <definition>bool idaapi get_trace_file_desc</definition>
        <argsstring>(const char *filename, char *buf, size_t bufsize)</argsstring>
        <name>get_trace_file_desc</name>
        <param>
          <type>const char *</type>
          <declname>filename</declname>
        </param>
        <param>
          <type>char *</type>
          <declname>buf</declname>
        </param>
        <param>
          <type>size_t</type>
          <declname>bufsize</declname>
        </param>
        <briefdescription>
<para>Get the file header of the specified trace file. </para>        </briefdescription>
        <detaileddescription>
        </detaileddescription>
        <inbodydescription>
        </inbodydescription>
        <location file="/home/aundro/idasrc/695/include/dbg.hpp" line="1745" column="1" bodyfile="/home/aundro/idasrc/695/include/dbg.hpp" bodystart="2603" bodyend="2603"/>
      </memberdef>
      <memberdef kind="function" id="group__dbg__funcs__trcm_1ga9612156eefa7b68d01aeeaccc07f6f4c" prot="public" static="no" const="no" explicit="no" inline="yes" virt="non-virtual">
        <type>bool idaapi</type>
        <definition>bool idaapi choose_trace_file</definition>
        <argsstring>(char *buf, size_t bufsize)</argsstring>
        <name>choose_trace_file</name>
        <param>
          <type>char *</type>
          <declname>buf</declname>
        </param>
        <param>
          <type>size_t</type>
          <declname>bufsize</declname>
        </param>
        <briefdescription>
<para>Show the choose trace dialog. </para>        </briefdescription>
        <detaileddescription>
        </detaileddescription>
        <inbodydescription>
        </inbodydescription>
        <location file="/home/aundro/idasrc/695/include/dbg.hpp" line="1750" column="1" bodyfile="/home/aundro/idasrc/695/include/dbg.hpp" bodystart="2604" bodyend="2604"/>
      </memberdef>
      <memberdef kind="function" id="group__dbg__funcs__trcm_1ga21b2eca7e2f4d73ded96382b16cb0d5d" prot="public" static="no" const="no" explicit="no" inline="yes" virt="non-virtual">
        <type>bool idaapi</type>
        <definition>bool idaapi diff_trace_file</definition>
        <argsstring>(const char *filename)</argsstring>
        <name>diff_trace_file</name>
        <param>
          <type>const char *</type>
          <declname>filename</declname>
        </param>
        <briefdescription>
<para>Show difference between the current trace and the one from &apos;filename&apos;. </para>        </briefdescription>
        <detaileddescription>
        </detaileddescription>
        <inbodydescription>
        </inbodydescription>
        <location file="/home/aundro/idasrc/695/include/dbg.hpp" line="1755" column="1" bodyfile="/home/aundro/idasrc/695/include/dbg.hpp" bodystart="2605" bodyend="2605"/>
      </memberdef>
      <memberdef kind="function" id="group__dbg__funcs__trcm_1gaaeddc1478c12155e82a8a473dbf05443" prot="public" static="no" const="no" explicit="no" inline="yes" virt="non-virtual">
        <type>bool idaapi</type>
        <definition>bool idaapi graph_trace</definition>
        <argsstring>(void)</argsstring>
        <name>graph_trace</name>
        <param>
          <type>void</type>
        </param>
        <briefdescription>
<para>Show the trace callgraph. </para>        </briefdescription>
        <detaileddescription>
        </detaileddescription>
        <inbodydescription>
        </inbodydescription>
        <location file="/home/aundro/idasrc/695/include/dbg.hpp" line="1760" column="1" bodyfile="/home/aundro/idasrc/695/include/dbg.hpp" bodystart="2608" bodyend="2608"/>
      </memberdef>
      <memberdef kind="function" id="group__dbg__funcs__trcm_1ga736ea26f5666b2bba918b8263fae0336" prot="public" static="no" const="no" explicit="no" inline="yes" virt="non-virtual">
        <type>void idaapi</type>
        <definition>void idaapi set_highlight_trace_options</definition>
        <argsstring>(bool highlight, bgcolor_t color, bgcolor_t diff)</argsstring>
        <name>set_highlight_trace_options</name>
        <param>
          <type>bool</type>
          <declname>highlight</declname>
        </param>
        <param>
          <type>bgcolor_t</type>
          <declname>color</declname>
        </param>
        <param>
          <type>bgcolor_t</type>
          <declname>diff</declname>
        </param>
        <briefdescription>
<para>Set highlight trace parameters. </para>        </briefdescription>
        <detaileddescription>
        </detaileddescription>
        <inbodydescription>
        </inbodydescription>
        <location file="/home/aundro/idasrc/695/include/dbg.hpp" line="1765" column="1" bodyfile="/home/aundro/idasrc/695/include/dbg.hpp" bodystart="2578" bodyend="2578"/>
      </memberdef>
      <memberdef kind="function" id="group__dbg__funcs__trcm_1ga606c645f577c642e1f0ef7afd080ed87" prot="public" static="no" const="no" explicit="no" inline="yes" virt="non-virtual">
        <type>void idaapi</type>
        <definition>void idaapi set_trace_platform</definition>
        <argsstring>(const char *platform)</argsstring>
        <name>set_trace_platform</name>
        <param>
          <type>const char *</type>
          <declname>platform</declname>
        </param>
        <briefdescription>
<para>Set platform name of current trace. </para>        </briefdescription>
        <detaileddescription>
        </detaileddescription>
        <inbodydescription>
        </inbodydescription>
        <location file="/home/aundro/idasrc/695/include/dbg.hpp" line="1773" column="1" bodyfile="/home/aundro/idasrc/695/include/dbg.hpp" bodystart="2606" bodyend="2606"/>
      </memberdef>
      <memberdef kind="function" id="group__dbg__funcs__trcm_1ga270e7a61f7d2979f0f8ebb4f4d097e23" prot="public" static="no" const="no" explicit="no" inline="yes" virt="non-virtual">
        <type>const char *idaapi</type>
        <definition>const char *idaapi get_trace_platform</definition>
        <argsstring>()</argsstring>
        <name>get_trace_platform</name>
        <briefdescription>
<para>Get platform name of current trace. </para>        </briefdescription>
        <detaileddescription>
        </detaileddescription>
        <inbodydescription>
        </inbodydescription>
        <location file="/home/aundro/idasrc/695/include/dbg.hpp" line="1778" column="1" bodyfile="/home/aundro/idasrc/695/include/dbg.hpp" bodystart="2607" bodyend="2607"/>
      </memberdef>
      </sectiondef>
    <briefdescription>
    </briefdescription>
    <detaileddescription>
    </detaileddescription>
  </compounddef>
</doxygen>
