<?xml version='1.0' encoding='UTF-8' standalone='no'?>
<doxygen xmlns:xsi="http://www.w3.org/2001/XMLSchema-instance" xsi:noNamespaceSchemaLocation="compound.xsd" version="1.8.15">
  <compounddef id="group___d_o_p_t__" kind="group">
    <compoundname>DOPT_</compoundname>
    <title>Debugger options</title>
      <sectiondef kind="define">
      <memberdef kind="define" id="group___d_o_p_t___1ga87f0425c4bcec6910c660114d8ac045f" prot="public" static="no">
        <name>DOPT_SEGM_MSGS</name>
        <initializer>0x00000001</initializer>
        <briefdescription>
<para>log debugger segments modifications </para>
        </briefdescription>
        <detaileddescription>
        </detaileddescription>
        <inbodydescription>
        </inbodydescription>
        <location file="obj/x64_linux_gcc_32_opt/idasdk/dbg.hpp" line="1870" column="9" bodyfile="obj/x64_linux_gcc_32_opt/idasdk/dbg.hpp" bodystart="1870" bodyend="-1"/>
      </memberdef>
      <memberdef kind="define" id="group___d_o_p_t___1gae360322086b61a036df230fb93d5ef8b" prot="public" static="no">
        <name>DOPT_START_BPT</name>
        <initializer>0x00000002</initializer>
        <briefdescription>
<para>break on process start </para>
        </briefdescription>
        <detaileddescription>
        </detaileddescription>
        <inbodydescription>
        </inbodydescription>
        <location file="obj/x64_linux_gcc_32_opt/idasdk/dbg.hpp" line="1871" column="9" bodyfile="obj/x64_linux_gcc_32_opt/idasdk/dbg.hpp" bodystart="1871" bodyend="-1"/>
      </memberdef>
      <memberdef kind="define" id="group___d_o_p_t___1ga4335d97e4daad7a58e8b8198bab60098" prot="public" static="no">
        <name>DOPT_THREAD_MSGS</name>
        <initializer>0x00000004</initializer>
        <briefdescription>
<para>log thread starts/exits </para>
        </briefdescription>
        <detaileddescription>
        </detaileddescription>
        <inbodydescription>
        </inbodydescription>
        <location file="obj/x64_linux_gcc_32_opt/idasdk/dbg.hpp" line="1872" column="9" bodyfile="obj/x64_linux_gcc_32_opt/idasdk/dbg.hpp" bodystart="1872" bodyend="-1"/>
      </memberdef>
      <memberdef kind="define" id="group___d_o_p_t___1gadad96e92f16afc9a5afc6ecca746096b" prot="public" static="no">
        <name>DOPT_THREAD_BPT</name>
        <initializer>0x00000008</initializer>
        <briefdescription>
<para>break on thread start/exit </para>
        </briefdescription>
        <detaileddescription>
        </detaileddescription>
        <inbodydescription>
        </inbodydescription>
        <location file="obj/x64_linux_gcc_32_opt/idasdk/dbg.hpp" line="1873" column="9" bodyfile="obj/x64_linux_gcc_32_opt/idasdk/dbg.hpp" bodystart="1873" bodyend="-1"/>
      </memberdef>
      <memberdef kind="define" id="group___d_o_p_t___1gaca60c94d9e65f3c5c727ed1b2803a4ff" prot="public" static="no">
        <name>DOPT_BPT_MSGS</name>
        <initializer>0x00000010</initializer>
        <briefdescription>
<para>log breakpoints </para>
        </briefdescription>
        <detaileddescription>
        </detaileddescription>
        <inbodydescription>
        </inbodydescription>
        <location file="obj/x64_linux_gcc_32_opt/idasdk/dbg.hpp" line="1874" column="9" bodyfile="obj/x64_linux_gcc_32_opt/idasdk/dbg.hpp" bodystart="1874" bodyend="-1"/>
      </memberdef>
      <memberdef kind="define" id="group___d_o_p_t___1ga2a62fcc5c7151eae6e6d7dda8d8c03a3" prot="public" static="no">
        <name>DOPT_LIB_MSGS</name>
        <initializer>0x00000040</initializer>
        <briefdescription>
<para>log library loads/unloads </para>
        </briefdescription>
        <detaileddescription>
        </detaileddescription>
        <inbodydescription>
        </inbodydescription>
        <location file="obj/x64_linux_gcc_32_opt/idasdk/dbg.hpp" line="1876" column="9" bodyfile="obj/x64_linux_gcc_32_opt/idasdk/dbg.hpp" bodystart="1876" bodyend="-1"/>
      </memberdef>
      <memberdef kind="define" id="group___d_o_p_t___1gaa074a4ce81a7038438c51f7281945f12" prot="public" static="no">
        <name>DOPT_LIB_BPT</name>
        <initializer>0x00000080</initializer>
        <briefdescription>
<para>break on library load/unload </para>
        </briefdescription>
        <detaileddescription>
        </detaileddescription>
        <inbodydescription>
        </inbodydescription>
        <location file="obj/x64_linux_gcc_32_opt/idasdk/dbg.hpp" line="1877" column="9" bodyfile="obj/x64_linux_gcc_32_opt/idasdk/dbg.hpp" bodystart="1877" bodyend="-1"/>
      </memberdef>
      <memberdef kind="define" id="group___d_o_p_t___1ga5cc4c18b01ad9de087f986fbe27c2c26" prot="public" static="no">
        <name>DOPT_INFO_MSGS</name>
        <initializer>0x00000100</initializer>
        <briefdescription>
<para>log debugging info events </para>
        </briefdescription>
        <detaileddescription>
        </detaileddescription>
        <inbodydescription>
        </inbodydescription>
        <location file="obj/x64_linux_gcc_32_opt/idasdk/dbg.hpp" line="1878" column="9" bodyfile="obj/x64_linux_gcc_32_opt/idasdk/dbg.hpp" bodystart="1878" bodyend="-1"/>
      </memberdef>
      <memberdef kind="define" id="group___d_o_p_t___1ga8c79b60651e95b67752afe3a2248b3fc" prot="public" static="no">
        <name>DOPT_INFO_BPT</name>
        <initializer>0x00000200</initializer>
        <briefdescription>
<para>break on debugging information </para>
        </briefdescription>
        <detaileddescription>
        </detaileddescription>
        <inbodydescription>
        </inbodydescription>
        <location file="obj/x64_linux_gcc_32_opt/idasdk/dbg.hpp" line="1879" column="9" bodyfile="obj/x64_linux_gcc_32_opt/idasdk/dbg.hpp" bodystart="1879" bodyend="-1"/>
      </memberdef>
      <memberdef kind="define" id="group___d_o_p_t___1ga66f8c9a972dafc519fd6990a8ffeceae" prot="public" static="no">
        <name>DOPT_REAL_MEMORY</name>
        <initializer>0x00000400</initializer>
        <briefdescription>
<para>do not hide breakpoint instructions </para>
        </briefdescription>
        <detaileddescription>
        </detaileddescription>
        <inbodydescription>
        </inbodydescription>
        <location file="obj/x64_linux_gcc_32_opt/idasdk/dbg.hpp" line="1880" column="9" bodyfile="obj/x64_linux_gcc_32_opt/idasdk/dbg.hpp" bodystart="1880" bodyend="-1"/>
      </memberdef>
      <memberdef kind="define" id="group___d_o_p_t___1ga2a7e504d64d97b44560327cc28950aa2" prot="public" static="no">
        <name>DOPT_REDO_STACK</name>
        <initializer>0x00000800</initializer>
        <briefdescription>
<para>reconstruct the stack </para>
        </briefdescription>
        <detaileddescription>
        </detaileddescription>
        <inbodydescription>
        </inbodydescription>
        <location file="obj/x64_linux_gcc_32_opt/idasdk/dbg.hpp" line="1881" column="9" bodyfile="obj/x64_linux_gcc_32_opt/idasdk/dbg.hpp" bodystart="1881" bodyend="-1"/>
      </memberdef>
      <memberdef kind="define" id="group___d_o_p_t___1gacc90281594c66909f15daf25efeafe76" prot="public" static="no">
        <name>DOPT_ENTRY_BPT</name>
        <initializer>0x00001000</initializer>
        <briefdescription>
<para>break on program entry point </para>
        </briefdescription>
        <detaileddescription>
        </detaileddescription>
        <inbodydescription>
        </inbodydescription>
        <location file="obj/x64_linux_gcc_32_opt/idasdk/dbg.hpp" line="1882" column="9" bodyfile="obj/x64_linux_gcc_32_opt/idasdk/dbg.hpp" bodystart="1882" bodyend="-1"/>
      </memberdef>
      <memberdef kind="define" id="group___d_o_p_t___1gad41ef17e0906458ad23399ba77766ed3" prot="public" static="no">
        <name>DOPT_EXCDLG</name>
        <initializer>0x00006000</initializer>
        <briefdescription>
<para>exception dialogs: </para>
        </briefdescription>
        <detaileddescription>
        </detaileddescription>
        <inbodydescription>
        </inbodydescription>
        <location file="obj/x64_linux_gcc_32_opt/idasdk/dbg.hpp" line="1883" column="9" bodyfile="obj/x64_linux_gcc_32_opt/idasdk/dbg.hpp" bodystart="1883" bodyend="-1"/>
      </memberdef>
      <memberdef kind="define" id="group___d_o_p_t___1ga7cb4a043cedc7dbdfc8babc9d64588f7" prot="public" static="no">
        <name>EXCDLG_NEVER</name>
        <initializer>0x00000000</initializer>
        <briefdescription>
<para>never display exception dialogs </para>
        </briefdescription>
        <detaileddescription>
        </detaileddescription>
        <inbodydescription>
        </inbodydescription>
        <location file="obj/x64_linux_gcc_32_opt/idasdk/dbg.hpp" line="1884" column="11" bodyfile="obj/x64_linux_gcc_32_opt/idasdk/dbg.hpp" bodystart="1884" bodyend="-1"/>
      </memberdef>
      <memberdef kind="define" id="group___d_o_p_t___1ga843bb638452865b449de1b46d169a046" prot="public" static="no">
        <name>EXCDLG_UNKNOWN</name>
        <initializer>0x00002000</initializer>
        <briefdescription>
<para>display for unknown exceptions </para>
        </briefdescription>
        <detaileddescription>
        </detaileddescription>
        <inbodydescription>
        </inbodydescription>
        <location file="obj/x64_linux_gcc_32_opt/idasdk/dbg.hpp" line="1885" column="11" bodyfile="obj/x64_linux_gcc_32_opt/idasdk/dbg.hpp" bodystart="1885" bodyend="-1"/>
      </memberdef>
      <memberdef kind="define" id="group___d_o_p_t___1ga676bc4919225046322f5537dc47add1f" prot="public" static="no">
        <name>EXCDLG_ALWAYS</name>
        <initializer>0x00006000</initializer>
        <briefdescription>
<para>always display </para>
        </briefdescription>
        <detaileddescription>
        </detaileddescription>
        <inbodydescription>
        </inbodydescription>
        <location file="obj/x64_linux_gcc_32_opt/idasdk/dbg.hpp" line="1886" column="11" bodyfile="obj/x64_linux_gcc_32_opt/idasdk/dbg.hpp" bodystart="1886" bodyend="-1"/>
      </memberdef>
      <memberdef kind="define" id="group___d_o_p_t___1ga717ced08604a3ed7a4e19fa80a7607eb" prot="public" static="no">
        <name>DOPT_LOAD_DINFO</name>
        <initializer>0x00008000</initializer>
        <briefdescription>
<para>automatically load debug files (pdb) </para>
        </briefdescription>
        <detaileddescription>
        </detaileddescription>
        <inbodydescription>
        </inbodydescription>
        <location file="obj/x64_linux_gcc_32_opt/idasdk/dbg.hpp" line="1887" column="9" bodyfile="obj/x64_linux_gcc_32_opt/idasdk/dbg.hpp" bodystart="1887" bodyend="-1"/>
      </memberdef>
      <memberdef kind="define" id="group___d_o_p_t___1ga8362a134d21df51c2d5535ddd43b7755" prot="public" static="no">
        <name>DOPT_END_BPT</name>
        <initializer>0x00010000</initializer>
        <briefdescription>
<para>evaluate event condition on process end </para>
        </briefdescription>
        <detaileddescription>
        </detaileddescription>
        <inbodydescription>
        </inbodydescription>
        <location file="obj/x64_linux_gcc_32_opt/idasdk/dbg.hpp" line="1888" column="9" bodyfile="obj/x64_linux_gcc_32_opt/idasdk/dbg.hpp" bodystart="1888" bodyend="-1"/>
      </memberdef>
      <memberdef kind="define" id="group___d_o_p_t___1ga5ea8eb158d482ad4a56c383f028abee3" prot="public" static="no">
        <name>DOPT_TEMP_HWBPT</name>
        <initializer>0x00020000</initializer>
        <briefdescription>
<para>when possible use hardware bpts for temp bpts </para>
        </briefdescription>
        <detaileddescription>
        </detaileddescription>
        <inbodydescription>
        </inbodydescription>
        <location file="obj/x64_linux_gcc_32_opt/idasdk/dbg.hpp" line="1889" column="9" bodyfile="obj/x64_linux_gcc_32_opt/idasdk/dbg.hpp" bodystart="1889" bodyend="-1"/>
      </memberdef>
      </sectiondef>
    <briefdescription>
    </briefdescription>
    <detaileddescription>
<para>Passed as &apos;options&apos; parameter to <ref refid="group__dbg__funcs__high_1ga15a645f326f8ddd37b235dfb8e596a27" kindref="member">set_debugger_options()</ref> </para>
    </detaileddescription>
  </compounddef>
</doxygen>
