<?xml version='1.0' encoding='UTF-8' standalone='no'?>
<doxygen xmlns:xsi="http://www.w3.org/2001/XMLSchema-instance" xsi:noNamespaceSchemaLocation="compound.xsd" version="1.8.15">
  <compounddef id="group___f_d__" kind="group">
    <compoundname>FD_</compoundname>
    <title>bits for mblock_t::find_access</title>
      <sectiondef kind="define">
      <memberdef kind="define" id="group___f_d___1ga21500c86510921e2d0522eab075ce787" prot="public" static="no">
        <name>FD_BACKWARD</name>
        <initializer>0x0000</initializer>
        <briefdescription>
<para>search direction </para>
        </briefdescription>
        <detaileddescription>
        </detaileddescription>
        <inbodydescription>
        </inbodydescription>
        <location file="obj/x64_linux_gcc_32_opt/3/idasdk/hexrays.hpp" line="4125" column="9" bodyfile="obj/x64_linux_gcc_32_opt/3/idasdk/hexrays.hpp" bodystart="4125" bodyend="-1"/>
      </memberdef>
      <memberdef kind="define" id="group___f_d___1ga6b30cd85cba807971a0048e47842c646" prot="public" static="no">
        <name>FD_FORWARD</name>
        <initializer>0x0001</initializer>
        <briefdescription>
<para>search direction </para>
        </briefdescription>
        <detaileddescription>
        </detaileddescription>
        <inbodydescription>
        </inbodydescription>
        <location file="obj/x64_linux_gcc_32_opt/3/idasdk/hexrays.hpp" line="4126" column="9" bodyfile="obj/x64_linux_gcc_32_opt/3/idasdk/hexrays.hpp" bodystart="4126" bodyend="-1"/>
      </memberdef>
      <memberdef kind="define" id="group___f_d___1gacb703d3183091846813a9c30bc58cf4d" prot="public" static="no">
        <name>FD_USE</name>
        <initializer>0x0000</initializer>
        <briefdescription>
<para>look for use </para>
        </briefdescription>
        <detaileddescription>
        </detaileddescription>
        <inbodydescription>
        </inbodydescription>
        <location file="obj/x64_linux_gcc_32_opt/3/idasdk/hexrays.hpp" line="4127" column="9" bodyfile="obj/x64_linux_gcc_32_opt/3/idasdk/hexrays.hpp" bodystart="4127" bodyend="-1"/>
      </memberdef>
      <memberdef kind="define" id="group___f_d___1ga557d3d288b8d203fb74be1e720451fcc" prot="public" static="no">
        <name>FD_DEF</name>
        <initializer>0x0002</initializer>
        <briefdescription>
<para>look for definition </para>
        </briefdescription>
        <detaileddescription>
        </detaileddescription>
        <inbodydescription>
        </inbodydescription>
        <location file="obj/x64_linux_gcc_32_opt/3/idasdk/hexrays.hpp" line="4128" column="9" bodyfile="obj/x64_linux_gcc_32_opt/3/idasdk/hexrays.hpp" bodystart="4128" bodyend="-1"/>
      </memberdef>
      <memberdef kind="define" id="group___f_d___1gacafbc2c88542f63c2b51fec28a3257c2" prot="public" static="no">
        <name>FD_DIRTY</name>
        <initializer>0x0004</initializer>
        <briefdescription>
        </briefdescription>
        <detaileddescription>
<para>ignore possible implicit definitions by function calls and indirect memory access </para>
        </detaileddescription>
        <inbodydescription>
        </inbodydescription>
        <location file="obj/x64_linux_gcc_32_opt/3/idasdk/hexrays.hpp" line="4129" column="9" bodyfile="obj/x64_linux_gcc_32_opt/3/idasdk/hexrays.hpp" bodystart="4129" bodyend="-1"/>
      </memberdef>
      </sectiondef>
    <briefdescription>
    </briefdescription>
    <detaileddescription>
    </detaileddescription>
  </compounddef>
</doxygen>
