<?xml version='1.0' encoding='UTF-8' standalone='no'?>
<doxygen xmlns:xsi="http://www.w3.org/2001/XMLSchema-instance" xsi:noNamespaceSchemaLocation="compound.xsd" version="1.9.3" xml:lang="en-US">
  <compounddef id="group__seg__man" kind="group">
    <compoundname>seg_man</compoundname>
    <title>Segment manipulation functions</title>
    <briefdescription>
    </briefdescription>
    <detaileddescription>
<para>Add/Delete/Modify segments </para>
    </detaileddescription>
  </compounddef>
</doxygen>
