<?xml version='1.0' encoding='UTF-8' standalone='no'?>
<doxygen xmlns:xsi="http://www.w3.org/2001/XMLSchema-instance" xsi:noNamespaceSchemaLocation="compound.xsd" version="1.8.15">
  <compounddef id="group___h_t_i__" kind="group">
    <compoundname>HTI_</compoundname>
    <title>Type formatting flags</title>
      <sectiondef kind="define">
      <memberdef kind="define" id="group___h_t_i___1ga49cce1e1fc7eabd7b9eed24de066fb45" prot="public" static="no">
        <name>HTI_CPP</name>
        <initializer>0x00000001</initializer>
        <briefdescription>
<para>C++ mode (not implemented) </para>
        </briefdescription>
        <detaileddescription>
        </detaileddescription>
        <inbodydescription>
        </inbodydescription>
        <location file="obj/x64_linux_gcc_32_opt/3/idasdk/typeinf.hpp" line="1632" column="9" bodyfile="obj/x64_linux_gcc_32_opt/3/idasdk/typeinf.hpp" bodystart="1632" bodyend="-1"/>
      </memberdef>
      <memberdef kind="define" id="group___h_t_i___1ga4dbb0ec83121e0da97f2a3d5f8004adf" prot="public" static="no">
        <name>HTI_INT</name>
        <initializer>0x00000002</initializer>
        <briefdescription>
<para>debug: print internal representation of types </para>
        </briefdescription>
        <detaileddescription>
        </detaileddescription>
        <inbodydescription>
        </inbodydescription>
        <location file="obj/x64_linux_gcc_32_opt/3/idasdk/typeinf.hpp" line="1633" column="9" bodyfile="obj/x64_linux_gcc_32_opt/3/idasdk/typeinf.hpp" bodystart="1633" bodyend="-1"/>
      </memberdef>
      <memberdef kind="define" id="group___h_t_i___1gadbca1dd0a7f2e5018f5cae7a25368c32" prot="public" static="no">
        <name>HTI_EXT</name>
        <initializer>0x00000004</initializer>
        <briefdescription>
<para>debug: print external representation of types </para>
        </briefdescription>
        <detaileddescription>
        </detaileddescription>
        <inbodydescription>
        </inbodydescription>
        <location file="obj/x64_linux_gcc_32_opt/3/idasdk/typeinf.hpp" line="1634" column="9" bodyfile="obj/x64_linux_gcc_32_opt/3/idasdk/typeinf.hpp" bodystart="1634" bodyend="-1"/>
      </memberdef>
      <memberdef kind="define" id="group___h_t_i___1gaa54721f91611a9e1204882276172b1b8" prot="public" static="no">
        <name>HTI_LEX</name>
        <initializer>0x00000008</initializer>
        <briefdescription>
<para>debug: print tokens </para>
        </briefdescription>
        <detaileddescription>
        </detaileddescription>
        <inbodydescription>
        </inbodydescription>
        <location file="obj/x64_linux_gcc_32_opt/3/idasdk/typeinf.hpp" line="1635" column="9" bodyfile="obj/x64_linux_gcc_32_opt/3/idasdk/typeinf.hpp" bodystart="1635" bodyend="-1"/>
      </memberdef>
      <memberdef kind="define" id="group___h_t_i___1ga707bfb6bc9b4b8ae415124f0fbae003a" prot="public" static="no">
        <name>HTI_UNP</name>
        <initializer>0x00000010</initializer>
        <briefdescription>
<para>debug: check the result by unpacking it </para>
        </briefdescription>
        <detaileddescription>
        </detaileddescription>
        <inbodydescription>
        </inbodydescription>
        <location file="obj/x64_linux_gcc_32_opt/3/idasdk/typeinf.hpp" line="1636" column="9" bodyfile="obj/x64_linux_gcc_32_opt/3/idasdk/typeinf.hpp" bodystart="1636" bodyend="-1"/>
      </memberdef>
      <memberdef kind="define" id="group___h_t_i___1ga4a519695c936b5be4f4f980abf6a6067" prot="public" static="no">
        <name>HTI_TST</name>
        <initializer>0x00000020</initializer>
        <briefdescription>
<para>test mode: discard the result </para>
        </briefdescription>
        <detaileddescription>
        </detaileddescription>
        <inbodydescription>
        </inbodydescription>
        <location file="obj/x64_linux_gcc_32_opt/3/idasdk/typeinf.hpp" line="1637" column="9" bodyfile="obj/x64_linux_gcc_32_opt/3/idasdk/typeinf.hpp" bodystart="1637" bodyend="-1"/>
      </memberdef>
      <memberdef kind="define" id="group___h_t_i___1gaba1213cf554de359b9ee23ab2bd4da40" prot="public" static="no">
        <name>HTI_FIL</name>
        <initializer>0x00000040</initializer>
        <briefdescription>
        </briefdescription>
        <detaileddescription>
<para>&quot;input&quot; is file name, otherwise &quot;input&quot; contains a C declaration </para>
        </detaileddescription>
        <inbodydescription>
        </inbodydescription>
        <location file="obj/x64_linux_gcc_32_opt/3/idasdk/typeinf.hpp" line="1638" column="9" bodyfile="obj/x64_linux_gcc_32_opt/3/idasdk/typeinf.hpp" bodystart="1638" bodyend="-1"/>
      </memberdef>
      <memberdef kind="define" id="group___h_t_i___1ga5c9bd5e9585c1eb1faab1575c535c115" prot="public" static="no">
        <name>HTI_MAC</name>
        <initializer>0x00000080</initializer>
        <briefdescription>
<para>define macros from the base tils </para>
        </briefdescription>
        <detaileddescription>
        </detaileddescription>
        <inbodydescription>
        </inbodydescription>
        <location file="obj/x64_linux_gcc_32_opt/3/idasdk/typeinf.hpp" line="1640" column="9" bodyfile="obj/x64_linux_gcc_32_opt/3/idasdk/typeinf.hpp" bodystart="1640" bodyend="-1"/>
      </memberdef>
      <memberdef kind="define" id="group___h_t_i___1gad26c399e91cd381483f91ef070f2ff37" prot="public" static="no">
        <name>HTI_NWR</name>
        <initializer>0x00000100</initializer>
        <briefdescription>
<para>no warning messages </para>
        </briefdescription>
        <detaileddescription>
        </detaileddescription>
        <inbodydescription>
        </inbodydescription>
        <location file="obj/x64_linux_gcc_32_opt/3/idasdk/typeinf.hpp" line="1641" column="9" bodyfile="obj/x64_linux_gcc_32_opt/3/idasdk/typeinf.hpp" bodystart="1641" bodyend="-1"/>
      </memberdef>
      <memberdef kind="define" id="group___h_t_i___1gad26c5cf9257e85b6ec981e43dc6fc7e4" prot="public" static="no">
        <name>HTI_NER</name>
        <initializer>0x00000200</initializer>
        <briefdescription>
<para>ignore all errors but display them </para>
        </briefdescription>
        <detaileddescription>
        </detaileddescription>
        <inbodydescription>
        </inbodydescription>
        <location file="obj/x64_linux_gcc_32_opt/3/idasdk/typeinf.hpp" line="1642" column="9" bodyfile="obj/x64_linux_gcc_32_opt/3/idasdk/typeinf.hpp" bodystart="1642" bodyend="-1"/>
      </memberdef>
      <memberdef kind="define" id="group___h_t_i___1ga7eadeea97aa05317c41e939b70714a56" prot="public" static="no">
        <name>HTI_DCL</name>
        <initializer>0x00000400</initializer>
        <briefdescription>
<para>don&apos;t complain about redeclarations </para>
        </briefdescription>
        <detaileddescription>
        </detaileddescription>
        <inbodydescription>
        </inbodydescription>
        <location file="obj/x64_linux_gcc_32_opt/3/idasdk/typeinf.hpp" line="1643" column="9" bodyfile="obj/x64_linux_gcc_32_opt/3/idasdk/typeinf.hpp" bodystart="1643" bodyend="-1"/>
      </memberdef>
      <memberdef kind="define" id="group___h_t_i___1ga162a5cfcabc80d65c8e50a4c36c68b3e" prot="public" static="no">
        <name>HTI_NDC</name>
        <initializer>0x00000800</initializer>
        <briefdescription>
<para>don&apos;t decorate names </para>
        </briefdescription>
        <detaileddescription>
        </detaileddescription>
        <inbodydescription>
        </inbodydescription>
        <location file="obj/x64_linux_gcc_32_opt/3/idasdk/typeinf.hpp" line="1644" column="9" bodyfile="obj/x64_linux_gcc_32_opt/3/idasdk/typeinf.hpp" bodystart="1644" bodyend="-1"/>
      </memberdef>
      <memberdef kind="define" id="group___h_t_i___1gadf2bfd701e01e14726882db806328b93" prot="public" static="no">
        <name>HTI_PAK</name>
        <initializer>0x00007000</initializer>
        <briefdescription>
<para>explicit structure pack value (#pragma pack) </para>
        </briefdescription>
        <detaileddescription>
        </detaileddescription>
        <inbodydescription>
        </inbodydescription>
        <location file="obj/x64_linux_gcc_32_opt/3/idasdk/typeinf.hpp" line="1645" column="9" bodyfile="obj/x64_linux_gcc_32_opt/3/idasdk/typeinf.hpp" bodystart="1645" bodyend="-1"/>
      </memberdef>
      <memberdef kind="define" id="group___h_t_i___1ga01db4a44ee642c8b9cb2fc022c9ee615" prot="public" static="no">
        <name>HTI_PAK_SHIFT</name>
        <initializer>12</initializer>
        <briefdescription>
        </briefdescription>
        <detaileddescription>
<para>shift for <ref refid="group___h_t_i___1gadf2bfd701e01e14726882db806328b93" kindref="member">HTI_PAK</ref>. This field should be used if you want to remember an explicit pack value for each structure/union type. See <ref refid="group___h_t_i___1gadf2bfd701e01e14726882db806328b93" kindref="member">HTI_PAK</ref>... definitions </para>
        </detaileddescription>
        <inbodydescription>
        </inbodydescription>
        <location file="obj/x64_linux_gcc_32_opt/3/idasdk/typeinf.hpp" line="1646" column="9" bodyfile="obj/x64_linux_gcc_32_opt/3/idasdk/typeinf.hpp" bodystart="1646" bodyend="-1"/>
      </memberdef>
      <memberdef kind="define" id="group___h_t_i___1ga04f214d59147447ad7fd889d4287d216" prot="public" static="no">
        <name>HTI_PAKDEF</name>
        <initializer>0x00000000</initializer>
        <briefdescription>
<para>default pack value </para>
        </briefdescription>
        <detaileddescription>
        </detaileddescription>
        <inbodydescription>
        </inbodydescription>
        <location file="obj/x64_linux_gcc_32_opt/3/idasdk/typeinf.hpp" line="1650" column="9" bodyfile="obj/x64_linux_gcc_32_opt/3/idasdk/typeinf.hpp" bodystart="1650" bodyend="-1"/>
      </memberdef>
      <memberdef kind="define" id="group___h_t_i___1ga3e27d22a23d0b4424fcb397f8a8bd0fa" prot="public" static="no">
        <name>HTI_PAK1</name>
        <initializer>0x00001000</initializer>
        <briefdescription>
<para>#pragma pack(1) </para>
        </briefdescription>
        <detaileddescription>
        </detaileddescription>
        <inbodydescription>
        </inbodydescription>
        <location file="obj/x64_linux_gcc_32_opt/3/idasdk/typeinf.hpp" line="1651" column="9" bodyfile="obj/x64_linux_gcc_32_opt/3/idasdk/typeinf.hpp" bodystart="1651" bodyend="-1"/>
      </memberdef>
      <memberdef kind="define" id="group___h_t_i___1ga51bbc6117e0f39f556ecf367ea5efd5e" prot="public" static="no">
        <name>HTI_PAK2</name>
        <initializer>0x00002000</initializer>
        <briefdescription>
<para>#pragma pack(2) </para>
        </briefdescription>
        <detaileddescription>
        </detaileddescription>
        <inbodydescription>
        </inbodydescription>
        <location file="obj/x64_linux_gcc_32_opt/3/idasdk/typeinf.hpp" line="1652" column="9" bodyfile="obj/x64_linux_gcc_32_opt/3/idasdk/typeinf.hpp" bodystart="1652" bodyend="-1"/>
      </memberdef>
      <memberdef kind="define" id="group___h_t_i___1ga9f1ac9d3ee42f13f54139d4835e290f1" prot="public" static="no">
        <name>HTI_PAK4</name>
        <initializer>0x00003000</initializer>
        <briefdescription>
<para>#pragma pack(4) </para>
        </briefdescription>
        <detaileddescription>
        </detaileddescription>
        <inbodydescription>
        </inbodydescription>
        <location file="obj/x64_linux_gcc_32_opt/3/idasdk/typeinf.hpp" line="1653" column="9" bodyfile="obj/x64_linux_gcc_32_opt/3/idasdk/typeinf.hpp" bodystart="1653" bodyend="-1"/>
      </memberdef>
      <memberdef kind="define" id="group___h_t_i___1gad316fbc28b048f2e5c44249026791f8c" prot="public" static="no">
        <name>HTI_PAK8</name>
        <initializer>0x00004000</initializer>
        <briefdescription>
<para>#pragma pack(8) </para>
        </briefdescription>
        <detaileddescription>
        </detaileddescription>
        <inbodydescription>
        </inbodydescription>
        <location file="obj/x64_linux_gcc_32_opt/3/idasdk/typeinf.hpp" line="1654" column="9" bodyfile="obj/x64_linux_gcc_32_opt/3/idasdk/typeinf.hpp" bodystart="1654" bodyend="-1"/>
      </memberdef>
      <memberdef kind="define" id="group___h_t_i___1ga78a272c42dee0ca7a79e087587573688" prot="public" static="no">
        <name>HTI_PAK16</name>
        <initializer>0x00005000</initializer>
        <briefdescription>
<para>#pragma pack(16) </para>
        </briefdescription>
        <detaileddescription>
        </detaileddescription>
        <inbodydescription>
        </inbodydescription>
        <location file="obj/x64_linux_gcc_32_opt/3/idasdk/typeinf.hpp" line="1655" column="9" bodyfile="obj/x64_linux_gcc_32_opt/3/idasdk/typeinf.hpp" bodystart="1655" bodyend="-1"/>
      </memberdef>
      <memberdef kind="define" id="group___h_t_i___1ga1a2d19a5da522effe48cfe67e14fc479" prot="public" static="no">
        <name>HTI_HIGH</name>
        <initializer>0x00008000</initializer>
        <briefdescription>
        </briefdescription>
        <detaileddescription>
<para>assume high level prototypes (with hidden args, etc) </para>
        </detaileddescription>
        <inbodydescription>
        </inbodydescription>
        <location file="obj/x64_linux_gcc_32_opt/3/idasdk/typeinf.hpp" line="1657" column="9" bodyfile="obj/x64_linux_gcc_32_opt/3/idasdk/typeinf.hpp" bodystart="1657" bodyend="-1"/>
      </memberdef>
      <memberdef kind="define" id="group___h_t_i___1ga10ab57fb403189b513dc0af7286383d9" prot="public" static="no">
        <name>HTI_LOWER</name>
        <initializer>0x00010000</initializer>
        <briefdescription>
<para>lower the function prototypes </para>
        </briefdescription>
        <detaileddescription>
        </detaileddescription>
        <inbodydescription>
        </inbodydescription>
        <location file="obj/x64_linux_gcc_32_opt/3/idasdk/typeinf.hpp" line="1659" column="9" bodyfile="obj/x64_linux_gcc_32_opt/3/idasdk/typeinf.hpp" bodystart="1659" bodyend="-1"/>
      </memberdef>
      <memberdef kind="define" id="group___h_t_i___1ga2236cc615e41a0bc67e86a93ed82fb46" prot="public" static="no">
        <name>HTI_RAWARGS</name>
        <initializer>0x00020000</initializer>
        <briefdescription>
<para>leave argument names unchanged (do not remove underscores) </para>
        </briefdescription>
        <detaileddescription>
        </detaileddescription>
        <inbodydescription>
        </inbodydescription>
        <location file="obj/x64_linux_gcc_32_opt/3/idasdk/typeinf.hpp" line="1660" column="9" bodyfile="obj/x64_linux_gcc_32_opt/3/idasdk/typeinf.hpp" bodystart="1660" bodyend="-1"/>
      </memberdef>
      </sectiondef>
    <briefdescription>
    </briefdescription>
    <detaileddescription>
    </detaileddescription>
  </compounddef>
</doxygen>
