<?xml version='1.0' encoding='UTF-8' standalone='no'?>
<doxygen xmlns:xsi="http://www.w3.org/2001/XMLSchema-instance" xsi:noNamespaceSchemaLocation="compound.xsd" version="1.8.12">
  <compounddef id="group___c_h__" kind="group">
    <compoundname>CH_</compoundname>
    <title>Generic chooser flags</title>
      <sectiondef kind="define">
      <memberdef kind="define" id="group___c_h___1gaf31647eae19a462b07ea4a77058fc883" prot="public" static="no">
        <name>CH_MODAL</name>
        <initializer>0x00000001</initializer>
        <briefdescription>
<para>Modal chooser. </para>        </briefdescription>
        <detaileddescription>
        </detaileddescription>
        <inbodydescription>
        </inbodydescription>
        <location file="obj/x64_linux_gcc_32_opt/idasdk/kernwin.hpp" line="2167" column="9" bodyfile="obj/x64_linux_gcc_32_opt/idasdk/kernwin.hpp" bodystart="2167" bodyend="-1"/>
      </memberdef>
      <memberdef kind="define" id="group___c_h___1ga6c16727f7ea18c15e4a0026963e0b055" prot="public" static="no">
        <name>CH_KEEP</name>
        <initializer>0x00000002</initializer>
        <briefdescription>
        </briefdescription>
        <detaileddescription>
<para>The chooser instance&apos;s lifecycle is not tied to the lifecycle of the widget showing its contents. Closing the widget will not destroy the chooser structure. This allows for, e.g., static global chooser instances that don&apos;t need to be allocated on the heap. Also stack-allocated chooser instances must set this bit. </para>        </detaileddescription>
        <inbodydescription>
        </inbodydescription>
        <location file="obj/x64_linux_gcc_32_opt/idasdk/kernwin.hpp" line="2173" column="9" bodyfile="obj/x64_linux_gcc_32_opt/idasdk/kernwin.hpp" bodystart="2173" bodyend="-1"/>
      </memberdef>
      <memberdef kind="define" id="group___c_h___1gacfbc3bef12bc19f047a205b136f287c2" prot="public" static="no">
        <name>CH_MULTI</name>
        <initializer>0x00000004</initializer>
        <briefdescription>
<para>Obsolete. </para>        </briefdescription>
        <detaileddescription>
<para>The chooser will allow multi-selection (only for GUI choosers). This bit is set when using the <ref refid="structchooser__multi__t" kindref="compound">chooser_multi_t</ref> structure. </para>        </detaileddescription>
        <inbodydescription>
        </inbodydescription>
        <location file="obj/x64_linux_gcc_32_opt/idasdk/kernwin.hpp" line="2176" column="9" bodyfile="obj/x64_linux_gcc_32_opt/idasdk/kernwin.hpp" bodystart="2176" bodyend="-1"/>
      </memberdef>
      <memberdef kind="define" id="group___c_h___1gaeef806c1a2500fbbc37da1f6b2bf3ce3" prot="public" static="no">
        <name>CH_MULTI_EDIT</name>
        <initializer>0x00000008</initializer>
        <briefdescription>
        </briefdescription>
        <detaileddescription>
        </detaileddescription>
        <inbodydescription>
        </inbodydescription>
        <location file="obj/x64_linux_gcc_32_opt/idasdk/kernwin.hpp" line="2178" column="9" bodyfile="obj/x64_linux_gcc_32_opt/idasdk/kernwin.hpp" bodystart="2178" bodyend="-1"/>
      </memberdef>
      <memberdef kind="define" id="group___c_h___1gae6c85138f000f0d2ef78ce428a2bcae7" prot="public" static="no">
        <name>CH_NOBTNS</name>
        <initializer>0x00000010</initializer>
        <briefdescription>
        </briefdescription>
        <detaileddescription>
<para>do not display ok/cancel/help/search buttons. Meaningful only for gui modal windows because non-modal windows do not have any buttons anyway. Text mode does not have them neither. </para>        </detaileddescription>
        <inbodydescription>
        </inbodydescription>
        <location file="obj/x64_linux_gcc_32_opt/idasdk/kernwin.hpp" line="2182" column="9" bodyfile="obj/x64_linux_gcc_32_opt/idasdk/kernwin.hpp" bodystart="2182" bodyend="-1"/>
      </memberdef>
      <memberdef kind="define" id="group___c_h___1gab3890b823cb1ccce21f56f4941dd5398" prot="public" static="no">
        <name>CH_ATTRS</name>
        <initializer>0x00000020</initializer>
        <briefdescription>
<para>generate ui_get_chooser_item_attrs (gui only) </para>        </briefdescription>
        <detaileddescription>
        </detaileddescription>
        <inbodydescription>
        </inbodydescription>
        <location file="obj/x64_linux_gcc_32_opt/idasdk/kernwin.hpp" line="2184" column="9" bodyfile="obj/x64_linux_gcc_32_opt/idasdk/kernwin.hpp" bodystart="2184" bodyend="-1"/>
      </memberdef>
      <memberdef kind="define" id="group___c_h___1ga8705c52e147d9ccb98eb03ab206a67d0" prot="public" static="no">
        <name>CH_NOIDB</name>
        <initializer>0x00000040</initializer>
        <briefdescription>
<para>use the chooser before opening the database </para>        </briefdescription>
        <detaileddescription>
        </detaileddescription>
        <inbodydescription>
        </inbodydescription>
        <location file="obj/x64_linux_gcc_32_opt/idasdk/kernwin.hpp" line="2186" column="9" bodyfile="obj/x64_linux_gcc_32_opt/idasdk/kernwin.hpp" bodystart="2186" bodyend="-1"/>
      </memberdef>
      <memberdef kind="define" id="group___c_h___1ga5f7ea24f7a031cac19a856f4859c9f0b" prot="public" static="no">
        <name>CH_FORCE_DEFAULT</name>
        <initializer>0x00000080</initializer>
        <briefdescription>
        </briefdescription>
        <detaileddescription>
<para>if a non-modal chooser was already open, change selection to the default one </para>        </detaileddescription>
        <inbodydescription>
        </inbodydescription>
        <location file="obj/x64_linux_gcc_32_opt/idasdk/kernwin.hpp" line="2189" column="9" bodyfile="obj/x64_linux_gcc_32_opt/idasdk/kernwin.hpp" bodystart="2189" bodyend="-1"/>
      </memberdef>
      <memberdef kind="define" id="group___c_h___1ga62f7fbc195fef741214eac449a3021c9" prot="public" static="no">
        <name>CH_CAN_INS</name>
        <initializer>0x00000100</initializer>
        <briefdescription>
<para>allow to insert new items </para>        </briefdescription>
        <detaileddescription>
        </detaileddescription>
        <inbodydescription>
        </inbodydescription>
        <location file="obj/x64_linux_gcc_32_opt/idasdk/kernwin.hpp" line="2191" column="9" bodyfile="obj/x64_linux_gcc_32_opt/idasdk/kernwin.hpp" bodystart="2191" bodyend="-1"/>
      </memberdef>
      <memberdef kind="define" id="group___c_h___1gadd8265aaafdb0168c04d7a4b6db5e5df" prot="public" static="no">
        <name>CH_CAN_DEL</name>
        <initializer>0x00000200</initializer>
        <briefdescription>
<para>allow to delete existing item(s) </para>        </briefdescription>
        <detaileddescription>
        </detaileddescription>
        <inbodydescription>
        </inbodydescription>
        <location file="obj/x64_linux_gcc_32_opt/idasdk/kernwin.hpp" line="2193" column="9" bodyfile="obj/x64_linux_gcc_32_opt/idasdk/kernwin.hpp" bodystart="2193" bodyend="-1"/>
      </memberdef>
      <memberdef kind="define" id="group___c_h___1gae42dc8dec30e86cee81fbf3080d10d48" prot="public" static="no">
        <name>CH_CAN_EDIT</name>
        <initializer>0x00000400</initializer>
        <briefdescription>
<para>allow to edit existing item(s) </para>        </briefdescription>
        <detaileddescription>
        </detaileddescription>
        <inbodydescription>
        </inbodydescription>
        <location file="obj/x64_linux_gcc_32_opt/idasdk/kernwin.hpp" line="2195" column="9" bodyfile="obj/x64_linux_gcc_32_opt/idasdk/kernwin.hpp" bodystart="2195" bodyend="-1"/>
      </memberdef>
      <memberdef kind="define" id="group___c_h___1gae949484987610e62f2723b05fa02ca08" prot="public" static="no">
        <name>CH_CAN_REFRESH</name>
        <initializer>0x00000800</initializer>
        <briefdescription>
<para>allow to refresh chooser </para>        </briefdescription>
        <detaileddescription>
        </detaileddescription>
        <inbodydescription>
        </inbodydescription>
        <location file="obj/x64_linux_gcc_32_opt/idasdk/kernwin.hpp" line="2197" column="9" bodyfile="obj/x64_linux_gcc_32_opt/idasdk/kernwin.hpp" bodystart="2197" bodyend="-1"/>
      </memberdef>
      <memberdef kind="define" id="group___c_h___1ga2ff67f6acbd476f28ca2c4b587480221" prot="public" static="no">
        <name>CH_QFLT</name>
        <initializer>0x00001000</initializer>
        <briefdescription>
<para>open with quick filter enabled and focused </para>        </briefdescription>
        <detaileddescription>
        </detaileddescription>
        <inbodydescription>
        </inbodydescription>
        <location file="obj/x64_linux_gcc_32_opt/idasdk/kernwin.hpp" line="2200" column="9" bodyfile="obj/x64_linux_gcc_32_opt/idasdk/kernwin.hpp" bodystart="2200" bodyend="-1"/>
      </memberdef>
      <memberdef kind="define" id="group___c_h___1ga0d8af5e0705fe4ee0407cd1b1ceaca43" prot="public" static="no">
        <name>CH_QFTYP_SHIFT</name>
        <initializer>13</initializer>
        <briefdescription>
        </briefdescription>
        <detaileddescription>
        </detaileddescription>
        <inbodydescription>
        </inbodydescription>
        <location file="obj/x64_linux_gcc_32_opt/idasdk/kernwin.hpp" line="2201" column="9" bodyfile="obj/x64_linux_gcc_32_opt/idasdk/kernwin.hpp" bodystart="2201" bodyend="-1"/>
      </memberdef>
      <memberdef kind="define" id="group___c_h___1ga3dabe055f198551faa57f3e961f83836" prot="public" static="no">
        <name>CH_QFTYP_DEFAULT</name>
        <initializer>0</initializer>
        <briefdescription>
<para>set quick filtering type to the possible existing default for this chooser </para>        </briefdescription>
        <detaileddescription>
        </detaileddescription>
        <inbodydescription>
        </inbodydescription>
        <location file="obj/x64_linux_gcc_32_opt/idasdk/kernwin.hpp" line="2202" column="9" bodyfile="obj/x64_linux_gcc_32_opt/idasdk/kernwin.hpp" bodystart="2202" bodyend="-1"/>
      </memberdef>
      <memberdef kind="define" id="group___c_h___1ga726a488b48202a814575c795696fa1e7" prot="public" static="no">
        <name>CH_QFTYP_NORMAL</name>
        <initializer>(1 &lt;&lt; CH_QFTYP_SHIFT)</initializer>
        <briefdescription>
<para>normal (i.e., lexicographical) quick filter type </para>        </briefdescription>
        <detaileddescription>
        </detaileddescription>
        <inbodydescription>
        </inbodydescription>
        <location file="obj/x64_linux_gcc_32_opt/idasdk/kernwin.hpp" line="2203" column="9" bodyfile="obj/x64_linux_gcc_32_opt/idasdk/kernwin.hpp" bodystart="2203" bodyend="-1"/>
      </memberdef>
      <memberdef kind="define" id="group___c_h___1ga17fea3be2f2a12177a8a2aaeb3c5eef6" prot="public" static="no">
        <name>CH_QFTYP_WHOLE_WORDS</name>
        <initializer>(2 &lt;&lt; CH_QFTYP_SHIFT)</initializer>
        <briefdescription>
<para>whole words quick filter type </para>        </briefdescription>
        <detaileddescription>
        </detaileddescription>
        <inbodydescription>
        </inbodydescription>
        <location file="obj/x64_linux_gcc_32_opt/idasdk/kernwin.hpp" line="2204" column="9" bodyfile="obj/x64_linux_gcc_32_opt/idasdk/kernwin.hpp" bodystart="2204" bodyend="-1"/>
      </memberdef>
      <memberdef kind="define" id="group___c_h___1gae2d15458c2e4831e11cb44339b20b8f2" prot="public" static="no">
        <name>CH_QFTYP_REGEX</name>
        <initializer>(3 &lt;&lt; CH_QFTYP_SHIFT)</initializer>
        <briefdescription>
<para>regex quick filter type </para>        </briefdescription>
        <detaileddescription>
        </detaileddescription>
        <inbodydescription>
        </inbodydescription>
        <location file="obj/x64_linux_gcc_32_opt/idasdk/kernwin.hpp" line="2205" column="9" bodyfile="obj/x64_linux_gcc_32_opt/idasdk/kernwin.hpp" bodystart="2205" bodyend="-1"/>
      </memberdef>
      <memberdef kind="define" id="group___c_h___1gac2ae4787227ed37e154cbd698db622dd" prot="public" static="no">
        <name>CH_QFTYP_FUZZY</name>
        <initializer>(4 &lt;&lt; CH_QFTYP_SHIFT)</initializer>
        <briefdescription>
<para>fuzzy search quick filter type </para>        </briefdescription>
        <detaileddescription>
        </detaileddescription>
        <inbodydescription>
        </inbodydescription>
        <location file="obj/x64_linux_gcc_32_opt/idasdk/kernwin.hpp" line="2206" column="9" bodyfile="obj/x64_linux_gcc_32_opt/idasdk/kernwin.hpp" bodystart="2206" bodyend="-1"/>
      </memberdef>
      <memberdef kind="define" id="group___c_h___1ga1a9ffd34eef054a912cce0a3149bdba3" prot="public" static="no">
        <name>CH_QFTYP_MASK</name>
        <initializer>(0x7 &lt;&lt; CH_QFTYP_SHIFT)</initializer>
        <briefdescription>
        </briefdescription>
        <detaileddescription>
        </detaileddescription>
        <inbodydescription>
        </inbodydescription>
        <location file="obj/x64_linux_gcc_32_opt/idasdk/kernwin.hpp" line="2207" column="9" bodyfile="obj/x64_linux_gcc_32_opt/idasdk/kernwin.hpp" bodystart="2207" bodyend="-1"/>
      </memberdef>
      <memberdef kind="define" id="group___c_h___1ga9175941e28dcb5f81f4c68450abd0b4b" prot="public" static="no">
        <name>CH_BUILTIN_SHIFT</name>
        <initializer>19</initializer>
        <briefdescription>
        </briefdescription>
        <detaileddescription>
        </detaileddescription>
        <inbodydescription>
        </inbodydescription>
        <location file="obj/x64_linux_gcc_32_opt/idasdk/kernwin.hpp" line="2212" column="9" bodyfile="obj/x64_linux_gcc_32_opt/idasdk/kernwin.hpp" bodystart="2212" bodyend="-1"/>
      </memberdef>
      <memberdef kind="define" id="group___c_h___1ga46c1588c4fa769266ca2e355ace0c625" prot="public" static="no">
        <name>CH_BUILTIN</name>
        <param><defname>id</defname></param>
        <initializer>((id+1) &lt;&lt; CH_BUILTIN_SHIFT)</initializer>
        <briefdescription>
        </briefdescription>
        <detaileddescription>
        </detaileddescription>
        <inbodydescription>
        </inbodydescription>
        <location file="obj/x64_linux_gcc_32_opt/idasdk/kernwin.hpp" line="2213" column="9" bodyfile="obj/x64_linux_gcc_32_opt/idasdk/kernwin.hpp" bodystart="2213" bodyend="-1"/>
      </memberdef>
      <memberdef kind="define" id="group___c_h___1ga1238746c85137ef6e89c9e87a65bb31f" prot="public" static="no">
        <name>CH_BUILTIN_MASK</name>
        <initializer>(0x1F &lt;&lt; CH_BUILTIN_SHIFT)</initializer>
        <briefdescription>
<para>Mask for builtin chooser numbers. Plugins should not use them. </para>        </briefdescription>
        <detaileddescription>
        </detaileddescription>
        <inbodydescription>
        </inbodydescription>
        <location file="obj/x64_linux_gcc_32_opt/idasdk/kernwin.hpp" line="2215" column="9" bodyfile="obj/x64_linux_gcc_32_opt/idasdk/kernwin.hpp" bodystart="2215" bodyend="-1"/>
      </memberdef>
      </sectiondef>
    <briefdescription>
    </briefdescription>
    <detaileddescription>
<para>used as &apos;<ref refid="structchooser__base__t_1a8f07ecd9380abf95304d73b76e7f2703" kindref="member">chooser_base_t::flags</ref>&apos; </para>    </detaileddescription>
  </compounddef>
</doxygen>
