<?xml version='1.0' encoding='UTF-8' standalone='no'?>
<doxygen xmlns:xsi="http://www.w3.org/2001/XMLSchema-instance" xsi:noNamespaceSchemaLocation="compound.xsd" version="1.9.3" xml:lang="en-US">
  <compounddef id="group__named__types" kind="group">
    <compoundname>named_types</compoundname>
    <title>Named types</title>
    <briefdescription>
    </briefdescription>
    <detaileddescription>
<para>functions to work with named types </para>
    </detaileddescription>
  </compounddef>
</doxygen>
