<?xml version='1.0' encoding='UTF-8' standalone='no'?>
<doxygen xmlns:xsi="http://www.w3.org/2001/XMLSchema-instance" xsi:noNamespaceSchemaLocation="compound.xsd" version="1.9.3" xml:lang="en-US">
  <compounddef id="group___i_w_i_d__" kind="group">
    <compoundname>IWID_</compoundname>
    <title>Window refresh flags</title>
      <sectiondef kind="define">
      <memberdef kind="define" id="group___i_w_i_d___1ga3cee3d1d82ea5d5a5591abfaebfe3ed3" prot="public" static="no">
        <name>IWID_EXPORTS</name>
        <initializer>(1ULL &lt;&lt; <ref refid="group___b_w_n___1ga00e0b0613d6ae816a62a2c89d6d56c2a" kindref="member">BWN_EXPORTS</ref>      )</initializer>
        <briefdescription>
<para>exports (0) </para>
        </briefdescription>
        <detaileddescription>
        </detaileddescription>
        <inbodydescription>
        </inbodydescription>
        <location file="obj/x64_linux_gcc_32_opt_pro/idasdk/kernwin.hpp" line="2652" column="9" bodyfile="obj/x64_linux_gcc_32_opt_pro/idasdk/kernwin.hpp" bodystart="2652" bodyend="-1"/>
      </memberdef>
      <memberdef kind="define" id="group___i_w_i_d___1ga40b95417ef38916a4b3eeb5db0caae2a" prot="public" static="no">
        <name>IWID_IMPORTS</name>
        <initializer>(1ULL &lt;&lt; <ref refid="group___b_w_n___1ga995618eb695b01635221ccf9c60f3f15" kindref="member">BWN_IMPORTS</ref>      )</initializer>
        <briefdescription>
<para>imports (1) </para>
        </briefdescription>
        <detaileddescription>
        </detaileddescription>
        <inbodydescription>
        </inbodydescription>
        <location file="obj/x64_linux_gcc_32_opt_pro/idasdk/kernwin.hpp" line="2653" column="9" bodyfile="obj/x64_linux_gcc_32_opt_pro/idasdk/kernwin.hpp" bodystart="2653" bodyend="-1"/>
      </memberdef>
      <memberdef kind="define" id="group___i_w_i_d___1ga48cfbd434bf4e7b2af2a1e5a9e1dc8e3" prot="public" static="no">
        <name>IWID_NAMES</name>
        <initializer>(1ULL &lt;&lt; <ref refid="group___b_w_n___1gade4e9f41c23263fe2a308436a19e29c6" kindref="member">BWN_NAMES</ref>        )</initializer>
        <briefdescription>
<para>names (2) </para>
        </briefdescription>
        <detaileddescription>
        </detaileddescription>
        <inbodydescription>
        </inbodydescription>
        <location file="obj/x64_linux_gcc_32_opt_pro/idasdk/kernwin.hpp" line="2654" column="9" bodyfile="obj/x64_linux_gcc_32_opt_pro/idasdk/kernwin.hpp" bodystart="2654" bodyend="-1"/>
      </memberdef>
      <memberdef kind="define" id="group___i_w_i_d___1gaa140d1c0e0b62769dd17fffce62ec4e6" prot="public" static="no">
        <name>IWID_FUNCS</name>
        <initializer>(1ULL &lt;&lt; <ref refid="group___b_w_n___1gaf03baa030d90ed48d6bef8948ac22517" kindref="member">BWN_FUNCS</ref>        )</initializer>
        <briefdescription>
<para>functions (3) </para>
        </briefdescription>
        <detaileddescription>
        </detaileddescription>
        <inbodydescription>
        </inbodydescription>
        <location file="obj/x64_linux_gcc_32_opt_pro/idasdk/kernwin.hpp" line="2655" column="9" bodyfile="obj/x64_linux_gcc_32_opt_pro/idasdk/kernwin.hpp" bodystart="2655" bodyend="-1"/>
      </memberdef>
      <memberdef kind="define" id="group___i_w_i_d___1gaba87988c82d50ba2cfcfb4fd0f16851d" prot="public" static="no">
        <name>IWID_STRINGS</name>
        <initializer>(1ULL &lt;&lt; <ref refid="group___b_w_n___1gaed5c02416d4f0a071a253f69e22ea9b4" kindref="member">BWN_STRINGS</ref>      )</initializer>
        <briefdescription>
<para>strings (4) </para>
        </briefdescription>
        <detaileddescription>
        </detaileddescription>
        <inbodydescription>
        </inbodydescription>
        <location file="obj/x64_linux_gcc_32_opt_pro/idasdk/kernwin.hpp" line="2656" column="9" bodyfile="obj/x64_linux_gcc_32_opt_pro/idasdk/kernwin.hpp" bodystart="2656" bodyend="-1"/>
      </memberdef>
      <memberdef kind="define" id="group___i_w_i_d___1gac327fecd3c8e717fa76e043191540064" prot="public" static="no">
        <name>IWID_SEGS</name>
        <initializer>(1ULL &lt;&lt; <ref refid="group___b_w_n___1gab166b93a84b02ccf3eaa57d55501ae50" kindref="member">BWN_SEGS</ref>         )</initializer>
        <briefdescription>
<para>segments (5) </para>
        </briefdescription>
        <detaileddescription>
        </detaileddescription>
        <inbodydescription>
        </inbodydescription>
        <location file="obj/x64_linux_gcc_32_opt_pro/idasdk/kernwin.hpp" line="2657" column="9" bodyfile="obj/x64_linux_gcc_32_opt_pro/idasdk/kernwin.hpp" bodystart="2657" bodyend="-1"/>
      </memberdef>
      <memberdef kind="define" id="group___i_w_i_d___1ga9e9756261bf505ce8a6e076f3f14043a" prot="public" static="no">
        <name>IWID_SEGREGS</name>
        <initializer>(1ULL &lt;&lt; <ref refid="group___b_w_n___1ga3113f254e9f628bc9adb11e4df0e647b" kindref="member">BWN_SEGREGS</ref>      )</initializer>
        <briefdescription>
<para>segment registers (6) </para>
        </briefdescription>
        <detaileddescription>
        </detaileddescription>
        <inbodydescription>
        </inbodydescription>
        <location file="obj/x64_linux_gcc_32_opt_pro/idasdk/kernwin.hpp" line="2658" column="9" bodyfile="obj/x64_linux_gcc_32_opt_pro/idasdk/kernwin.hpp" bodystart="2658" bodyend="-1"/>
      </memberdef>
      <memberdef kind="define" id="group___i_w_i_d___1gac026a6cb0d537bab8f632f3d7ca42a74" prot="public" static="no">
        <name>IWID_SELS</name>
        <initializer>(1ULL &lt;&lt; <ref refid="group___b_w_n___1gabb3f753fc19dbb7fba8a7f04327ab59c" kindref="member">BWN_SELS</ref>         )</initializer>
        <briefdescription>
<para>selectors (7) </para>
        </briefdescription>
        <detaileddescription>
        </detaileddescription>
        <inbodydescription>
        </inbodydescription>
        <location file="obj/x64_linux_gcc_32_opt_pro/idasdk/kernwin.hpp" line="2659" column="9" bodyfile="obj/x64_linux_gcc_32_opt_pro/idasdk/kernwin.hpp" bodystart="2659" bodyend="-1"/>
      </memberdef>
      <memberdef kind="define" id="group___i_w_i_d___1ga3ee9c99bb4a8413d1334238ab76f0f03" prot="public" static="no">
        <name>IWID_SIGNS</name>
        <initializer>(1ULL &lt;&lt; <ref refid="group___b_w_n___1ga3fc497a7c36e4fcae042cad84b2ce52b" kindref="member">BWN_SIGNS</ref>        )</initializer>
        <briefdescription>
<para>signatures (8) </para>
        </briefdescription>
        <detaileddescription>
        </detaileddescription>
        <inbodydescription>
        </inbodydescription>
        <location file="obj/x64_linux_gcc_32_opt_pro/idasdk/kernwin.hpp" line="2660" column="9" bodyfile="obj/x64_linux_gcc_32_opt_pro/idasdk/kernwin.hpp" bodystart="2660" bodyend="-1"/>
      </memberdef>
      <memberdef kind="define" id="group___i_w_i_d___1ga0a5edd6347befecd7a94899219080a90" prot="public" static="no">
        <name>IWID_TILS</name>
        <initializer>(1ULL &lt;&lt; <ref refid="group___b_w_n___1gacba9ef77e1dc81ab76ba6e67c440b532" kindref="member">BWN_TILS</ref>         )</initializer>
        <briefdescription>
<para>type libraries (9) </para>
        </briefdescription>
        <detaileddescription>
        </detaileddescription>
        <inbodydescription>
        </inbodydescription>
        <location file="obj/x64_linux_gcc_32_opt_pro/idasdk/kernwin.hpp" line="2661" column="9" bodyfile="obj/x64_linux_gcc_32_opt_pro/idasdk/kernwin.hpp" bodystart="2661" bodyend="-1"/>
      </memberdef>
      <memberdef kind="define" id="group___i_w_i_d___1ga52a7c9e5a70b7a941b00f959249b96ea" prot="public" static="no">
        <name>IWID_LOCTYPS</name>
        <initializer>(1ULL &lt;&lt; <ref refid="group___b_w_n___1gac2f2c6a46c6e1b14a9804da087b9414e" kindref="member">BWN_LOCTYPS</ref>      )</initializer>
        <briefdescription>
<para>local types (10) </para>
        </briefdescription>
        <detaileddescription>
        </detaileddescription>
        <inbodydescription>
        </inbodydescription>
        <location file="obj/x64_linux_gcc_32_opt_pro/idasdk/kernwin.hpp" line="2662" column="9" bodyfile="obj/x64_linux_gcc_32_opt_pro/idasdk/kernwin.hpp" bodystart="2662" bodyend="-1"/>
      </memberdef>
      <memberdef kind="define" id="group___i_w_i_d___1gac19760f8ccfea1c70bb7b7ffba7e01a2" prot="public" static="no">
        <name>IWID_CALLS</name>
        <initializer>(1ULL &lt;&lt; <ref refid="group___b_w_n___1ga2ac8927ce36d7268458d92af5dd170b8" kindref="member">BWN_CALLS</ref>        )</initializer>
        <briefdescription>
<para>function calls (11) </para>
        </briefdescription>
        <detaileddescription>
        </detaileddescription>
        <inbodydescription>
        </inbodydescription>
        <location file="obj/x64_linux_gcc_32_opt_pro/idasdk/kernwin.hpp" line="2663" column="9" bodyfile="obj/x64_linux_gcc_32_opt_pro/idasdk/kernwin.hpp" bodystart="2663" bodyend="-1"/>
      </memberdef>
      <memberdef kind="define" id="group___i_w_i_d___1ga8de531afea0729af19b536aaf0e0f6c3" prot="public" static="no">
        <name>IWID_PROBS</name>
        <initializer>(1ULL &lt;&lt; <ref refid="group___b_w_n___1gacd9c6dca8e0523b9c56143143502b2f9" kindref="member">BWN_PROBS</ref>        )</initializer>
        <briefdescription>
<para>problems (12) </para>
        </briefdescription>
        <detaileddescription>
        </detaileddescription>
        <inbodydescription>
        </inbodydescription>
        <location file="obj/x64_linux_gcc_32_opt_pro/idasdk/kernwin.hpp" line="2664" column="9" bodyfile="obj/x64_linux_gcc_32_opt_pro/idasdk/kernwin.hpp" bodystart="2664" bodyend="-1"/>
      </memberdef>
      <memberdef kind="define" id="group___i_w_i_d___1ga1daac08bb7aac1f8e8fb8cd60e994b52" prot="public" static="no">
        <name>IWID_BPTS</name>
        <initializer>(1ULL &lt;&lt; <ref refid="group___b_w_n___1ga61d1d3ca8ce31c0514df4f9a1e5f881a" kindref="member">BWN_BPTS</ref>         )</initializer>
        <briefdescription>
<para>breakpoints (13) </para>
        </briefdescription>
        <detaileddescription>
        </detaileddescription>
        <inbodydescription>
        </inbodydescription>
        <location file="obj/x64_linux_gcc_32_opt_pro/idasdk/kernwin.hpp" line="2665" column="9" bodyfile="obj/x64_linux_gcc_32_opt_pro/idasdk/kernwin.hpp" bodystart="2665" bodyend="-1"/>
      </memberdef>
      <memberdef kind="define" id="group___i_w_i_d___1ga7e17af28d7f47bc446e94f2e84c3530b" prot="public" static="no">
        <name>IWID_THREADS</name>
        <initializer>(1ULL &lt;&lt; <ref refid="group___b_w_n___1ga8928bd6f78cb17f2399052de132eee7b" kindref="member">BWN_THREADS</ref>      )</initializer>
        <briefdescription>
<para>threads (14) </para>
        </briefdescription>
        <detaileddescription>
        </detaileddescription>
        <inbodydescription>
        </inbodydescription>
        <location file="obj/x64_linux_gcc_32_opt_pro/idasdk/kernwin.hpp" line="2666" column="9" bodyfile="obj/x64_linux_gcc_32_opt_pro/idasdk/kernwin.hpp" bodystart="2666" bodyend="-1"/>
      </memberdef>
      <memberdef kind="define" id="group___i_w_i_d___1ga9bf26e055c24a0d6ff8d0b9c96765fcb" prot="public" static="no">
        <name>IWID_MODULES</name>
        <initializer>(1ULL &lt;&lt; <ref refid="group___b_w_n___1ga1b2d8d5c61d44c90b4e3197804cb2221" kindref="member">BWN_MODULES</ref>      )</initializer>
        <briefdescription>
<para>modules (15) </para>
        </briefdescription>
        <detaileddescription>
        </detaileddescription>
        <inbodydescription>
        </inbodydescription>
        <location file="obj/x64_linux_gcc_32_opt_pro/idasdk/kernwin.hpp" line="2667" column="9" bodyfile="obj/x64_linux_gcc_32_opt_pro/idasdk/kernwin.hpp" bodystart="2667" bodyend="-1"/>
      </memberdef>
      <memberdef kind="define" id="group___i_w_i_d___1gab225219690eb8937b0ff320dbf81bf73" prot="public" static="no">
        <name>IWID_TRACE</name>
        <initializer>(1ULL &lt;&lt; <ref refid="group___b_w_n___1ga1dea7f6cc7de359d7fa3e3e3157428d6" kindref="member">BWN_TRACE</ref>        )</initializer>
        <briefdescription>
<para>tracing view (16) </para>
        </briefdescription>
        <detaileddescription>
        </detaileddescription>
        <inbodydescription>
        </inbodydescription>
        <location file="obj/x64_linux_gcc_32_opt_pro/idasdk/kernwin.hpp" line="2668" column="9" bodyfile="obj/x64_linux_gcc_32_opt_pro/idasdk/kernwin.hpp" bodystart="2668" bodyend="-1"/>
      </memberdef>
      <memberdef kind="define" id="group___i_w_i_d___1ga37791a77fb354055ab1d5796ab9792ad" prot="public" static="no">
        <name>IWID_CALL_STACK</name>
        <initializer>(1ULL &lt;&lt; <ref refid="group___b_w_n___1ga0c330db82517a02d8039fef692fa3da3" kindref="member">BWN_CALL_STACK</ref>   )</initializer>
        <briefdescription>
<para>call stack (17) </para>
        </briefdescription>
        <detaileddescription>
        </detaileddescription>
        <inbodydescription>
        </inbodydescription>
        <location file="obj/x64_linux_gcc_32_opt_pro/idasdk/kernwin.hpp" line="2669" column="9" bodyfile="obj/x64_linux_gcc_32_opt_pro/idasdk/kernwin.hpp" bodystart="2669" bodyend="-1"/>
      </memberdef>
      <memberdef kind="define" id="group___i_w_i_d___1gaf7439b8e7f624a575ce68fb9b2ead5a2" prot="public" static="no">
        <name>IWID_XREFS</name>
        <initializer>(1ULL &lt;&lt; <ref refid="group___b_w_n___1gad79a98063f3aeab5ac960f2f166a4584" kindref="member">BWN_XREFS</ref>        )</initializer>
        <briefdescription>
<para>xrefs (18) </para>
        </briefdescription>
        <detaileddescription>
        </detaileddescription>
        <inbodydescription>
        </inbodydescription>
        <location file="obj/x64_linux_gcc_32_opt_pro/idasdk/kernwin.hpp" line="2670" column="9" bodyfile="obj/x64_linux_gcc_32_opt_pro/idasdk/kernwin.hpp" bodystart="2670" bodyend="-1"/>
      </memberdef>
      <memberdef kind="define" id="group___i_w_i_d___1gac26af6baf5b92d41af8aeb81318dc320" prot="public" static="no">
        <name>IWID_SEARCH</name>
        <initializer>(1ULL &lt;&lt; <ref refid="group___b_w_n___1gac816df26b8277ae3428174581e4c35a6" kindref="member">BWN_SEARCH</ref>       )</initializer>
        <briefdescription>
<para>search results (19) </para>
        </briefdescription>
        <detaileddescription>
        </detaileddescription>
        <inbodydescription>
        </inbodydescription>
        <location file="obj/x64_linux_gcc_32_opt_pro/idasdk/kernwin.hpp" line="2671" column="9" bodyfile="obj/x64_linux_gcc_32_opt_pro/idasdk/kernwin.hpp" bodystart="2671" bodyend="-1"/>
      </memberdef>
      <memberdef kind="define" id="group___i_w_i_d___1ga036e125321afeaf7862564d4b49d33bd" prot="public" static="no">
        <name>IWID_FRAME</name>
        <initializer>(1ULL &lt;&lt; <ref refid="group___b_w_n___1ga556f5fe9fc67694bf69e668b475e42a8" kindref="member">BWN_FRAME</ref>        )</initializer>
        <briefdescription>
<para>function frame (25) </para>
        </briefdescription>
        <detaileddescription>
        </detaileddescription>
        <inbodydescription>
        </inbodydescription>
        <location file="obj/x64_linux_gcc_32_opt_pro/idasdk/kernwin.hpp" line="2672" column="9" bodyfile="obj/x64_linux_gcc_32_opt_pro/idasdk/kernwin.hpp" bodystart="2672" bodyend="-1"/>
      </memberdef>
      <memberdef kind="define" id="group___i_w_i_d___1ga8ca95c2532ff38410908a478864b4769" prot="public" static="no">
        <name>IWID_NAVBAND</name>
        <initializer>(1ULL &lt;&lt; <ref refid="group___b_w_n___1ga05d45e050697c0e13adb13c7190fa625" kindref="member">BWN_NAVBAND</ref>      )</initializer>
        <briefdescription>
<para>navigation band (26) </para>
        </briefdescription>
        <detaileddescription>
        </detaileddescription>
        <inbodydescription>
        </inbodydescription>
        <location file="obj/x64_linux_gcc_32_opt_pro/idasdk/kernwin.hpp" line="2673" column="9" bodyfile="obj/x64_linux_gcc_32_opt_pro/idasdk/kernwin.hpp" bodystart="2673" bodyend="-1"/>
      </memberdef>
      <memberdef kind="define" id="group___i_w_i_d___1ga8321b24b0f990924e91d333572135bce" prot="public" static="no">
        <name>IWID_ENUMS</name>
        <initializer>(1ULL &lt;&lt; <ref refid="group___b_w_n___1ga481d03dc2cc436709bc96aee6a3b688f" kindref="member">BWN_ENUMS</ref>        )</initializer>
        <briefdescription>
<para>enumerations (27) </para>
        </briefdescription>
        <detaileddescription>
        </detaileddescription>
        <inbodydescription>
        </inbodydescription>
        <location file="obj/x64_linux_gcc_32_opt_pro/idasdk/kernwin.hpp" line="2674" column="9" bodyfile="obj/x64_linux_gcc_32_opt_pro/idasdk/kernwin.hpp" bodystart="2674" bodyend="-1"/>
      </memberdef>
      <memberdef kind="define" id="group___i_w_i_d___1ga3ba80a819cb09d788813e47c5287ac5d" prot="public" static="no">
        <name>IWID_STRUCTS</name>
        <initializer>(1ULL &lt;&lt; <ref refid="group___b_w_n___1ga60c0de72bcd7f4c9c960d2f7cfc57b74" kindref="member">BWN_STRUCTS</ref>      )</initializer>
        <briefdescription>
<para>structures (28) </para>
        </briefdescription>
        <detaileddescription>
        </detaileddescription>
        <inbodydescription>
        </inbodydescription>
        <location file="obj/x64_linux_gcc_32_opt_pro/idasdk/kernwin.hpp" line="2675" column="9" bodyfile="obj/x64_linux_gcc_32_opt_pro/idasdk/kernwin.hpp" bodystart="2675" bodyend="-1"/>
      </memberdef>
      <memberdef kind="define" id="group___i_w_i_d___1ga591a89b7559093f8ec472f9d14f5f0fc" prot="public" static="no">
        <name>IWID_DISASM</name>
        <initializer>(1ULL &lt;&lt; <ref refid="group___b_w_n___1gad74c8462b04c39534b3d2d84397eede8" kindref="member">BWN_DISASM</ref>       )</initializer>
        <briefdescription>
<para>disassembly views (29) </para>
        </briefdescription>
        <detaileddescription>
        </detaileddescription>
        <inbodydescription>
        </inbodydescription>
        <location file="obj/x64_linux_gcc_32_opt_pro/idasdk/kernwin.hpp" line="2676" column="9" bodyfile="obj/x64_linux_gcc_32_opt_pro/idasdk/kernwin.hpp" bodystart="2676" bodyend="-1"/>
      </memberdef>
      <memberdef kind="define" id="group___i_w_i_d___1ga3ffad34ccccf5ded04a4f4cb955d5c95" prot="public" static="no">
        <name>IWID_DUMP</name>
        <initializer>(1ULL &lt;&lt; <ref refid="group___b_w_n___1gac77b5e691b031a57977ef9b3dae3f651" kindref="member">BWN_DUMP</ref>         )</initializer>
        <briefdescription>
<para>hex dumps (30) </para>
        </briefdescription>
        <detaileddescription>
        </detaileddescription>
        <inbodydescription>
        </inbodydescription>
        <location file="obj/x64_linux_gcc_32_opt_pro/idasdk/kernwin.hpp" line="2677" column="9" bodyfile="obj/x64_linux_gcc_32_opt_pro/idasdk/kernwin.hpp" bodystart="2677" bodyend="-1"/>
      </memberdef>
      <memberdef kind="define" id="group___i_w_i_d___1ga9f2bcd10245e534349e4a0e6642ddfe5" prot="public" static="no">
        <name>IWID_NOTEPAD</name>
        <initializer>(1ULL &lt;&lt; <ref refid="group___b_w_n___1ga5f700a35e3c92fda1530805969c6705e" kindref="member">BWN_NOTEPAD</ref>      )</initializer>
        <briefdescription>
<para>notepad (31) </para>
        </briefdescription>
        <detaileddescription>
        </detaileddescription>
        <inbodydescription>
        </inbodydescription>
        <location file="obj/x64_linux_gcc_32_opt_pro/idasdk/kernwin.hpp" line="2678" column="9" bodyfile="obj/x64_linux_gcc_32_opt_pro/idasdk/kernwin.hpp" bodystart="2678" bodyend="-1"/>
      </memberdef>
      <memberdef kind="define" id="group___i_w_i_d___1ga220c305fbcf36961aac9a1a935803fd8" prot="public" static="no">
        <name>IWID_OUTPUT</name>
        <initializer>(1ULL &lt;&lt; <ref refid="group___b_w_n___1ga4a79cf5216aba67d269fb23ba9c4cabd" kindref="member">BWN_OUTPUT</ref>       )</initializer>
        <briefdescription>
<para>output (32) </para>
        </briefdescription>
        <detaileddescription>
        </detaileddescription>
        <inbodydescription>
        </inbodydescription>
        <location file="obj/x64_linux_gcc_32_opt_pro/idasdk/kernwin.hpp" line="2679" column="9" bodyfile="obj/x64_linux_gcc_32_opt_pro/idasdk/kernwin.hpp" bodystart="2679" bodyend="-1"/>
      </memberdef>
      <memberdef kind="define" id="group___i_w_i_d___1ga13c00dd01ecf4a1ff79a83a0a5f371ed" prot="public" static="no">
        <name>IWID_CLI</name>
        <initializer>(1ULL &lt;&lt; <ref refid="group___b_w_n___1ga17aea9cb90e2f7fa0801696a2eea6bdd" kindref="member">BWN_CLI</ref>          )</initializer>
        <briefdescription>
<para>input line (33) </para>
        </briefdescription>
        <detaileddescription>
        </detaileddescription>
        <inbodydescription>
        </inbodydescription>
        <location file="obj/x64_linux_gcc_32_opt_pro/idasdk/kernwin.hpp" line="2680" column="9" bodyfile="obj/x64_linux_gcc_32_opt_pro/idasdk/kernwin.hpp" bodystart="2680" bodyend="-1"/>
      </memberdef>
      <memberdef kind="define" id="group___i_w_i_d___1ga875d080918058b5439781cd7d4f15260" prot="public" static="no">
        <name>IWID_WATCH</name>
        <initializer>(1ULL &lt;&lt; <ref refid="group___b_w_n___1gad52eb8b2ee7da229b337baa9792bfd01" kindref="member">BWN_WATCH</ref>        )</initializer>
        <briefdescription>
<para>watches (34) </para>
        </briefdescription>
        <detaileddescription>
        </detaileddescription>
        <inbodydescription>
        </inbodydescription>
        <location file="obj/x64_linux_gcc_32_opt_pro/idasdk/kernwin.hpp" line="2681" column="9" bodyfile="obj/x64_linux_gcc_32_opt_pro/idasdk/kernwin.hpp" bodystart="2681" bodyend="-1"/>
      </memberdef>
      <memberdef kind="define" id="group___i_w_i_d___1ga17553cc1ef18a80d6fd2cb67039540a0" prot="public" static="no">
        <name>IWID_LOCALS</name>
        <initializer>(1ULL &lt;&lt; <ref refid="group___b_w_n___1ga388f8cf4d532826fb0bf635633cdc851" kindref="member">BWN_LOCALS</ref>       )</initializer>
        <briefdescription>
<para>locals (35) </para>
        </briefdescription>
        <detaileddescription>
        </detaileddescription>
        <inbodydescription>
        </inbodydescription>
        <location file="obj/x64_linux_gcc_32_opt_pro/idasdk/kernwin.hpp" line="2682" column="9" bodyfile="obj/x64_linux_gcc_32_opt_pro/idasdk/kernwin.hpp" bodystart="2682" bodyend="-1"/>
      </memberdef>
      <memberdef kind="define" id="group___i_w_i_d___1ga1204a1941b6f5087a6c30a4793764420" prot="public" static="no">
        <name>IWID_STKVIEW</name>
        <initializer>(1ULL &lt;&lt; <ref refid="group___b_w_n___1ga268df1b930f3a992b543a9f8294e527d" kindref="member">BWN_STKVIEW</ref>      )</initializer>
        <briefdescription>
<para>stack view (36) </para>
        </briefdescription>
        <detaileddescription>
        </detaileddescription>
        <inbodydescription>
        </inbodydescription>
        <location file="obj/x64_linux_gcc_32_opt_pro/idasdk/kernwin.hpp" line="2683" column="9" bodyfile="obj/x64_linux_gcc_32_opt_pro/idasdk/kernwin.hpp" bodystart="2683" bodyend="-1"/>
      </memberdef>
      <memberdef kind="define" id="group___i_w_i_d___1ga84400f2de40633fb64682824542bc04d" prot="public" static="no">
        <name>IWID_CHOOSER</name>
        <initializer>(1ULL &lt;&lt; <ref refid="group___b_w_n___1ga483ba9ff08fa2acb26854d5e6d60f0e6" kindref="member">BWN_CHOOSER</ref>      )</initializer>
        <briefdescription>
<para>chooser (37) </para>
        </briefdescription>
        <detaileddescription>
        </detaileddescription>
        <inbodydescription>
        </inbodydescription>
        <location file="obj/x64_linux_gcc_32_opt_pro/idasdk/kernwin.hpp" line="2684" column="9" bodyfile="obj/x64_linux_gcc_32_opt_pro/idasdk/kernwin.hpp" bodystart="2684" bodyend="-1"/>
      </memberdef>
      <memberdef kind="define" id="group___i_w_i_d___1gacec072d8dbae3c931b226ed130c62e14" prot="public" static="no">
        <name>IWID_SHORTCUTCSR</name>
        <initializer>(1ULL &lt;&lt; <ref refid="group___b_w_n___1gadec46fb0e87e2f4dce60c64853d0aa09" kindref="member">BWN_SHORTCUTCSR</ref>  )</initializer>
        <briefdescription>
<para>shortcuts chooser (38) </para>
        </briefdescription>
        <detaileddescription>
        </detaileddescription>
        <inbodydescription>
        </inbodydescription>
        <location file="obj/x64_linux_gcc_32_opt_pro/idasdk/kernwin.hpp" line="2685" column="9" bodyfile="obj/x64_linux_gcc_32_opt_pro/idasdk/kernwin.hpp" bodystart="2685" bodyend="-1"/>
      </memberdef>
      <memberdef kind="define" id="group___i_w_i_d___1ga8879de043b6952649e7ad898ae841f09" prot="public" static="no">
        <name>IWID_SHORTCUTWIN</name>
        <initializer>(1ULL &lt;&lt; <ref refid="group___b_w_n___1gaba3be18f45cdb9d8429fa06ce4bb5928" kindref="member">BWN_SHORTCUTWIN</ref>  )</initializer>
        <briefdescription>
<para>shortcuts window (39) </para>
        </briefdescription>
        <detaileddescription>
        </detaileddescription>
        <inbodydescription>
        </inbodydescription>
        <location file="obj/x64_linux_gcc_32_opt_pro/idasdk/kernwin.hpp" line="2686" column="9" bodyfile="obj/x64_linux_gcc_32_opt_pro/idasdk/kernwin.hpp" bodystart="2686" bodyend="-1"/>
      </memberdef>
      <memberdef kind="define" id="group___i_w_i_d___1ga922f7c1fc2d7063651e7348ba0c824d5" prot="public" static="no">
        <name>IWID_CPUREGS</name>
        <initializer>(1ULL &lt;&lt; <ref refid="group___b_w_n___1gaf9e213904884e602ccc113f364fbe88d" kindref="member">BWN_CPUREGS</ref>      )</initializer>
        <briefdescription>
<para>registers (40) </para>
        </briefdescription>
        <detaileddescription>
        </detaileddescription>
        <inbodydescription>
        </inbodydescription>
        <location file="obj/x64_linux_gcc_32_opt_pro/idasdk/kernwin.hpp" line="2687" column="9" bodyfile="obj/x64_linux_gcc_32_opt_pro/idasdk/kernwin.hpp" bodystart="2687" bodyend="-1"/>
      </memberdef>
      <memberdef kind="define" id="group___i_w_i_d___1ga51127f1e3438d32d71b8f57d22f9355d" prot="public" static="no">
        <name>IWID_SO_STRUCTS</name>
        <initializer>(1ULL &lt;&lt; <ref refid="group___b_w_n___1ga482553633a14ac0ef230827be3868dc2" kindref="member">BWN_SO_STRUCTS</ref>   )</initializer>
        <briefdescription>
<para>stroff (41) </para>
        </briefdescription>
        <detaileddescription>
        </detaileddescription>
        <inbodydescription>
        </inbodydescription>
        <location file="obj/x64_linux_gcc_32_opt_pro/idasdk/kernwin.hpp" line="2688" column="9" bodyfile="obj/x64_linux_gcc_32_opt_pro/idasdk/kernwin.hpp" bodystart="2688" bodyend="-1"/>
      </memberdef>
      <memberdef kind="define" id="group___i_w_i_d___1ga374fa529c6256cb5ff42ccc389ff5372" prot="public" static="no">
        <name>IWID_SO_OFFSETS</name>
        <initializer>(1ULL &lt;&lt; <ref refid="group___b_w_n___1gafe283123268f8961b3b76dcd518bc07e" kindref="member">BWN_SO_OFFSETS</ref>   )</initializer>
        <briefdescription>
<para>stroff (42) </para>
        </briefdescription>
        <detaileddescription>
        </detaileddescription>
        <inbodydescription>
        </inbodydescription>
        <location file="obj/x64_linux_gcc_32_opt_pro/idasdk/kernwin.hpp" line="2689" column="9" bodyfile="obj/x64_linux_gcc_32_opt_pro/idasdk/kernwin.hpp" bodystart="2689" bodyend="-1"/>
      </memberdef>
      <memberdef kind="define" id="group___i_w_i_d___1ga40be76b5c7d5d3a18aee6705f13ad4db" prot="public" static="no">
        <name>IWID_CMDPALCSR</name>
        <initializer>(1ULL &lt;&lt; <ref refid="group___b_w_n___1ga6b37820f0c88fc2df0c6737a2a144bbf" kindref="member">BWN_CMDPALCSR</ref>    )</initializer>
        <briefdescription>
<para>command palette (43) </para>
        </briefdescription>
        <detaileddescription>
        </detaileddescription>
        <inbodydescription>
        </inbodydescription>
        <location file="obj/x64_linux_gcc_32_opt_pro/idasdk/kernwin.hpp" line="2690" column="9" bodyfile="obj/x64_linux_gcc_32_opt_pro/idasdk/kernwin.hpp" bodystart="2690" bodyend="-1"/>
      </memberdef>
      <memberdef kind="define" id="group___i_w_i_d___1ga57cbde6bbdd8d623fde1db2305ddbdf6" prot="public" static="no">
        <name>IWID_CMDPALWIN</name>
        <initializer>(1ULL &lt;&lt; <ref refid="group___b_w_n___1gae29f72e60081f5cc5d25fc986108b9b8" kindref="member">BWN_CMDPALWIN</ref>    )</initializer>
        <briefdescription>
<para>command palette (44) </para>
        </briefdescription>
        <detaileddescription>
        </detaileddescription>
        <inbodydescription>
        </inbodydescription>
        <location file="obj/x64_linux_gcc_32_opt_pro/idasdk/kernwin.hpp" line="2691" column="9" bodyfile="obj/x64_linux_gcc_32_opt_pro/idasdk/kernwin.hpp" bodystart="2691" bodyend="-1"/>
      </memberdef>
      <memberdef kind="define" id="group___i_w_i_d___1gaf8294aa93523ab49fafb537e725bfa33" prot="public" static="no">
        <name>IWID_SNIPPETS</name>
        <initializer>(1ULL &lt;&lt; <ref refid="group___b_w_n___1gac4f1621f8ccee025fb78fe68a37a8db1" kindref="member">BWN_SNIPPETS</ref>     )</initializer>
        <briefdescription>
<para>snippets (45) </para>
        </briefdescription>
        <detaileddescription>
        </detaileddescription>
        <inbodydescription>
        </inbodydescription>
        <location file="obj/x64_linux_gcc_32_opt_pro/idasdk/kernwin.hpp" line="2692" column="9" bodyfile="obj/x64_linux_gcc_32_opt_pro/idasdk/kernwin.hpp" bodystart="2692" bodyend="-1"/>
      </memberdef>
      <memberdef kind="define" id="group___i_w_i_d___1ga392dbd82a77abb62a18af700e0144eb1" prot="public" static="no">
        <name>IWID_CUSTVIEW</name>
        <initializer>(1ULL &lt;&lt; <ref refid="group___b_w_n___1ga733e65fce4f79411307eef60c1db724f" kindref="member">BWN_CUSTVIEW</ref>     )</initializer>
        <briefdescription>
<para>custom viewers (46) </para>
        </briefdescription>
        <detaileddescription>
        </detaileddescription>
        <inbodydescription>
        </inbodydescription>
        <location file="obj/x64_linux_gcc_32_opt_pro/idasdk/kernwin.hpp" line="2693" column="9" bodyfile="obj/x64_linux_gcc_32_opt_pro/idasdk/kernwin.hpp" bodystart="2693" bodyend="-1"/>
      </memberdef>
      <memberdef kind="define" id="group___i_w_i_d___1gaacb92faddcb4f3052bf5c8b25690c79b" prot="public" static="no">
        <name>IWID_ADDRWATCH</name>
        <initializer>(1ULL &lt;&lt; <ref refid="group___b_w_n___1gabf06a034c540c6ff2b827b77ca3a45d5" kindref="member">BWN_ADDRWATCH</ref>    )</initializer>
        <briefdescription>
<para>address watches (47) </para>
        </briefdescription>
        <detaileddescription>
        </detaileddescription>
        <inbodydescription>
        </inbodydescription>
        <location file="obj/x64_linux_gcc_32_opt_pro/idasdk/kernwin.hpp" line="2694" column="9" bodyfile="obj/x64_linux_gcc_32_opt_pro/idasdk/kernwin.hpp" bodystart="2694" bodyend="-1"/>
      </memberdef>
      <memberdef kind="define" id="group___i_w_i_d___1ga08fabc5af66a4410be92decce2b2e204" prot="public" static="no">
        <name>IWID_PSEUDOCODE</name>
        <initializer>(1ULL &lt;&lt; <ref refid="group___b_w_n___1ga24a72c6f92f178eb703414d24093c92c" kindref="member">BWN_PSEUDOCODE</ref>   )</initializer>
        <briefdescription>
<para>decompiler (48) </para>
        </briefdescription>
        <detaileddescription>
        </detaileddescription>
        <inbodydescription>
        </inbodydescription>
        <location file="obj/x64_linux_gcc_32_opt_pro/idasdk/kernwin.hpp" line="2695" column="9" bodyfile="obj/x64_linux_gcc_32_opt_pro/idasdk/kernwin.hpp" bodystart="2695" bodyend="-1"/>
      </memberdef>
      <memberdef kind="define" id="group___i_w_i_d___1ga16c8b9597ba1345de4b8260395f75893" prot="public" static="no">
        <name>IWID_CALLS_CALLERS</name>
        <initializer>(1ULL &lt;&lt; <ref refid="group___b_w_n___1ga4f2ddbc85244068a0f3e1104123226d4" kindref="member">BWN_CALLS_CALLERS</ref>)</initializer>
        <briefdescription>
<para>funcalls, callers (49) </para>
        </briefdescription>
        <detaileddescription>
        </detaileddescription>
        <inbodydescription>
        </inbodydescription>
        <location file="obj/x64_linux_gcc_32_opt_pro/idasdk/kernwin.hpp" line="2696" column="9" bodyfile="obj/x64_linux_gcc_32_opt_pro/idasdk/kernwin.hpp" bodystart="2696" bodyend="-1"/>
      </memberdef>
      <memberdef kind="define" id="group___i_w_i_d___1ga828d244080008730f08e6887db405bed" prot="public" static="no">
        <name>IWID_CALLS_CALLEES</name>
        <initializer>(1ULL &lt;&lt; <ref refid="group___b_w_n___1ga46aa1856af14ce7ee520e77f454cfd45" kindref="member">BWN_CALLS_CALLEES</ref>)</initializer>
        <briefdescription>
<para>funcalls, callees (50) </para>
        </briefdescription>
        <detaileddescription>
        </detaileddescription>
        <inbodydescription>
        </inbodydescription>
        <location file="obj/x64_linux_gcc_32_opt_pro/idasdk/kernwin.hpp" line="2697" column="9" bodyfile="obj/x64_linux_gcc_32_opt_pro/idasdk/kernwin.hpp" bodystart="2697" bodyend="-1"/>
      </memberdef>
      <memberdef kind="define" id="group___i_w_i_d___1ga229875d3c91c82935c48cc84748b5cd7" prot="public" static="no">
        <name>IWID_MDVIEWCSR</name>
        <initializer>(1ULL &lt;&lt; <ref refid="group___b_w_n___1gae9da7aef1e6e56d8fe8d940e54401291" kindref="member">BWN_MDVIEWCSR</ref>    )</initializer>
        <briefdescription>
<para>lumina md view (51) </para>
        </briefdescription>
        <detaileddescription>
        </detaileddescription>
        <inbodydescription>
        </inbodydescription>
        <location file="obj/x64_linux_gcc_32_opt_pro/idasdk/kernwin.hpp" line="2698" column="9" bodyfile="obj/x64_linux_gcc_32_opt_pro/idasdk/kernwin.hpp" bodystart="2698" bodyend="-1"/>
      </memberdef>
      <memberdef kind="define" id="group___i_w_i_d___1ga5220594a8ed1a97e987363cf2919574a" prot="public" static="no">
        <name>IWID_DISASM_ARROWS</name>
        <initializer>(1ULL &lt;&lt; <ref refid="group___b_w_n___1ga5ab6fdb6d2b85d9d4858b7badf5d00fe" kindref="member">BWN_DISASM_ARROWS</ref>)</initializer>
        <briefdescription>
<para>arrows widget (52) </para>
        </briefdescription>
        <detaileddescription>
        </detaileddescription>
        <inbodydescription>
        </inbodydescription>
        <location file="obj/x64_linux_gcc_32_opt_pro/idasdk/kernwin.hpp" line="2699" column="9" bodyfile="obj/x64_linux_gcc_32_opt_pro/idasdk/kernwin.hpp" bodystart="2699" bodyend="-1"/>
      </memberdef>
      <memberdef kind="define" id="group___i_w_i_d___1ga751453ee4595662df8fd9b60805f191e" prot="public" static="no">
        <name>IWID_CV_LINE_INFOS</name>
        <initializer>(1ULL &lt;&lt; <ref refid="group___b_w_n___1gaec184aa5aadeeba4e7f30e3e3f2b4311" kindref="member">BWN_CV_LINE_INFOS</ref>)</initializer>
        <briefdescription>
<para>lineinfo widget (53) </para>
        </briefdescription>
        <detaileddescription>
        </detaileddescription>
        <inbodydescription>
        </inbodydescription>
        <location file="obj/x64_linux_gcc_32_opt_pro/idasdk/kernwin.hpp" line="2700" column="9" bodyfile="obj/x64_linux_gcc_32_opt_pro/idasdk/kernwin.hpp" bodystart="2700" bodyend="-1"/>
      </memberdef>
      <memberdef kind="define" id="group___i_w_i_d___1ga65e3dac6a546e1bb710b6f7a29a68b09" prot="public" static="no">
        <name>IWID_SRCPTHMAP_CSR</name>
        <initializer>(1ULL &lt;&lt; <ref refid="group___b_w_n___1ga29a8dac5ceae1c67209b3ea6bd1a1824" kindref="member">BWN_SRCPTHMAP_CSR</ref>)</initializer>
        <briefdescription>
<para>mappings chooser (54) </para>
        </briefdescription>
        <detaileddescription>
        </detaileddescription>
        <inbodydescription>
        </inbodydescription>
        <location file="obj/x64_linux_gcc_32_opt_pro/idasdk/kernwin.hpp" line="2701" column="9" bodyfile="obj/x64_linux_gcc_32_opt_pro/idasdk/kernwin.hpp" bodystart="2701" bodyend="-1"/>
      </memberdef>
      <memberdef kind="define" id="group___i_w_i_d___1gac413d53ff16efbd5faf9a5bda0f84e4d" prot="public" static="no">
        <name>IWID_SRCPTHUND_CSR</name>
        <initializer>(1ULL &lt;&lt; <ref refid="group___b_w_n___1ga3d9a627e9a2602ec37f3e5f1275d53ab" kindref="member">BWN_SRCPTHUND_CSR</ref>)</initializer>
        <briefdescription>
<para>undesired chooser (55) </para>
        </briefdescription>
        <detaileddescription>
        </detaileddescription>
        <inbodydescription>
        </inbodydescription>
        <location file="obj/x64_linux_gcc_32_opt_pro/idasdk/kernwin.hpp" line="2702" column="9" bodyfile="obj/x64_linux_gcc_32_opt_pro/idasdk/kernwin.hpp" bodystart="2702" bodyend="-1"/>
      </memberdef>
      <memberdef kind="define" id="group___i_w_i_d___1ga0b07e9401fff32739660366e9f541894" prot="public" static="no">
        <name>IWID_UNDOHIST</name>
        <initializer>(1ULL &lt;&lt; <ref refid="group___b_w_n___1gad639b111bceae8c51adf98ad3567861d" kindref="member">BWN_UNDOHIST</ref>     )</initializer>
        <briefdescription>
<para>Undo history (56) </para>
        </briefdescription>
        <detaileddescription>
        </detaileddescription>
        <inbodydescription>
        </inbodydescription>
        <location file="obj/x64_linux_gcc_32_opt_pro/idasdk/kernwin.hpp" line="2703" column="9" bodyfile="obj/x64_linux_gcc_32_opt_pro/idasdk/kernwin.hpp" bodystart="2703" bodyend="-1"/>
      </memberdef>
      <memberdef kind="define" id="group___i_w_i_d___1ga3fd0d583959f5f5f39fa3ea992705a45" prot="public" static="no">
        <name>IWID_SNIPPETS_CSR</name>
        <initializer>(1ULL &lt;&lt; <ref refid="group___b_w_n___1gac2572a8a71ee783ab818a160e6633d3d" kindref="member">BWN_SNIPPETS_CSR</ref> )</initializer>
        <briefdescription>
<para>snippets chooser (57) </para>
        </briefdescription>
        <detaileddescription>
        </detaileddescription>
        <inbodydescription>
        </inbodydescription>
        <location file="obj/x64_linux_gcc_32_opt_pro/idasdk/kernwin.hpp" line="2704" column="9" bodyfile="obj/x64_linux_gcc_32_opt_pro/idasdk/kernwin.hpp" bodystart="2704" bodyend="-1"/>
      </memberdef>
      <memberdef kind="define" id="group___i_w_i_d___1gacdcb2442fc9d60180925f0fd7c85f317" prot="public" static="no">
        <name>IWID_SCRIPTS_CSR</name>
        <initializer>(1ULL &lt;&lt; <ref refid="group___b_w_n___1gac725cdf1cd2bb581c863762111542640" kindref="member">BWN_SCRIPTS_CSR</ref>  )</initializer>
        <briefdescription>
<para>recent scripts (58) </para>
        </briefdescription>
        <detaileddescription>
        </detaileddescription>
        <inbodydescription>
        </inbodydescription>
        <location file="obj/x64_linux_gcc_32_opt_pro/idasdk/kernwin.hpp" line="2705" column="9" bodyfile="obj/x64_linux_gcc_32_opt_pro/idasdk/kernwin.hpp" bodystart="2705" bodyend="-1"/>
      </memberdef>
      <memberdef kind="define" id="group___i_w_i_d___1gaa4c1618f61b9fd84985295cbf79ecbdd" prot="public" static="no">
        <name>IWID_BOOKMARKS</name>
        <initializer>(1ULL &lt;&lt; <ref refid="group___b_w_n___1ga995ca655c336cf7005613b6d212d21c4" kindref="member">BWN_BOOKMARKS</ref>    )</initializer>
        <briefdescription>
<para>bookmarks list (59) </para>
        </briefdescription>
        <detaileddescription>
        </detaileddescription>
        <inbodydescription>
        </inbodydescription>
        <location file="obj/x64_linux_gcc_32_opt_pro/idasdk/kernwin.hpp" line="2706" column="9" bodyfile="obj/x64_linux_gcc_32_opt_pro/idasdk/kernwin.hpp" bodystart="2706" bodyend="-1"/>
      </memberdef>
      <memberdef kind="define" id="group___i_w_i_d___1ga74f66b1eda9d63cda09ef8ccdbb8cf64" prot="public" static="no">
        <name>IWID_TILIST</name>
        <initializer>(1ULL &lt;&lt; <ref refid="group___b_w_n___1ga6527856f8294c40a97498054813d492a" kindref="member">BWN_TILIST</ref>       )</initializer>
        <briefdescription>
<para>types listing (60) </para>
        </briefdescription>
        <detaileddescription>
        </detaileddescription>
        <inbodydescription>
        </inbodydescription>
        <location file="obj/x64_linux_gcc_32_opt_pro/idasdk/kernwin.hpp" line="2707" column="9" bodyfile="obj/x64_linux_gcc_32_opt_pro/idasdk/kernwin.hpp" bodystart="2707" bodyend="-1"/>
      </memberdef>
      <memberdef kind="define" id="group___i_w_i_d___1ga4664f7f26e5d969ab32e98519b92b0de" prot="public" static="no">
        <name>IWID_IDAMEMOS</name>
        <initializer>(IWID_DISASMS|IWID_DUMPS  )</initializer>
        <briefdescription>
<para>disassembly + hex dump views </para>
        </briefdescription>
        <detaileddescription>
        </detaileddescription>
        <inbodydescription>
        </inbodydescription>
        <location file="obj/x64_linux_gcc_32_opt_pro/idasdk/kernwin.hpp" line="2709" column="9" bodyfile="obj/x64_linux_gcc_32_opt_pro/idasdk/kernwin.hpp" bodystart="2709" bodyend="-1"/>
      </memberdef>
      <memberdef kind="define" id="group___i_w_i_d___1ga87a0e352bef06338db7129b9e75ec680" prot="public" static="no">
        <name>IWID_ALL</name>
        <initializer>0xFFFFFFFFFFFFFFFFULL</initializer>
        <briefdescription>
<para>mask </para>
        </briefdescription>
        <detaileddescription>
        </detaileddescription>
        <inbodydescription>
        </inbodydescription>
        <location file="obj/x64_linux_gcc_32_opt_pro/idasdk/kernwin.hpp" line="2710" column="9" bodyfile="obj/x64_linux_gcc_32_opt_pro/idasdk/kernwin.hpp" bodystart="2710" bodyend="-1"/>
      </memberdef>
      <memberdef kind="define" id="group___i_w_i_d___1gaebba8098c248b6be6cbfe848c68931f2" prot="public" static="no">
        <name>IWID_STACK</name>
        <initializer><ref refid="group___i_w_i_d___1ga37791a77fb354055ab1d5796ab9792ad" kindref="member">IWID_CALL_STACK</ref></initializer>
        <briefdescription>
        </briefdescription>
        <detaileddescription>
<para>Alias. Some IWID_* were confusing, and thus have been renamed. This is to ensure bw-compat. </para>
        </detaileddescription>
        <inbodydescription>
        </inbodydescription>
        <location file="obj/x64_linux_gcc_32_opt_pro/idasdk/kernwin.hpp" line="2714" column="9" bodyfile="obj/x64_linux_gcc_32_opt_pro/idasdk/kernwin.hpp" bodystart="2714" bodyend="-1"/>
      </memberdef>
      <memberdef kind="define" id="group___i_w_i_d___1gaf414bcf0e8c8e2328731f5d8037a664f" prot="public" static="no">
        <name>IWID_DISASMS</name>
        <initializer><ref refid="group___i_w_i_d___1ga591a89b7559093f8ec472f9d14f5f0fc" kindref="member">IWID_DISASM</ref></initializer>
        <briefdescription>
        </briefdescription>
        <detaileddescription>
        </detaileddescription>
        <inbodydescription>
        </inbodydescription>
        <location file="obj/x64_linux_gcc_32_opt_pro/idasdk/kernwin.hpp" line="2715" column="9" bodyfile="obj/x64_linux_gcc_32_opt_pro/idasdk/kernwin.hpp" bodystart="2715" bodyend="-1"/>
      </memberdef>
      <memberdef kind="define" id="group___i_w_i_d___1ga87e656ce6189493549fe7a30b39053c7" prot="public" static="no">
        <name>IWID_DUMPS</name>
        <initializer><ref refid="group___i_w_i_d___1ga3ffad34ccccf5ded04a4f4cb955d5c95" kindref="member">IWID_DUMP</ref></initializer>
        <briefdescription>
        </briefdescription>
        <detaileddescription>
        </detaileddescription>
        <inbodydescription>
        </inbodydescription>
        <location file="obj/x64_linux_gcc_32_opt_pro/idasdk/kernwin.hpp" line="2716" column="9" bodyfile="obj/x64_linux_gcc_32_opt_pro/idasdk/kernwin.hpp" bodystart="2716" bodyend="-1"/>
      </memberdef>
      <memberdef kind="define" id="group___i_w_i_d___1ga7758c589bcc9490e2a22b53297a71489" prot="public" static="no">
        <name>IWID_SEARCHS</name>
        <initializer><ref refid="group___i_w_i_d___1gac26af6baf5b92d41af8aeb81318dc320" kindref="member">IWID_SEARCH</ref></initializer>
        <briefdescription>
        </briefdescription>
        <detaileddescription>
        </detaileddescription>
        <inbodydescription>
        </inbodydescription>
        <location file="obj/x64_linux_gcc_32_opt_pro/idasdk/kernwin.hpp" line="2717" column="9" bodyfile="obj/x64_linux_gcc_32_opt_pro/idasdk/kernwin.hpp" bodystart="2717" bodyend="-1"/>
      </memberdef>
      </sectiondef>
    <briefdescription>
    </briefdescription>
    <detaileddescription>
<para>passed as &apos;mask&apos; parameter to <ref refid="kernwin_8hpp_1a50018b271f5c63814508d223909d1050" kindref="member">request_refresh()</ref> </para>
    </detaileddescription>
  </compounddef>
</doxygen>
