<?xml version='1.0' encoding='UTF-8' standalone='no'?>
<doxygen xmlns:xsi="http://www.w3.org/2001/XMLSchema-instance" xsi:noNamespaceSchemaLocation="compound.xsd" version="1.8.15">
  <compounddef id="group___s_f_l__" kind="group">
    <compoundname>SFL_</compoundname>
    <title>Segment flags</title>
      <sectiondef kind="define">
      <memberdef kind="define" id="group___s_f_l___1ga76758a64e75c56b04c528c84d3b70efe" prot="public" static="no">
        <name>SFL_COMORG</name>
        <initializer>0x01</initializer>
        <briefdescription>
        </briefdescription>
        <detaileddescription>
<para>IDP dependent field (IBM PC: if set, ORG directive is not commented out) </para>
        </detaileddescription>
        <inbodydescription>
        </inbodydescription>
        <location file="obj/x64_linux_gcc_32_opt/3/idasdk/segment.hpp" line="156" column="9" bodyfile="obj/x64_linux_gcc_32_opt/3/idasdk/segment.hpp" bodystart="156" bodyend="-1"/>
      </memberdef>
      <memberdef kind="define" id="group___s_f_l___1ga33bd87d84e584f97b279e193f0ae958a" prot="public" static="no">
        <name>SFL_OBOK</name>
        <initializer>0x02</initializer>
        <briefdescription>
        </briefdescription>
        <detaileddescription>
<para>Orgbase is present? (IDP dependent field) </para>
        </detaileddescription>
        <inbodydescription>
        </inbodydescription>
        <location file="obj/x64_linux_gcc_32_opt/3/idasdk/segment.hpp" line="168" column="9" bodyfile="obj/x64_linux_gcc_32_opt/3/idasdk/segment.hpp" bodystart="168" bodyend="-1"/>
      </memberdef>
      <memberdef kind="define" id="group___s_f_l___1gac31257ddd90ad0acab343cebc28c2233" prot="public" static="no">
        <name>SFL_HIDDEN</name>
        <initializer>0x04</initializer>
        <briefdescription>
        </briefdescription>
        <detaileddescription>
<para>Is the segment hidden? </para>
        </detaileddescription>
        <inbodydescription>
        </inbodydescription>
        <location file="obj/x64_linux_gcc_32_opt/3/idasdk/segment.hpp" line="180" column="9" bodyfile="obj/x64_linux_gcc_32_opt/3/idasdk/segment.hpp" bodystart="180" bodyend="-1"/>
      </memberdef>
      <memberdef kind="define" id="group___s_f_l___1ga663d197c2dead5d7c02d36afa81b6738" prot="public" static="no">
        <name>SFL_DEBUG</name>
        <initializer>0x08</initializer>
        <briefdescription>
        </briefdescription>
        <detaileddescription>
<para>Is the segment created for the debugger?. Such segments are temporary and do not have permanent flags. </para>
        </detaileddescription>
        <inbodydescription>
        </inbodydescription>
        <location file="obj/x64_linux_gcc_32_opt/3/idasdk/segment.hpp" line="192" column="9" bodyfile="obj/x64_linux_gcc_32_opt/3/idasdk/segment.hpp" bodystart="192" bodyend="-1"/>
      </memberdef>
      <memberdef kind="define" id="group___s_f_l___1gac89841edaa1830e41e109c416948c96d" prot="public" static="no">
        <name>SFL_LOADER</name>
        <initializer>0x10</initializer>
        <briefdescription>
        </briefdescription>
        <detaileddescription>
<para>Is the segment created by the loader? </para>
        </detaileddescription>
        <inbodydescription>
        </inbodydescription>
        <location file="obj/x64_linux_gcc_32_opt/3/idasdk/segment.hpp" line="203" column="9" bodyfile="obj/x64_linux_gcc_32_opt/3/idasdk/segment.hpp" bodystart="203" bodyend="-1"/>
      </memberdef>
      <memberdef kind="define" id="group___s_f_l___1ga5897753448a6c769538ed3890b9b8129" prot="public" static="no">
        <name>SFL_HIDETYPE</name>
        <initializer>0x20</initializer>
        <briefdescription>
        </briefdescription>
        <detaileddescription>
<para>Hide segment type (do not print it in the listing) </para>
        </detaileddescription>
        <inbodydescription>
        </inbodydescription>
        <location file="obj/x64_linux_gcc_32_opt/3/idasdk/segment.hpp" line="214" column="9" bodyfile="obj/x64_linux_gcc_32_opt/3/idasdk/segment.hpp" bodystart="214" bodyend="-1"/>
      </memberdef>
      <memberdef kind="define" id="group___s_f_l___1gac3bc49be172d44aad904ac8ab8aa8c3c" prot="public" static="no">
        <name>SFL_HEADER</name>
        <initializer>0x40</initializer>
        <briefdescription>
        </briefdescription>
        <detaileddescription>
<para>Header segment (do not create offsets to it in the disassembly) </para>
        </detaileddescription>
        <inbodydescription>
        </inbodydescription>
        <location file="obj/x64_linux_gcc_32_opt/3/idasdk/segment.hpp" line="225" column="9" bodyfile="obj/x64_linux_gcc_32_opt/3/idasdk/segment.hpp" bodystart="225" bodyend="-1"/>
      </memberdef>
      </sectiondef>
    <briefdescription>
    </briefdescription>
    <detaileddescription>
<para>Used by <ref refid="classsegment__t_1ae0a02d2eb01188198d74bd1c3690b6af" kindref="member">segment_t::flags</ref> </para>
    </detaileddescription>
  </compounddef>
</doxygen>
