<?xml version='1.0' encoding='UTF-8' standalone='no'?>
<doxygen xmlns:xsi="http://www.w3.org/2001/XMLSchema-instance" xsi:noNamespaceSchemaLocation="compound.xsd" version="1.8.15">
  <compounddef id="group___n_f__" kind="group">
    <compoundname>NF_</compoundname>
    <title>Number format property bits</title>
      <sectiondef kind="define">
      <memberdef kind="define" id="group___n_f___1ga4aeed0cb45ae019b8c3aa0b0a8ec1039" prot="public" static="no">
        <name>NF_FIXED</name>
        <initializer>0x01</initializer>
        <briefdescription>
<para>number format has been defined by the user </para>
        </briefdescription>
        <detaileddescription>
        </detaileddescription>
        <inbodydescription>
        </inbodydescription>
        <location file="obj/x64_linux_gcc_32_opt/3/idasdk/hexrays.hpp" line="792" column="9" bodyfile="obj/x64_linux_gcc_32_opt/3/idasdk/hexrays.hpp" bodystart="792" bodyend="-1"/>
      </memberdef>
      <memberdef kind="define" id="group___n_f___1ga7f2a9f9259fc21dfcafd1d42be87355f" prot="public" static="no">
        <name>NF_NEGDONE</name>
        <initializer>0x02</initializer>
        <briefdescription>
<para>temporary internal bit: negation has been performed </para>
        </briefdescription>
        <detaileddescription>
        </detaileddescription>
        <inbodydescription>
        </inbodydescription>
        <location file="obj/x64_linux_gcc_32_opt/3/idasdk/hexrays.hpp" line="793" column="9" bodyfile="obj/x64_linux_gcc_32_opt/3/idasdk/hexrays.hpp" bodystart="793" bodyend="-1"/>
      </memberdef>
      <memberdef kind="define" id="group___n_f___1gaa9c53ef3ce284bf6efa7546aef86f9b0" prot="public" static="no">
        <name>NF_BINVDONE</name>
        <initializer>0x04</initializer>
        <briefdescription>
<para>temporary internal bit: inverting bits is done </para>
        </briefdescription>
        <detaileddescription>
        </detaileddescription>
        <inbodydescription>
        </inbodydescription>
        <location file="obj/x64_linux_gcc_32_opt/3/idasdk/hexrays.hpp" line="794" column="9" bodyfile="obj/x64_linux_gcc_32_opt/3/idasdk/hexrays.hpp" bodystart="794" bodyend="-1"/>
      </memberdef>
      <memberdef kind="define" id="group___n_f___1ga5425582fc64fb8350bb8c3175ea0eace" prot="public" static="no">
        <name>NF_NEGATE</name>
        <initializer>0x08</initializer>
        <briefdescription>
<para>The user asked to negate the constant. </para>
        </briefdescription>
        <detaileddescription>
        </detaileddescription>
        <inbodydescription>
        </inbodydescription>
        <location file="obj/x64_linux_gcc_32_opt/3/idasdk/hexrays.hpp" line="795" column="9" bodyfile="obj/x64_linux_gcc_32_opt/3/idasdk/hexrays.hpp" bodystart="795" bodyend="-1"/>
      </memberdef>
      <memberdef kind="define" id="group___n_f___1gac9c977d59c718d0586f3473cdfd95b45" prot="public" static="no">
        <name>NF_BITNOT</name>
        <initializer>0x10</initializer>
        <briefdescription>
<para>The user asked to invert bits of the constant. </para>
        </briefdescription>
        <detaileddescription>
        </detaileddescription>
        <inbodydescription>
        </inbodydescription>
        <location file="obj/x64_linux_gcc_32_opt/3/idasdk/hexrays.hpp" line="796" column="9" bodyfile="obj/x64_linux_gcc_32_opt/3/idasdk/hexrays.hpp" bodystart="796" bodyend="-1"/>
      </memberdef>
      <memberdef kind="define" id="group___n_f___1ga2e5036de1eaed9bb163728a7b1dd1acf" prot="public" static="no">
        <name>NF_VALID</name>
        <initializer>0x20</initializer>
        <briefdescription>
        </briefdescription>
        <detaileddescription>
<para>internal bit: stroff or enum is valid for enums: this bit is set immediately for stroffs: this bit is set at the end of decompilation </para>
        </detaileddescription>
        <inbodydescription>
        </inbodydescription>
        <location file="obj/x64_linux_gcc_32_opt/3/idasdk/hexrays.hpp" line="797" column="9" bodyfile="obj/x64_linux_gcc_32_opt/3/idasdk/hexrays.hpp" bodystart="797" bodyend="-1"/>
      </memberdef>
      </sectiondef>
    <briefdescription>
    </briefdescription>
    <detaileddescription>
<para>Used in <ref refid="structnumber__format__t_1a58237f85e7a536a6030b5f00b0b32a86" kindref="member">number_format_t::props</ref> </para>
    </detaileddescription>
  </compounddef>
</doxygen>
