<?xml version='1.0' encoding='UTF-8' standalone='no'?>
<doxygen xmlns:xsi="http://www.w3.org/2001/XMLSchema-instance" xsi:noNamespaceSchemaLocation="compound.xsd" version="1.9.3" xml:lang="en-US">
  <compounddef id="group___c_h_a_r_t__2" kind="group">
    <compoundname>CHART_2</compoundname>
    <title>Call chart building flags</title>
    <briefdescription>
    </briefdescription>
    <detaileddescription>
<para>Passed as flags parameter to <ref refid="gdl_8hpp_1aac8b0045428d6613e1ed4b7dac3fb486" kindref="member">gen_complex_call_chart()</ref> </para>
    </detaileddescription>
  </compounddef>
</doxygen>
