<?xml version='1.0' encoding='UTF-8' standalone='no'?>
<doxygen xmlns:xsi="http://www.w3.org/2001/XMLSchema-instance" xsi:noNamespaceSchemaLocation="compound.xsd" version="1.9.3" xml:lang="en-US">
  <compounddef id="group__dbg__funcs" kind="group">
    <compoundname>dbg_funcs</compoundname>
    <title>Debugger functions</title>
    <innergroup refid="group__dbg__funcs__cmds">Process commands</innergroup>
    <innergroup refid="group__dbg__funcs__threads">Threads</innergroup>
    <innergroup refid="group__dbg__funcs__modules">Modules</innergroup>
    <innergroup refid="group__dbg__funcs__flow">Execution flow control</innergroup>
    <innergroup refid="group__dbg__funcs__regs">Registers</innergroup>
    <innergroup refid="group__dbg__funcs__bpts">Breakpoints</innergroup>
    <innergroup refid="group__dbg__funcs__tracing">Tracing</innergroup>
    <innergroup refid="group__dbg__funcs__high">High level functions</innergroup>
    <innergroup refid="group__dbg__funcs__srcinfo">Source information providers</innergroup>
    <innergroup refid="group__dbg__funcs__mem">Debugger memory functions for UI</innergroup>
    <innergroup refid="group__dbg__funcs__conv">Misc</innergroup>
    <briefdescription>
    </briefdescription>
    <detaileddescription>
<para>Control the debugging of a process.</para>
<para>Debugger functions complete either SYNCHRONOUSLY or ASYNCHRONOUSLY:</para>
<para><itemizedlist>
<listitem><para>SYNCHRONOUS FUNCTIONS execute the entire action before the function returns.</para>
</listitem><listitem><para>ASYNCHRONOUS FUNCTIONS return before the action has executed in its entirety. They simply start the action, but the result of the action will only be available later. For example, <ref refid="dbg_8hpp_1a02e3e2c96cd0e07e7b213a88415733c7" kindref="member">run_to()</ref> can execute a lot of instructions before terminating. Such functions provide a notification code to indicate the end of their execution (see the &apos;Notification&apos; keyword in the function documentation). Install a callback using <ref refid="ida_8hpp_1afa0ae204da009c72d3a7f544ad08397b" kindref="member">hook_to_notification_point()</ref> to be notified when the action is terminated.</para>
</listitem></itemizedlist>
</para>
<para>DEBUGGER COMMANDS are functions who influence the execution of the debugged process. They are available in 2 forms:</para>
<para><itemizedlist>
<listitem><para>COMMAND(): (e.g. <ref refid="dbg_8hpp_1afde4e91a01fb308d4418512ccb369637" kindref="member">suspend_process()</ref>) In this mode, the command will be directly executed. However, it is forbidden to use asynchronous commands in this mode from a debugger notification handler (see <ref refid="dbg_8hpp_1ac67a564945a2c1721691aa2f657a908c" kindref="member">dbg_notification_t</ref>).</para>
</listitem><listitem><para>request_COMMAND(): (e.g. <ref refid="dbg_8hpp_1a17e3941d0bb55d22c230d16a9ff155de" kindref="member">request_suspend_process()</ref>) In this mode, a REQUEST to run the command will be memorized at the end of the REQUEST QUEUE (see below). This is mandatory to use this mode for asynchronous commands from a debugger notification handler (see <ref refid="dbg_8hpp_1ac67a564945a2c1721691aa2f657a908c" kindref="member">dbg_notification_t</ref>).</para>
</listitem></itemizedlist>
</para>
<para>The REQUEST QUEUE contains a list of planned debugger commands. These commands will be started only in the following cases:</para>
<para><itemizedlist>
<listitem><para>the previous command terminated, and no call to <ref refid="dbg_8hpp_1afde4e91a01fb308d4418512ccb369637" kindref="member">suspend_process()</ref> or <ref refid="dbg_8hpp_1a8833a43919fac27965ef862bbc2b5073" kindref="member">continue_process()</ref> occurred in the asynchronous function result notification handler (if any).</para>
</listitem><listitem><para><ref refid="dbg_8hpp_1a7a7be026d9efa51e8a10936c38a1f50f" kindref="member">run_requests()</ref> was called. Please note that when called from a debugger notification handler the queued requests will only be started after the execution of all notification handlers.</para>
</listitem></itemizedlist>
</para>
<para>A request which fails to start (by returning 0) will generate a <ref refid="dbg_8hpp_1ac67a564945a2c1721691aa2f657a908caee37fa6ba6030fdaf7494d95d0ec017d" kindref="member">dbg_request_error</ref> notification. </para>
    </detaileddescription>
  </compounddef>
</doxygen>
