<?xml version='1.0' encoding='UTF-8' standalone='no'?>
<doxygen xmlns:xsi="http://www.w3.org/2001/XMLSchema-instance" xsi:noNamespaceSchemaLocation="compound.xsd" version="1.9.3" xml:lang="en-US">
  <compounddef id="help_8h" kind="file" language="C++">
    <compoundname>help.h</compoundname>
      <sectiondef kind="typedef">
      <memberdef kind="typedef" id="help_8h_1a008673ba94d6d666e4d4106d88f830cc" prot="public" static="no">
        <type>int</type>
        <definition>typedef int help_t</definition>
        <argsstring></argsstring>
        <name>help_t</name>
        <briefdescription>
        </briefdescription>
        <detaileddescription>
        </detaileddescription>
        <inbodydescription>
        </inbodydescription>
        <location file="obj/x64_linux_gcc_32_opt/3/idasdk/help.h" line="11" column="13" bodyfile="obj/x64_linux_gcc_32_opt/3/idasdk/help.h" bodystart="11" bodyend="-1"/>
      </memberdef>
      </sectiondef>
      <sectiondef kind="func">
      <memberdef kind="function" id="help_8h_1ac69d971c6f4f20b3d418b777fa3d8ed2" prot="public" static="no" const="no" explicit="no" inline="no" virt="non-virtual">
        <type>idaman <ref refid="pro_8h_1acb0b22a01885ebdb9ac572343bbc4dab" kindref="member">THREAD_SAFE</ref> const char *ida_export</type>
        <definition>idaman THREAD_SAFE const char *ida_export itext</definition>
        <argsstring>(help_t msg_id)</argsstring>
        <name>itext</name>
        <param>
          <type><ref refid="idp_8hpp_1a008673ba94d6d666e4d4106d88f830cc" kindref="member">help_t</ref></type>
          <declname>msg_id</declname>
        </param>
        <briefdescription>
        </briefdescription>
        <detaileddescription>
        </detaileddescription>
        <inbodydescription>
        </inbodydescription>
        <location file="obj/x64_linux_gcc_32_opt/3/idasdk/help.h" line="17" column="42" declfile="obj/x64_linux_gcc_32_opt/3/idasdk/help.h" declline="17" declcolumn="42"/>
      </memberdef>
      </sectiondef>
    <briefdescription>
    </briefdescription>
    <detaileddescription>
    </detaileddescription>
    <location file="obj/x64_linux_gcc_32_opt/3/idasdk/help.h"/>
  </compounddef>
</doxygen>
