<?xml version='1.0' encoding='UTF-8' standalone='no'?>
<doxygen xmlns:xsi="http://www.w3.org/2001/XMLSchema-instance" xsi:noNamespaceSchemaLocation="compound.xsd" version="1.8.12">
  <compounddef id="namespaceidb__event" kind="namespace" language="C++">
    <compoundname>idb_event</compoundname>
      <sectiondef kind="enum">
      <memberdef kind="enum" id="namespaceidb__event_1a0feb6e648b4e6e3f0ed954abea672784" prot="public" static="no">
        <name>event_code_t</name>
        <enumvalue id="namespaceidb__event_1a0feb6e648b4e6e3f0ed954abea672784a3c5d487e400c9afa2d79c0dce3fa9c0c" prot="public">
          <name>byte_patched</name>
          <briefdescription>
          </briefdescription>
          <detaileddescription>
<para>A byte has been patched. <parameterlist kind="param"><parameteritem>
<parameternamelist>
<parametername>ea</parametername>
</parameternamelist>
<parameterdescription>
<para>(::ea_t) </para></parameterdescription>
</parameteritem>
<parameteritem>
<parameternamelist>
<parametername>old_value</parametername>
</parameternamelist>
<parameterdescription>
<para>(::uint32) </para></parameterdescription>
</parameteritem>
</parameterlist>
</para>          </detaileddescription>
        </enumvalue>
        <enumvalue id="namespaceidb__event_1a0feb6e648b4e6e3f0ed954abea672784aca501ed0fa93e2f02cab4fe5b47dee68" prot="public">
          <name>cmt_changed</name>
          <briefdescription>
          </briefdescription>
          <detaileddescription>
<para>An item comment has been changed. <parameterlist kind="param"><parameteritem>
<parameternamelist>
<parametername>ea</parametername>
</parameternamelist>
<parameterdescription>
<para>(::ea_t) </para></parameterdescription>
</parameteritem>
<parameteritem>
<parameternamelist>
<parametername>repeatable_cmt</parametername>
</parameternamelist>
<parameterdescription>
<para>(bool) </para></parameterdescription>
</parameteritem>
</parameterlist>
</para>          </detaileddescription>
        </enumvalue>
        <enumvalue id="namespaceidb__event_1a0feb6e648b4e6e3f0ed954abea672784ae76b0abed25c96968585a968d7f5056c" prot="public">
          <name>ti_changed</name>
          <briefdescription>
          </briefdescription>
          <detaileddescription>
<para>An item typestring (c/c++ prototype) has been changed. <parameterlist kind="param"><parameteritem>
<parameternamelist>
<parametername>ea</parametername>
</parameternamelist>
<parameterdescription>
<para>(::ea_t) </para></parameterdescription>
</parameteritem>
<parameteritem>
<parameternamelist>
<parametername>type</parametername>
</parameternamelist>
<parameterdescription>
<para>(const ::type_t *) </para></parameterdescription>
</parameteritem>
<parameteritem>
<parameternamelist>
<parametername>fnames</parametername>
</parameternamelist>
<parameterdescription>
<para>(const ::p_list *) </para></parameterdescription>
</parameteritem>
</parameterlist>
</para>          </detaileddescription>
        </enumvalue>
        <enumvalue id="namespaceidb__event_1a0feb6e648b4e6e3f0ed954abea672784ac1c43f6ce38ac74249e59cb200f62b1c" prot="public">
          <name>op_ti_changed</name>
          <briefdescription>
          </briefdescription>
          <detaileddescription>
<para>An operand typestring (c/c++ prototype) has been changed. <parameterlist kind="param"><parameteritem>
<parameternamelist>
<parametername>ea</parametername>
</parameternamelist>
<parameterdescription>
<para>(::ea_t) </para></parameterdescription>
</parameteritem>
<parameteritem>
<parameternamelist>
<parametername>n</parametername>
</parameternamelist>
<parameterdescription>
<para>(int) </para></parameterdescription>
</parameteritem>
<parameteritem>
<parameternamelist>
<parametername>type</parametername>
</parameternamelist>
<parameterdescription>
<para>(const ::type_t *) </para></parameterdescription>
</parameteritem>
<parameteritem>
<parameternamelist>
<parametername>fnames</parametername>
</parameternamelist>
<parameterdescription>
<para>(const ::p_list *) </para></parameterdescription>
</parameteritem>
</parameterlist>
</para>          </detaileddescription>
        </enumvalue>
        <enumvalue id="namespaceidb__event_1a0feb6e648b4e6e3f0ed954abea672784a8bf4dd45e54b82752e0079441d395372" prot="public">
          <name>op_type_changed</name>
          <briefdescription>
          </briefdescription>
          <detaileddescription>
<para>An operand type (offset, hex, etc...) has been set or deleted. <parameterlist kind="param"><parameteritem>
<parameternamelist>
<parametername>ea</parametername>
</parameternamelist>
<parameterdescription>
<para>(::ea_t) </para></parameterdescription>
</parameteritem>
<parameteritem>
<parameternamelist>
<parametername>n</parametername>
</parameternamelist>
<parameterdescription>
<para>(int) eventually or&apos;ed with OPND_OUTER </para></parameterdescription>
</parameteritem>
</parameterlist>
</para>          </detaileddescription>
        </enumvalue>
        <enumvalue id="namespaceidb__event_1a0feb6e648b4e6e3f0ed954abea672784a6717496f7f00ecdb2f19131768024bb4" prot="public">
          <name>enum_created</name>
          <briefdescription>
          </briefdescription>
          <detaileddescription>
<para>An enum type has been created. <parameterlist kind="param"><parameteritem>
<parameternamelist>
<parametername>id</parametername>
</parameternamelist>
<parameterdescription>
<para>(<ref refid="kernwin_8hpp_1a320dc6698b7075a653144bbdf202b30e" kindref="member">enum_t</ref>) </para></parameterdescription>
</parameteritem>
</parameterlist>
</para>          </detaileddescription>
        </enumvalue>
        <enumvalue id="namespaceidb__event_1a0feb6e648b4e6e3f0ed954abea672784ae24ed17290c146b434c68f7953262657" prot="public">
          <name>enum_deleted</name>
          <briefdescription>
          </briefdescription>
          <detaileddescription>
<para>An enum type has been deleted. <parameterlist kind="param"><parameteritem>
<parameternamelist>
<parametername>id</parametername>
</parameternamelist>
<parameterdescription>
<para>(<ref refid="kernwin_8hpp_1a320dc6698b7075a653144bbdf202b30e" kindref="member">enum_t</ref>) </para></parameterdescription>
</parameteritem>
</parameterlist>
</para>          </detaileddescription>
        </enumvalue>
        <enumvalue id="namespaceidb__event_1a0feb6e648b4e6e3f0ed954abea672784a18a310d24e698ea904493c2141c36a2f" prot="public">
          <name>enum_bf_changed</name>
          <briefdescription>
          </briefdescription>
          <detaileddescription>
<para>An enum type &apos;bitfield&apos; attribute has been changed. <parameterlist kind="param"><parameteritem>
<parameternamelist>
<parametername>id</parametername>
</parameternamelist>
<parameterdescription>
<para>(<ref refid="kernwin_8hpp_1a320dc6698b7075a653144bbdf202b30e" kindref="member">enum_t</ref>) </para></parameterdescription>
</parameteritem>
</parameterlist>
</para>          </detaileddescription>
        </enumvalue>
        <enumvalue id="namespaceidb__event_1a0feb6e648b4e6e3f0ed954abea672784a844af1fe1e1ab87325170e95bdcf0258" prot="public">
          <name>enum_renamed</name>
          <briefdescription>
          </briefdescription>
          <detaileddescription>
<para>An enum or member has been renamed. <parameterlist kind="param"><parameteritem>
<parameternamelist>
<parametername>id</parametername>
</parameternamelist>
<parameterdescription>
<para>(::tid_t) </para></parameterdescription>
</parameteritem>
</parameterlist>
</para>          </detaileddescription>
        </enumvalue>
        <enumvalue id="namespaceidb__event_1a0feb6e648b4e6e3f0ed954abea672784aa13911ecb8b7ced3ec42160d656223a4" prot="public">
          <name>enum_cmt_changed</name>
          <briefdescription>
          </briefdescription>
          <detaileddescription>
<para>An enum or member type comment has been changed. <parameterlist kind="param"><parameteritem>
<parameternamelist>
<parametername>id</parametername>
</parameternamelist>
<parameterdescription>
<para>(::tid_t) </para></parameterdescription>
</parameteritem>
<parameteritem>
<parameternamelist>
<parametername>repeatable</parametername>
</parameternamelist>
<parameterdescription>
<para>(bool) </para></parameterdescription>
</parameteritem>
</parameterlist>
</para>          </detaileddescription>
        </enumvalue>
        <enumvalue id="namespaceidb__event_1a0feb6e648b4e6e3f0ed954abea672784aacb101daf682695a1280eb0a8bf9dcb7" prot="public">
          <name>enum_const_created</name>
          <briefdescription>
          </briefdescription>
          <detaileddescription>
          </detaileddescription>
        </enumvalue>
        <enumvalue id="namespaceidb__event_1a0feb6e648b4e6e3f0ed954abea672784a0e4a8fd84dc9afd02119abf3fca7bff4" prot="public">
          <name>enum_const_deleted</name>
          <briefdescription>
          </briefdescription>
          <detaileddescription>
          </detaileddescription>
        </enumvalue>
        <enumvalue id="namespaceidb__event_1a0feb6e648b4e6e3f0ed954abea672784ab2783962920562d834d7a56b19701293" prot="public">
          <name>struc_created</name>
          <briefdescription>
          </briefdescription>
          <detaileddescription>
<para>A new structure type has been created. <parameterlist kind="param"><parameteritem>
<parameternamelist>
<parametername>struc_id</parametername>
</parameternamelist>
<parameterdescription>
<para>(::tid_t) </para></parameterdescription>
</parameteritem>
</parameterlist>
</para>          </detaileddescription>
        </enumvalue>
        <enumvalue id="namespaceidb__event_1a0feb6e648b4e6e3f0ed954abea672784aa92de53a5a9f6f5b2afea7e3a3435438" prot="public">
          <name>struc_deleted</name>
          <briefdescription>
          </briefdescription>
          <detaileddescription>
<para>A structure type has been deleted. <parameterlist kind="param"><parameteritem>
<parameternamelist>
<parametername>struc_id</parametername>
</parameternamelist>
<parameterdescription>
<para>(::tid_t) </para></parameterdescription>
</parameteritem>
</parameterlist>
</para>          </detaileddescription>
        </enumvalue>
        <enumvalue id="namespaceidb__event_1a0feb6e648b4e6e3f0ed954abea672784a441c8d42d5e1b0b95c14f0eae90ff03f" prot="public">
          <name>struc_renamed</name>
          <briefdescription>
          </briefdescription>
          <detaileddescription>
<para>A structure type has been renamed. <parameterlist kind="param"><parameteritem>
<parameternamelist>
<parametername>sptr</parametername>
</parameternamelist>
<parameterdescription>
<para>(::struc_t *) </para></parameterdescription>
</parameteritem>
</parameterlist>
</para>          </detaileddescription>
        </enumvalue>
        <enumvalue id="namespaceidb__event_1a0feb6e648b4e6e3f0ed954abea672784a56f39c63568120f2cc6063f05b0387ab" prot="public">
          <name>struc_expanded</name>
          <briefdescription>
          </briefdescription>
          <detaileddescription>
<para>A structure type has been expanded/shrank. <parameterlist kind="param"><parameteritem>
<parameternamelist>
<parametername>sptr</parametername>
</parameternamelist>
<parameterdescription>
<para>(::struc_t *) </para></parameterdescription>
</parameteritem>
</parameterlist>
</para>          </detaileddescription>
        </enumvalue>
        <enumvalue id="namespaceidb__event_1a0feb6e648b4e6e3f0ed954abea672784a9432be20ce4fcf6a5837f842bf1c9504" prot="public">
          <name>struc_cmt_changed</name>
          <briefdescription>
          </briefdescription>
          <detaileddescription>
<para>A structure type comment has been changed. <parameterlist kind="param"><parameteritem>
<parameternamelist>
<parametername>struc_id</parametername>
</parameternamelist>
<parameterdescription>
<para>(::tid_t) </para></parameterdescription>
</parameteritem>
<parameteritem>
<parameternamelist>
<parametername>repeatable_cmt</parametername>
</parameternamelist>
<parameterdescription>
<para>(bool) </para></parameterdescription>
</parameteritem>
</parameterlist>
</para>          </detaileddescription>
        </enumvalue>
        <enumvalue id="namespaceidb__event_1a0feb6e648b4e6e3f0ed954abea672784affe071e344988063c9628e479b572abe" prot="public">
          <name>struc_member_created</name>
          <briefdescription>
          </briefdescription>
          <detaileddescription>
<para>A structure member has been created. <parameterlist kind="param"><parameteritem>
<parameternamelist>
<parametername>sptr</parametername>
</parameternamelist>
<parameterdescription>
<para>(::struc_t *) </para></parameterdescription>
</parameteritem>
<parameteritem>
<parameternamelist>
<parametername>mptr</parametername>
</parameternamelist>
<parameterdescription>
<para>(::member_t *) </para></parameterdescription>
</parameteritem>
</parameterlist>
</para>          </detaileddescription>
        </enumvalue>
        <enumvalue id="namespaceidb__event_1a0feb6e648b4e6e3f0ed954abea672784acb3410768e73031b4115a4997c0d302c" prot="public">
          <name>struc_member_deleted</name>
          <briefdescription>
          </briefdescription>
          <detaileddescription>
<para>A structure member has been deleted. <parameterlist kind="param"><parameteritem>
<parameternamelist>
<parametername>sptr</parametername>
</parameternamelist>
<parameterdescription>
<para>(::struc_t *) </para></parameterdescription>
</parameteritem>
<parameteritem>
<parameternamelist>
<parametername>member_id</parametername>
</parameternamelist>
<parameterdescription>
<para>(::tid_t) </para></parameterdescription>
</parameteritem>
<parameteritem>
<parameternamelist>
<parametername>offset</parametername>
</parameternamelist>
<parameterdescription>
<para>(::ea_t) </para></parameterdescription>
</parameteritem>
</parameterlist>
</para>          </detaileddescription>
        </enumvalue>
        <enumvalue id="namespaceidb__event_1a0feb6e648b4e6e3f0ed954abea672784a456485f3fd3c68bb61c98c4a8bac92b9" prot="public">
          <name>struc_member_renamed</name>
          <briefdescription>
          </briefdescription>
          <detaileddescription>
<para>A structure member has been renamed. <parameterlist kind="param"><parameteritem>
<parameternamelist>
<parametername>sptr</parametername>
</parameternamelist>
<parameterdescription>
<para>(::struc_t *) </para></parameterdescription>
</parameteritem>
<parameteritem>
<parameternamelist>
<parametername>mptr</parametername>
</parameternamelist>
<parameterdescription>
<para>(::member_t *) </para></parameterdescription>
</parameteritem>
</parameterlist>
</para>          </detaileddescription>
        </enumvalue>
        <enumvalue id="namespaceidb__event_1a0feb6e648b4e6e3f0ed954abea672784a10b1b102746a660dfb5d2c6b182a540b" prot="public">
          <name>struc_member_changed</name>
          <briefdescription>
          </briefdescription>
          <detaileddescription>
<para>A structure member has been changed. <parameterlist kind="param"><parameteritem>
<parameternamelist>
<parametername>sptr</parametername>
</parameternamelist>
<parameterdescription>
<para>(::struc_t *) </para></parameterdescription>
</parameteritem>
<parameteritem>
<parameternamelist>
<parametername>mptr</parametername>
</parameternamelist>
<parameterdescription>
<para>(::member_t *) </para></parameterdescription>
</parameteritem>
</parameterlist>
</para>          </detaileddescription>
        </enumvalue>
        <enumvalue id="namespaceidb__event_1a0feb6e648b4e6e3f0ed954abea672784aef498a8a62e9a4f68becbd67928b8d88" prot="public">
          <name>thunk_func_created</name>
          <briefdescription>
          </briefdescription>
          <detaileddescription>
<para>A thunk bit has been set for a function. <parameterlist kind="param"><parameteritem>
<parameternamelist>
<parametername>pfn</parametername>
</parameternamelist>
<parameterdescription>
<para>(::func_t *) </para></parameterdescription>
</parameteritem>
</parameterlist>
</para>          </detaileddescription>
        </enumvalue>
        <enumvalue id="namespaceidb__event_1a0feb6e648b4e6e3f0ed954abea672784a7f94a2b188ddde93f417e3804f531b12" prot="public">
          <name>func_tail_appended</name>
          <briefdescription>
          </briefdescription>
          <detaileddescription>
<para>A function tail chunk has been appended. <parameterlist kind="param"><parameteritem>
<parameternamelist>
<parametername>pfn</parametername>
</parameternamelist>
<parameterdescription>
<para>(::func_t *) </para></parameterdescription>
</parameteritem>
<parameteritem>
<parameternamelist>
<parametername>tail</parametername>
</parameternamelist>
<parameterdescription>
<para>(::func_t *) </para></parameterdescription>
</parameteritem>
</parameterlist>
</para>          </detaileddescription>
        </enumvalue>
        <enumvalue id="namespaceidb__event_1a0feb6e648b4e6e3f0ed954abea672784afcdfb2c7c312d094b3f36f65f798bcb9" prot="public">
          <name>func_tail_removed</name>
          <briefdescription>
          </briefdescription>
          <detaileddescription>
<para>A function tail chunk has been removed. <parameterlist kind="param"><parameteritem>
<parameternamelist>
<parametername>pfn</parametername>
</parameternamelist>
<parameterdescription>
<para>(::func_t *) </para></parameterdescription>
</parameteritem>
<parameteritem>
<parameternamelist>
<parametername>tail_ea</parametername>
</parameternamelist>
<parameterdescription>
<para>(::ea_t) </para></parameterdescription>
</parameteritem>
</parameterlist>
</para>          </detaileddescription>
        </enumvalue>
        <enumvalue id="namespaceidb__event_1a0feb6e648b4e6e3f0ed954abea672784a057444d07e4ee10802b467d547b43440" prot="public">
          <name>tail_owner_changed</name>
          <briefdescription>
          </briefdescription>
          <detaileddescription>
<para>A tail chunk owner has been changed. <parameterlist kind="param"><parameteritem>
<parameternamelist>
<parametername>tail</parametername>
</parameternamelist>
<parameterdescription>
<para>(::func_t *) </para></parameterdescription>
</parameteritem>
<parameteritem>
<parameternamelist>
<parametername>owner_func</parametername>
</parameternamelist>
<parameterdescription>
<para>(::ea_t) </para></parameterdescription>
</parameteritem>
<parameteritem>
<parameternamelist>
<parametername>old_owner</parametername>
</parameternamelist>
<parameterdescription>
<para>(::ea_t) </para></parameterdescription>
</parameteritem>
</parameterlist>
</para>          </detaileddescription>
        </enumvalue>
        <enumvalue id="namespaceidb__event_1a0feb6e648b4e6e3f0ed954abea672784a69e2f9dc1fa971488ef6c9591c667784" prot="public">
          <name>func_noret_changed</name>
          <briefdescription>
          </briefdescription>
          <detaileddescription>
<para>#FUNC_NORET bit has been changed. <parameterlist kind="param"><parameteritem>
<parameternamelist>
<parametername>pfn</parametername>
</parameternamelist>
<parameterdescription>
<para>(::func_t *) </para></parameterdescription>
</parameteritem>
</parameterlist>
</para>          </detaileddescription>
        </enumvalue>
        <enumvalue id="namespaceidb__event_1a0feb6e648b4e6e3f0ed954abea672784ac47bf8f2dc85bdd7e43a9ab9f8b42b82" prot="public">
          <name>segm_added</name>
          <briefdescription>
          </briefdescription>
          <detaileddescription>
<para>A new segment has been created. <parameterlist kind="param"><parameteritem>
<parameternamelist>
<parametername>s</parametername>
</parameternamelist>
<parameterdescription>
<para>(::segment_t *) </para></parameterdescription>
</parameteritem>
</parameterlist>
</para>          </detaileddescription>
        </enumvalue>
        <enumvalue id="namespaceidb__event_1a0feb6e648b4e6e3f0ed954abea672784a7a3545ea075ae05639425a1d4dbeb41a" prot="public">
          <name>segm_deleted</name>
          <briefdescription>
          </briefdescription>
          <detaileddescription>
<para>A segment has been deleted. <parameterlist kind="param"><parameteritem>
<parameternamelist>
<parametername>startEA</parametername>
</parameternamelist>
<parameterdescription>
<para>(::ea_t) </para></parameterdescription>
</parameteritem>
<parameteritem>
<parameternamelist>
<parametername>endEA</parametername>
</parameternamelist>
<parameterdescription>
<para>(::ea_t) </para></parameterdescription>
</parameteritem>
</parameterlist>
</para>          </detaileddescription>
        </enumvalue>
        <enumvalue id="namespaceidb__event_1a0feb6e648b4e6e3f0ed954abea672784a88eeff1a645f1ffe64130e5e915366ae" prot="public">
          <name>segm_start_changed</name>
          <briefdescription>
          </briefdescription>
          <detaileddescription>
<para>Segment start address has been changed. <parameterlist kind="param"><parameteritem>
<parameternamelist>
<parametername>s</parametername>
</parameternamelist>
<parameterdescription>
<para>(::segment_t *) </para></parameterdescription>
</parameteritem>
<parameteritem>
<parameternamelist>
<parametername>oldstart</parametername>
</parameternamelist>
<parameterdescription>
<para>(::ea_t) </para></parameterdescription>
</parameteritem>
</parameterlist>
</para>          </detaileddescription>
        </enumvalue>
        <enumvalue id="namespaceidb__event_1a0feb6e648b4e6e3f0ed954abea672784a63319dfd2cd613bd42eecd86ad5045ee" prot="public">
          <name>segm_end_changed</name>
          <briefdescription>
          </briefdescription>
          <detaileddescription>
<para>Segment end address has been changed. <parameterlist kind="param"><parameteritem>
<parameternamelist>
<parametername>s</parametername>
</parameternamelist>
<parameterdescription>
<para>(::segment_t *) </para></parameterdescription>
</parameteritem>
<parameteritem>
<parameternamelist>
<parametername>oldend</parametername>
</parameternamelist>
<parameterdescription>
<para>(::ea_t) </para></parameterdescription>
</parameteritem>
</parameterlist>
</para>          </detaileddescription>
        </enumvalue>
        <enumvalue id="namespaceidb__event_1a0feb6e648b4e6e3f0ed954abea672784a9462c0eec099edd1bb2f0d7e65acf2e5" prot="public">
          <name>segm_moved</name>
          <briefdescription>
          </briefdescription>
          <detaileddescription>
<para>Segment has been moved. <parameterlist kind="param"><parameteritem>
<parameternamelist>
<parametername>from</parametername>
</parameternamelist>
<parameterdescription>
<para>(::ea_t) </para></parameterdescription>
</parameteritem>
<parameteritem>
<parameternamelist>
<parametername>to</parametername>
</parameternamelist>
<parameterdescription>
<para>(::ea_t) </para></parameterdescription>
</parameteritem>
<parameteritem>
<parameternamelist>
<parametername>size</parametername>
</parameternamelist>
<parameterdescription>
<para>(::asize_t) See also <ref refid="namespaceidb__event_1a0feb6e648b4e6e3f0ed954abea672784a8ea711410c083b6d37d4dac1a066d4af" kindref="member">idb_event::allsegs_moved</ref> </para></parameterdescription>
</parameteritem>
</parameterlist>
</para>          </detaileddescription>
        </enumvalue>
        <enumvalue id="namespaceidb__event_1a0feb6e648b4e6e3f0ed954abea672784a7687b34e7961cc5a9c5f3b32b5782234" prot="public">
          <name>area_cmt_changed</name>
          <briefdescription>
          </briefdescription>
          <detaileddescription>
<para>Area comment has been changed. <parameterlist kind="param"><parameteritem>
<parameternamelist>
<parametername>cb</parametername>
</parameternamelist>
<parameterdescription>
<para>(::areacb_t *) may be: &amp;funcs, &amp;segs, etc. </para></parameterdescription>
</parameteritem>
<parameteritem>
<parameternamelist>
<parametername>a</parametername>
</parameternamelist>
<parameterdescription>
<para>(const ::area_t *) </para></parameterdescription>
</parameteritem>
<parameteritem>
<parameternamelist>
<parametername>cmt</parametername>
</parameternamelist>
<parameterdescription>
<para>(const char *) </para></parameterdescription>
</parameteritem>
<parameteritem>
<parameternamelist>
<parametername>repeatable</parametername>
</parameternamelist>
<parameterdescription>
<para>(bool) </para></parameterdescription>
</parameteritem>
</parameterlist>
</para>          </detaileddescription>
        </enumvalue>
        <enumvalue id="namespaceidb__event_1a0feb6e648b4e6e3f0ed954abea672784a6e36568a63b6f1fb6f4430b2705c80b7" prot="public">
          <name>changing_cmt</name>
          <briefdescription>
          </briefdescription>
          <detaileddescription>
<para>An item comment is to be changed. <parameterlist kind="param"><parameteritem>
<parameternamelist>
<parametername>ea</parametername>
</parameternamelist>
<parameterdescription>
<para>(::ea_t) </para></parameterdescription>
</parameteritem>
<parameteritem>
<parameternamelist>
<parametername>repeatable_cmt</parametername>
</parameternamelist>
<parameterdescription>
<para>(bool) </para></parameterdescription>
</parameteritem>
<parameteritem>
<parameternamelist>
<parametername>newcmt</parametername>
</parameternamelist>
<parameterdescription>
<para>(const char *) </para></parameterdescription>
</parameteritem>
</parameterlist>
</para>          </detaileddescription>
        </enumvalue>
        <enumvalue id="namespaceidb__event_1a0feb6e648b4e6e3f0ed954abea672784a371bef9a3bd062aa149c1923cfad750f" prot="public">
          <name>changing_ti</name>
          <briefdescription>
          </briefdescription>
          <detaileddescription>
<para>An item typestring (c/c++ prototype) is to be changed. <parameterlist kind="param"><parameteritem>
<parameternamelist>
<parametername>ea</parametername>
</parameternamelist>
<parameterdescription>
<para>(::ea_t) </para></parameterdescription>
</parameteritem>
<parameteritem>
<parameternamelist>
<parametername>new_type</parametername>
</parameternamelist>
<parameterdescription>
<para>(const ::type_t *) </para></parameterdescription>
</parameteritem>
<parameteritem>
<parameternamelist>
<parametername>new_fnames</parametername>
</parameternamelist>
<parameterdescription>
<para>(const ::p_list *) </para></parameterdescription>
</parameteritem>
</parameterlist>
</para>          </detaileddescription>
        </enumvalue>
        <enumvalue id="namespaceidb__event_1a0feb6e648b4e6e3f0ed954abea672784a5ac8e97367f0aa3519dff27fa073aae2" prot="public">
          <name>changing_op_ti</name>
          <briefdescription>
          </briefdescription>
          <detaileddescription>
<para>An operand typestring (c/c++ prototype) is to be changed. <parameterlist kind="param"><parameteritem>
<parameternamelist>
<parametername>ea</parametername>
</parameternamelist>
<parameterdescription>
<para>(::ea_t) </para></parameterdescription>
</parameteritem>
<parameteritem>
<parameternamelist>
<parametername>n</parametername>
</parameternamelist>
<parameterdescription>
<para>(int) </para></parameterdescription>
</parameteritem>
<parameteritem>
<parameternamelist>
<parametername>new_type</parametername>
</parameternamelist>
<parameterdescription>
<para>(const ::type_t *) </para></parameterdescription>
</parameteritem>
<parameteritem>
<parameternamelist>
<parametername>new_fnames</parametername>
</parameternamelist>
<parameterdescription>
<para>(const ::p_list *) </para></parameterdescription>
</parameteritem>
</parameterlist>
</para>          </detaileddescription>
        </enumvalue>
        <enumvalue id="namespaceidb__event_1a0feb6e648b4e6e3f0ed954abea672784a28b2f4b59788f5c5fb549e514fd55c36" prot="public">
          <name>changing_op_type</name>
          <briefdescription>
          </briefdescription>
          <detaileddescription>
<para>An operand type (offset, hex, etc...) is to be changed. <parameterlist kind="param"><parameteritem>
<parameternamelist>
<parametername>ea</parametername>
</parameternamelist>
<parameterdescription>
<para>(::ea_t) </para></parameterdescription>
</parameteritem>
<parameteritem>
<parameternamelist>
<parametername>n</parametername>
</parameternamelist>
<parameterdescription>
<para>(int) eventually or&apos;ed with OPND_OUTER </para></parameterdescription>
</parameteritem>
</parameterlist>
</para>          </detaileddescription>
        </enumvalue>
        <enumvalue id="namespaceidb__event_1a0feb6e648b4e6e3f0ed954abea672784ac7b2f8e2729a22e6e971a5724eeaa782" prot="public">
          <name>deleting_enum</name>
          <briefdescription>
          </briefdescription>
          <detaileddescription>
<para>An enum type is to be deleted. <parameterlist kind="param"><parameteritem>
<parameternamelist>
<parametername>id</parametername>
</parameternamelist>
<parameterdescription>
<para>(<ref refid="kernwin_8hpp_1a320dc6698b7075a653144bbdf202b30e" kindref="member">enum_t</ref>) </para></parameterdescription>
</parameteritem>
</parameterlist>
</para>          </detaileddescription>
        </enumvalue>
        <enumvalue id="namespaceidb__event_1a0feb6e648b4e6e3f0ed954abea672784a3d6beed7a92554959e7f07c2fdb096b1" prot="public">
          <name>changing_enum_bf</name>
          <briefdescription>
          </briefdescription>
          <detaileddescription>
<para>An enum type &apos;bitfield&apos; attribute is to be changed. <parameterlist kind="param"><parameteritem>
<parameternamelist>
<parametername>id</parametername>
</parameternamelist>
<parameterdescription>
<para>(<ref refid="kernwin_8hpp_1a320dc6698b7075a653144bbdf202b30e" kindref="member">enum_t</ref>) </para></parameterdescription>
</parameteritem>
<parameteritem>
<parameternamelist>
<parametername>new_bf</parametername>
</parameternamelist>
<parameterdescription>
<para>(bool) </para></parameterdescription>
</parameteritem>
</parameterlist>
</para>          </detaileddescription>
        </enumvalue>
        <enumvalue id="namespaceidb__event_1a0feb6e648b4e6e3f0ed954abea672784a02e9cb1a1b63c87650d66c211924b085" prot="public">
          <name>renaming_enum</name>
          <briefdescription>
          </briefdescription>
          <detaileddescription>
<para>An enum or enum member is to be renamed. <parameterlist kind="param"><parameteritem>
<parameternamelist>
<parametername>id</parametername>
</parameternamelist>
<parameterdescription>
<para>(::tid_t) </para></parameterdescription>
</parameteritem>
<parameteritem>
<parameternamelist>
<parametername>is_enum</parametername>
</parameternamelist>
<parameterdescription>
<para>(bool) </para></parameterdescription>
</parameteritem>
<parameteritem>
<parameternamelist>
<parametername>newname</parametername>
</parameternamelist>
<parameterdescription>
<para>(const char *) </para></parameterdescription>
</parameteritem>
</parameterlist>
</para>          </detaileddescription>
        </enumvalue>
        <enumvalue id="namespaceidb__event_1a0feb6e648b4e6e3f0ed954abea672784ab84084a44f501b6ad2fc73b2a6acc343" prot="public">
          <name>changing_enum_cmt</name>
          <briefdescription>
          </briefdescription>
          <detaileddescription>
<para>An enum or member type comment is to be changed. <parameterlist kind="param"><parameteritem>
<parameternamelist>
<parametername>id</parametername>
</parameternamelist>
<parameterdescription>
<para>(::tid_t) </para></parameterdescription>
</parameteritem>
<parameteritem>
<parameternamelist>
<parametername>repeatable</parametername>
</parameternamelist>
<parameterdescription>
<para>(bool) </para></parameterdescription>
</parameteritem>
<parameteritem>
<parameternamelist>
<parametername>newcmt</parametername>
</parameternamelist>
<parameterdescription>
<para>(const char *) </para></parameterdescription>
</parameteritem>
</parameterlist>
</para>          </detaileddescription>
        </enumvalue>
        <enumvalue id="namespaceidb__event_1a0feb6e648b4e6e3f0ed954abea672784a229fec3948882e94afc1ccc94de0f3d7" prot="public">
          <name>deleting_enum_const</name>
          <briefdescription>
          </briefdescription>
          <detaileddescription>
          </detaileddescription>
        </enumvalue>
        <enumvalue id="namespaceidb__event_1a0feb6e648b4e6e3f0ed954abea672784a44c6e2d976e1c0eb57942319efc9a096" prot="public">
          <name>deleting_struc</name>
          <briefdescription>
          </briefdescription>
          <detaileddescription>
<para>A structure type is to be deleted. <parameterlist kind="param"><parameteritem>
<parameternamelist>
<parametername>sptr</parametername>
</parameternamelist>
<parameterdescription>
<para>(::struc_t *) </para></parameterdescription>
</parameteritem>
</parameterlist>
</para>          </detaileddescription>
        </enumvalue>
        <enumvalue id="namespaceidb__event_1a0feb6e648b4e6e3f0ed954abea672784a23c3c8150be41fb310a1a911630eb215" prot="public">
          <name>renaming_struc</name>
          <briefdescription>
          </briefdescription>
          <detaileddescription>
<para>A structure type is to be renamed. <parameterlist kind="param"><parameteritem>
<parameternamelist>
<parametername>id</parametername>
</parameternamelist>
<parameterdescription>
<para>(::tid_t) </para></parameterdescription>
</parameteritem>
<parameteritem>
<parameternamelist>
<parametername>oldname</parametername>
</parameternamelist>
<parameterdescription>
<para>(const char *) </para></parameterdescription>
</parameteritem>
<parameteritem>
<parameternamelist>
<parametername>newname</parametername>
</parameternamelist>
<parameterdescription>
<para>(const char *) </para></parameterdescription>
</parameteritem>
</parameterlist>
</para>          </detaileddescription>
        </enumvalue>
        <enumvalue id="namespaceidb__event_1a0feb6e648b4e6e3f0ed954abea672784a4a54f1c372b823505d94eb1d9c41bfcc" prot="public">
          <name>expanding_struc</name>
          <briefdescription>
          </briefdescription>
          <detaileddescription>
<para>A structure type is to be expanded/shrunk. <parameterlist kind="param"><parameteritem>
<parameternamelist>
<parametername>sptr</parametername>
</parameternamelist>
<parameterdescription>
<para>(::struc_t *) </para></parameterdescription>
</parameteritem>
<parameteritem>
<parameternamelist>
<parametername>offset</parametername>
</parameternamelist>
<parameterdescription>
<para>(::ea_t) </para></parameterdescription>
</parameteritem>
<parameteritem>
<parameternamelist>
<parametername>delta</parametername>
</parameternamelist>
<parameterdescription>
<para>(::adiff_t) </para></parameterdescription>
</parameteritem>
</parameterlist>
</para>          </detaileddescription>
        </enumvalue>
        <enumvalue id="namespaceidb__event_1a0feb6e648b4e6e3f0ed954abea672784a52f0efff94852bb99a4e26343a6367d8" prot="public">
          <name>changing_struc_cmt</name>
          <briefdescription>
          </briefdescription>
          <detaileddescription>
<para>A structure type comment is to be changed. <parameterlist kind="param"><parameteritem>
<parameternamelist>
<parametername>struc_id</parametername>
</parameternamelist>
<parameterdescription>
<para>(::tid_t) </para></parameterdescription>
</parameteritem>
<parameteritem>
<parameternamelist>
<parametername>repeatable</parametername>
</parameternamelist>
<parameterdescription>
<para>(bool) </para></parameterdescription>
</parameteritem>
<parameteritem>
<parameternamelist>
<parametername>newcmt</parametername>
</parameternamelist>
<parameterdescription>
<para>(const char *) </para></parameterdescription>
</parameteritem>
</parameterlist>
</para>          </detaileddescription>
        </enumvalue>
        <enumvalue id="namespaceidb__event_1a0feb6e648b4e6e3f0ed954abea672784a389a940f8dcefb0f97f361086efd4f65" prot="public">
          <name>deleting_struc_member</name>
          <briefdescription>
          </briefdescription>
          <detaileddescription>
<para>A structure member is to be deleted. <parameterlist kind="param"><parameteritem>
<parameternamelist>
<parametername>sptr</parametername>
</parameternamelist>
<parameterdescription>
<para>(::struc_t *) </para></parameterdescription>
</parameteritem>
<parameteritem>
<parameternamelist>
<parametername>mptr</parametername>
</parameternamelist>
<parameterdescription>
<para>(::member_t *) </para></parameterdescription>
</parameteritem>
</parameterlist>
</para>          </detaileddescription>
        </enumvalue>
        <enumvalue id="namespaceidb__event_1a0feb6e648b4e6e3f0ed954abea672784a6d87a915206a68c1081da3b2b0ed65d6" prot="public">
          <name>renaming_struc_member</name>
          <briefdescription>
          </briefdescription>
          <detaileddescription>
<para>A structure member is to be renamed. <parameterlist kind="param"><parameteritem>
<parameternamelist>
<parametername>sptr</parametername>
</parameternamelist>
<parameterdescription>
<para>(::struc_t *) </para></parameterdescription>
</parameteritem>
<parameteritem>
<parameternamelist>
<parametername>mptr</parametername>
</parameternamelist>
<parameterdescription>
<para>(::member_t *) </para></parameterdescription>
</parameteritem>
<parameteritem>
<parameternamelist>
<parametername>newname</parametername>
</parameternamelist>
<parameterdescription>
<para>(const char *) </para></parameterdescription>
</parameteritem>
</parameterlist>
</para>          </detaileddescription>
        </enumvalue>
        <enumvalue id="namespaceidb__event_1a0feb6e648b4e6e3f0ed954abea672784aece3087ecd96086fe2e4c374f5efa2e5" prot="public">
          <name>changing_struc_member</name>
          <briefdescription>
          </briefdescription>
          <detaileddescription>
<para>A structure member is to be changed. <parameterlist kind="param"><parameteritem>
<parameternamelist>
<parametername>sptr</parametername>
</parameternamelist>
<parameterdescription>
<para>(::struc_t *) </para></parameterdescription>
</parameteritem>
<parameteritem>
<parameternamelist>
<parametername>mptr</parametername>
</parameternamelist>
<parameterdescription>
<para>(::member_t *) </para></parameterdescription>
</parameteritem>
<parameteritem>
<parameternamelist>
<parametername>flag</parametername>
</parameternamelist>
<parameterdescription>
<para>(::flags_t) </para></parameterdescription>
</parameteritem>
<parameteritem>
<parameternamelist>
<parametername>ti</parametername>
</parameternamelist>
<parameterdescription>
<para>(const ::opinfo_t *) </para></parameterdescription>
</parameteritem>
<parameteritem>
<parameternamelist>
<parametername>nbytes</parametername>
</parameternamelist>
<parameterdescription>
<para>(::asize_t) </para></parameterdescription>
</parameteritem>
</parameterlist>
</para>          </detaileddescription>
        </enumvalue>
        <enumvalue id="namespaceidb__event_1a0feb6e648b4e6e3f0ed954abea672784a6a4bc265913518491f230c21405c71a5" prot="public">
          <name>removing_func_tail</name>
          <briefdescription>
          </briefdescription>
          <detaileddescription>
<para>A function tail chunk is to be removed. <parameterlist kind="param"><parameteritem>
<parameternamelist>
<parametername>pfn</parametername>
</parameternamelist>
<parameterdescription>
<para>(::func_t *) </para></parameterdescription>
</parameteritem>
<parameteritem>
<parameternamelist>
<parametername>tail</parametername>
</parameternamelist>
<parameterdescription>
<para>(const ::area_t *) </para></parameterdescription>
</parameteritem>
</parameterlist>
</para>          </detaileddescription>
        </enumvalue>
        <enumvalue id="namespaceidb__event_1a0feb6e648b4e6e3f0ed954abea672784a48c45781b6c39f448fb52f9f340e9d8f" prot="public">
          <name>deleting_segm</name>
          <briefdescription>
          </briefdescription>
          <detaileddescription>
<para>A segment is to be deleted. <parameterlist kind="param"><parameteritem>
<parameternamelist>
<parametername>startEA</parametername>
</parameternamelist>
<parameterdescription>
<para>(::ea_t) </para></parameterdescription>
</parameteritem>
</parameterlist>
</para>          </detaileddescription>
        </enumvalue>
        <enumvalue id="namespaceidb__event_1a0feb6e648b4e6e3f0ed954abea672784a4e1f7cb4b5d1983f79f738506453ce3b" prot="public">
          <name>changing_segm_start</name>
          <briefdescription>
          </briefdescription>
          <detaileddescription>
<para>Segment start address is to be changed. <parameterlist kind="param"><parameteritem>
<parameternamelist>
<parametername>s</parametername>
</parameternamelist>
<parameterdescription>
<para>(::segment_t *) </para></parameterdescription>
</parameteritem>
<parameteritem>
<parameternamelist>
<parametername>new_start</parametername>
</parameternamelist>
<parameterdescription>
<para>(::ea_t) </para></parameterdescription>
</parameteritem>
<parameteritem>
<parameternamelist>
<parametername>segmod_flags</parametername>
</parameternamelist>
<parameterdescription>
<para>(int) </para></parameterdescription>
</parameteritem>
</parameterlist>
</para>          </detaileddescription>
        </enumvalue>
        <enumvalue id="namespaceidb__event_1a0feb6e648b4e6e3f0ed954abea672784ab1726a6f47618925b8f8100e07040919" prot="public">
          <name>changing_segm_end</name>
          <briefdescription>
          </briefdescription>
          <detaileddescription>
<para>Segment end address is to be changed. <parameterlist kind="param"><parameteritem>
<parameternamelist>
<parametername>s</parametername>
</parameternamelist>
<parameterdescription>
<para>(::segment_t *) </para></parameterdescription>
</parameteritem>
<parameteritem>
<parameternamelist>
<parametername>new_end</parametername>
</parameternamelist>
<parameterdescription>
<para>(::ea_t) </para></parameterdescription>
</parameteritem>
<parameteritem>
<parameternamelist>
<parametername>segmod_flags</parametername>
</parameternamelist>
<parameterdescription>
<para>(int) </para></parameterdescription>
</parameteritem>
</parameterlist>
</para>          </detaileddescription>
        </enumvalue>
        <enumvalue id="namespaceidb__event_1a0feb6e648b4e6e3f0ed954abea672784a09958dc5ca5ee23ea9e4dfa125efd2be" prot="public">
          <name>changing_area_cmt</name>
          <briefdescription>
          </briefdescription>
          <detaileddescription>
<para>Area comment is to be changed. <parameterlist kind="param"><parameteritem>
<parameternamelist>
<parametername>cb</parametername>
</parameternamelist>
<parameterdescription>
<para>(::areacb_t *) </para></parameterdescription>
</parameteritem>
<parameteritem>
<parameternamelist>
<parametername>a</parametername>
</parameternamelist>
<parameterdescription>
<para>(const ::area_t *) </para></parameterdescription>
</parameteritem>
<parameteritem>
<parameternamelist>
<parametername>cmt</parametername>
</parameternamelist>
<parameterdescription>
<para>(const char *) </para></parameterdescription>
</parameteritem>
<parameteritem>
<parameternamelist>
<parametername>repeatable</parametername>
</parameternamelist>
<parameterdescription>
<para>(bool) </para></parameterdescription>
</parameteritem>
</parameterlist>
</para>          </detaileddescription>
        </enumvalue>
        <enumvalue id="namespaceidb__event_1a0feb6e648b4e6e3f0ed954abea672784a22cef808b0962e799cf5df5e1404fc12" prot="public">
          <name>changing_segm_name</name>
          <briefdescription>
          </briefdescription>
          <detaileddescription>
<para>Segment name is being changed. <parameterlist kind="param"><parameteritem>
<parameternamelist>
<parametername>s</parametername>
</parameternamelist>
<parameterdescription>
<para>(::segment_t *) </para></parameterdescription>
</parameteritem>
<parameteritem>
<parameternamelist>
<parametername>oldname</parametername>
</parameternamelist>
<parameterdescription>
<para>(const char *) </para></parameterdescription>
</parameteritem>
</parameterlist>
</para>          </detaileddescription>
        </enumvalue>
        <enumvalue id="namespaceidb__event_1a0feb6e648b4e6e3f0ed954abea672784a83a5970435869194227ce466e107de1d" prot="public">
          <name>changing_segm_class</name>
          <briefdescription>
          </briefdescription>
          <detaileddescription>
<para>Segment class is being changed. <parameterlist kind="param"><parameteritem>
<parameternamelist>
<parametername>s</parametername>
</parameternamelist>
<parameterdescription>
<para>(::segment_t *) </para></parameterdescription>
</parameteritem>
</parameterlist>
</para>          </detaileddescription>
        </enumvalue>
        <enumvalue id="namespaceidb__event_1a0feb6e648b4e6e3f0ed954abea672784a3d4568393eae0d0531648effeeea4336" prot="public">
          <name>segm_name_changed</name>
          <briefdescription>
          </briefdescription>
          <detaileddescription>
<para>Segment name has been changed. <parameterlist kind="param"><parameteritem>
<parameternamelist>
<parametername>s</parametername>
</parameternamelist>
<parameterdescription>
<para>(::segment_t *) </para></parameterdescription>
</parameteritem>
<parameteritem>
<parameternamelist>
<parametername>name</parametername>
</parameternamelist>
<parameterdescription>
<para>(const char *) </para></parameterdescription>
</parameteritem>
</parameterlist>
</para>          </detaileddescription>
        </enumvalue>
        <enumvalue id="namespaceidb__event_1a0feb6e648b4e6e3f0ed954abea672784af625df046d04f5e248fe04d7ef95a713" prot="public">
          <name>segm_class_changed</name>
          <briefdescription>
          </briefdescription>
          <detaileddescription>
<para>Segment class has been changed. <parameterlist kind="param"><parameteritem>
<parameternamelist>
<parametername>s</parametername>
</parameternamelist>
<parameterdescription>
<para>(::segment_t *) </para></parameterdescription>
</parameteritem>
<parameteritem>
<parameternamelist>
<parametername>sclass</parametername>
</parameternamelist>
<parameterdescription>
<para>(const char *) </para></parameterdescription>
</parameteritem>
</parameterlist>
</para>          </detaileddescription>
        </enumvalue>
        <enumvalue id="namespaceidb__event_1a0feb6e648b4e6e3f0ed954abea672784ae772fc7fd57f4118c9ac9e9f451f23af" prot="public">
          <name>destroyed_items</name>
          <briefdescription>
          </briefdescription>
          <detaileddescription>
<para>Instructions/data have been destroyed in [ea1,ea2). <parameterlist kind="param"><parameteritem>
<parameternamelist>
<parametername>ea1</parametername>
</parameternamelist>
<parameterdescription>
<para>(::ea_t) </para></parameterdescription>
</parameteritem>
<parameteritem>
<parameternamelist>
<parametername>ea2</parametername>
</parameternamelist>
<parameterdescription>
<para>(::ea_t) </para></parameterdescription>
</parameteritem>
<parameteritem>
<parameternamelist>
<parametername>will_disable_range</parametername>
</parameternamelist>
<parameterdescription>
<para>(bool) </para></parameterdescription>
</parameteritem>
</parameterlist>
</para>          </detaileddescription>
        </enumvalue>
        <enumvalue id="namespaceidb__event_1a0feb6e648b4e6e3f0ed954abea672784a537542c5b725eaf8573a15d82876fcb7" prot="public">
          <name>changed_stkpnts</name>
          <briefdescription>
          </briefdescription>
          <detaileddescription>
<para>Stack change points have been modified. <parameterlist kind="param"><parameteritem>
<parameternamelist>
<parametername>pfn</parametername>
</parameternamelist>
<parameterdescription>
<para>(::func_t *) </para></parameterdescription>
</parameteritem>
</parameterlist>
</para>          </detaileddescription>
        </enumvalue>
        <enumvalue id="namespaceidb__event_1a0feb6e648b4e6e3f0ed954abea672784ac6c79757a7e2e85079cf483cc40a4154" prot="public">
          <name>extra_cmt_changed</name>
          <briefdescription>
          </briefdescription>
          <detaileddescription>
<para>An extra comment has been changed. <parameterlist kind="param"><parameteritem>
<parameternamelist>
<parametername>ea</parametername>
</parameternamelist>
<parameterdescription>
<para>(::ea_t) </para></parameterdescription>
</parameteritem>
<parameteritem>
<parameternamelist>
<parametername>line_idx</parametername>
</parameternamelist>
<parameterdescription>
<para>(int) </para></parameterdescription>
</parameteritem>
<parameteritem>
<parameternamelist>
<parametername>cmt</parametername>
</parameternamelist>
<parameterdescription>
<para>(const char *) </para></parameterdescription>
</parameteritem>
</parameterlist>
</para>          </detaileddescription>
        </enumvalue>
        <enumvalue id="namespaceidb__event_1a0feb6e648b4e6e3f0ed954abea672784a810446cd2f230775b561b8201ad31fe9" prot="public">
          <name>changing_struc</name>
          <briefdescription>
          </briefdescription>
          <detaileddescription>
<para>A structure type is being changed (the struct alignment). <parameterlist kind="param"><parameteritem>
<parameternamelist>
<parametername>sptr</parametername>
</parameternamelist>
<parameterdescription>
<para>(::struc_t *) </para></parameterdescription>
</parameteritem>
</parameterlist>
</para>          </detaileddescription>
        </enumvalue>
        <enumvalue id="namespaceidb__event_1a0feb6e648b4e6e3f0ed954abea672784a0d980786abbb4b6b454a299a63a4172c" prot="public">
          <name>changed_struc</name>
          <briefdescription>
          </briefdescription>
          <detaileddescription>
<para>A structure type has been changed (the struct alignment). <parameterlist kind="param"><parameteritem>
<parameternamelist>
<parametername>sptr</parametername>
</parameternamelist>
<parameterdescription>
<para>(::struc_t *) </para></parameterdescription>
</parameteritem>
</parameterlist>
</para>          </detaileddescription>
        </enumvalue>
        <enumvalue id="namespaceidb__event_1a0feb6e648b4e6e3f0ed954abea672784a1bbc5612bdcc569e4e7969a6bb4df252" prot="public">
          <name>local_types_changed</name>
          <briefdescription>
<para>Local types have been changed. </para>          </briefdescription>
          <detaileddescription>
          </detaileddescription>
        </enumvalue>
        <enumvalue id="namespaceidb__event_1a0feb6e648b4e6e3f0ed954abea672784aed17ee0dd61e5d6cd821fc0869188c08" prot="public">
          <name>segm_attrs_changed</name>
          <briefdescription>
          </briefdescription>
          <detaileddescription>
<para>Segment attributes has been changed. <parameterlist kind="param"><parameteritem>
<parameternamelist>
<parametername>s</parametername>
</parameternamelist>
<parameterdescription>
<para>(::segment_t *) This event is generated for secondary segment attributes (examples: color, permissions, etc) </para></parameterdescription>
</parameteritem>
</parameterlist>
</para>          </detaileddescription>
        </enumvalue>
        <enumvalue id="namespaceidb__event_1a0feb6e648b4e6e3f0ed954abea672784a8ea711410c083b6d37d4dac1a066d4af" prot="public">
          <name>allsegs_moved</name>
          <briefdescription>
          </briefdescription>
          <detaileddescription>
<para>Program rebasing is complete. This event is generated after series of segm_moved events <parameterlist kind="param"><parameteritem>
<parameternamelist>
<parametername>info</parametername>
</parameternamelist>
<parameterdescription>
<para>(::segm_move_infos_t *) </para></parameterdescription>
</parameteritem>
</parameterlist>
</para>          </detaileddescription>
        </enumvalue>
        <briefdescription>
<para>IDB event codes. </para>        </briefdescription>
        <detaileddescription>
        </detaileddescription>
        <inbodydescription>
        </inbodydescription>
        <location file="/home/aundro/idasrc/695/include/idp.hpp" line="2310" column="1" bodyfile="/home/aundro/idasrc/695/include/idp.hpp" bodystart="2309" bodyend="2589"/>
      </memberdef>
      </sectiondef>
    <briefdescription>
    </briefdescription>
    <detaileddescription>
<para>IDB event group. Some events are still in the processor group, so you will need to hook to both groups. These events do not return anything.</para><para>The callback function should return 0 but the kernel won&apos;t check it. Use the hook_to_notification_point() function to install your callback. </para>    </detaileddescription>
    <location file="/home/aundro/idasrc/695/include/idp.hpp" line="2305" column="1"/>
  </compounddef>
</doxygen>
