<?xml version='1.0' encoding='UTF-8' standalone='no'?>
<doxygen xmlns:xsi="http://www.w3.org/2001/XMLSchema-instance" xsi:noNamespaceSchemaLocation="compound.xsd" version="1.9.3" xml:lang="en-US">
  <compounddef id="srclang_8hpp" kind="file" language="C++">
    <compoundname>srclang.hpp</compoundname>
    <includes refid="typeinf_8hpp" local="no">typeinf.hpp</includes>
    <incdepgraph>
      <node id="39">
        <label>bitrange.hpp</label>
        <link refid="bitrange_8hpp"/>
      </node>
      <node id="34">
        <label>bytes.hpp</label>
        <link refid="bytes_8hpp"/>
        <childnode refid="28" relation="include">
        </childnode>
        <childnode refid="35" relation="include">
        </childnode>
        <childnode refid="30" relation="include">
        </childnode>
      </node>
      <node id="40">
        <label>config.hpp</label>
        <link refid="config_8hpp_source"/>
      </node>
      <node id="4">
        <label>fpro.h</label>
        <link refid="fpro_8h"/>
        <childnode refid="5" relation="include">
        </childnode>
        <childnode refid="9" relation="include">
        </childnode>
      </node>
      <node id="33">
        <label>funcs.hpp</label>
        <link refid="funcs_8hpp"/>
        <childnode refid="30" relation="include">
        </childnode>
        <childnode refid="34" relation="include">
        </childnode>
      </node>
      <node id="29">
        <label>ida.hpp</label>
        <link refid="ida_8hpp"/>
        <childnode refid="5" relation="include">
        </childnode>
        <childnode refid="30" relation="include">
        </childnode>
      </node>
      <node id="3">
        <label>idp.hpp</label>
        <link refid="idp_8hpp"/>
        <childnode refid="4" relation="include">
        </childnode>
        <childnode refid="27" relation="include">
        </childnode>
        <childnode refid="28" relation="include">
        </childnode>
        <childnode refid="32" relation="include">
        </childnode>
        <childnode refid="33" relation="include">
        </childnode>
        <childnode refid="36" relation="include">
        </childnode>
        <childnode refid="39" relation="include">
        </childnode>
        <childnode refid="40" relation="include">
        </childnode>
      </node>
      <node id="27">
        <label>ieee.h</label>
        <link refid="ieee_8h"/>
      </node>
      <node id="37">
        <label>kernwin.hpp</label>
        <link refid="kernwin_8hpp"/>
      </node>
      <node id="35">
        <label>lines.hpp</label>
        <link refid="lines_8hpp"/>
        <childnode refid="29" relation="include">
        </childnode>
      </node>
      <node id="26">
        <label>llong.hpp</label>
        <link refid="llong_8hpp_source"/>
      </node>
      <node id="28">
        <label>nalt.hpp</label>
        <link refid="nalt_8hpp"/>
        <childnode refid="29" relation="include">
        </childnode>
        <childnode refid="31" relation="include">
        </childnode>
      </node>
      <node id="41">
        <label>name.hpp</label>
        <link refid="name_8hpp"/>
        <childnode refid="29" relation="include">
        </childnode>
      </node>
      <node id="31">
        <label>netnode.hpp</label>
        <link refid="netnode_8hpp"/>
        <childnode refid="30" relation="include">
        </childnode>
      </node>
      <node id="5">
        <label>pro.h</label>
        <link refid="pro_8h"/>
        <childnode refid="6" relation="include">
        </childnode>
        <childnode refid="7" relation="include">
        </childnode>
        <childnode refid="8" relation="include">
        </childnode>
        <childnode refid="9" relation="include">
        </childnode>
        <childnode refid="10" relation="include">
        </childnode>
        <childnode refid="11" relation="include">
        </childnode>
        <childnode refid="12" relation="include">
        </childnode>
        <childnode refid="13" relation="include">
        </childnode>
        <childnode refid="14" relation="include">
        </childnode>
        <childnode refid="15" relation="include">
        </childnode>
        <childnode refid="16" relation="include">
        </childnode>
        <childnode refid="17" relation="include">
        </childnode>
        <childnode refid="18" relation="include">
        </childnode>
        <childnode refid="19" relation="include">
        </childnode>
        <childnode refid="20" relation="include">
        </childnode>
        <childnode refid="21" relation="include">
        </childnode>
        <childnode refid="22" relation="include">
        </childnode>
        <childnode refid="23" relation="include">
        </childnode>
        <childnode refid="24" relation="include">
        </childnode>
        <childnode refid="25" relation="include">
        </childnode>
        <childnode refid="26" relation="include">
        </childnode>
      </node>
      <node id="30">
        <label>range.hpp</label>
        <link refid="range_8hpp"/>
      </node>
      <node id="32">
        <label>segment.hpp</label>
        <link refid="segment_8hpp"/>
        <childnode refid="29" relation="include">
        </childnode>
        <childnode refid="30" relation="include">
        </childnode>
      </node>
      <node id="1">
        <label>obj/x64_linux_gcc_32_opt/idasdk/srclang.hpp</label>
        <link refid="srclang_8hpp"/>
        <childnode refid="2" relation="include">
        </childnode>
      </node>
      <node id="2">
        <label>typeinf.hpp</label>
        <link refid="typeinf_8hpp"/>
        <childnode refid="3" relation="include">
        </childnode>
        <childnode refid="41" relation="include">
        </childnode>
      </node>
      <node id="36">
        <label>ua.hpp</label>
        <link refid="ua_8hpp"/>
        <childnode refid="37" relation="include">
        </childnode>
        <childnode refid="35" relation="include">
        </childnode>
        <childnode refid="38" relation="include">
        </childnode>
        <childnode refid="34" relation="include">
        </childnode>
      </node>
      <node id="38">
        <label>xref.hpp</label>
        <link refid="xref_8hpp"/>
      </node>
      <node id="22">
        <label>algorithm</label>
      </node>
      <node id="10">
        <label>assert.h</label>
      </node>
      <node id="12">
        <label>ctype.h</label>
      </node>
      <node id="19">
        <label>direct.h</label>
      </node>
      <node id="23">
        <label>fcntl.h</label>
      </node>
      <node id="18">
        <label>io.h</label>
      </node>
      <node id="11">
        <label>limits.h</label>
      </node>
      <node id="16">
        <label>malloc.h</label>
      </node>
      <node id="21">
        <label>map</label>
      </node>
      <node id="14">
        <label>new</label>
      </node>
      <node id="20">
        <label>set</label>
      </node>
      <node id="7">
        <label>stdarg.h</label>
      </node>
      <node id="8">
        <label>stddef.h</label>
      </node>
      <node id="9">
        <label>stdio.h</label>
      </node>
      <node id="6">
        <label>stdlib.h</label>
      </node>
      <node id="15">
        <label>string</label>
      </node>
      <node id="17">
        <label>string.h</label>
      </node>
      <node id="25">
        <label>sys/stat.h</label>
      </node>
      <node id="24">
        <label>sys/types.h</label>
      </node>
      <node id="13">
        <label>time.h</label>
      </node>
    </incdepgraph>
      <sectiondef kind="define">
      <memberdef kind="define" id="srclang_8hpp_1aa6ea496c979e3a400e7090fdf311d86c" prot="public" static="no">
        <name>SRCLANG_C</name>
        <initializer>0x01</initializer>
        <briefdescription>
<para>C. </para>
        </briefdescription>
        <detaileddescription>
        </detaileddescription>
        <inbodydescription>
        </inbodydescription>
        <location file="obj/x64_linux_gcc_32_opt/idasdk/srclang.hpp" line="13" column="9" bodyfile="obj/x64_linux_gcc_32_opt/idasdk/srclang.hpp" bodystart="13" bodyend="-1"/>
      </memberdef>
      <memberdef kind="define" id="srclang_8hpp_1a2250dc38e5263b75886990f8a83db33b" prot="public" static="no">
        <name>SRCLANG_CPP</name>
        <initializer>0x02</initializer>
        <briefdescription>
<para>C++. </para>
        </briefdescription>
        <detaileddescription>
        </detaileddescription>
        <inbodydescription>
        </inbodydescription>
        <location file="obj/x64_linux_gcc_32_opt/idasdk/srclang.hpp" line="14" column="9" bodyfile="obj/x64_linux_gcc_32_opt/idasdk/srclang.hpp" bodystart="14" bodyend="-1"/>
      </memberdef>
      <memberdef kind="define" id="srclang_8hpp_1ac0cade4617b95d60cbba6397b18b382a" prot="public" static="no">
        <name>SRCLANG_OBJC</name>
        <initializer>0x04</initializer>
        <briefdescription>
<para>Objective-C. </para>
        </briefdescription>
        <detaileddescription>
        </detaileddescription>
        <inbodydescription>
        </inbodydescription>
        <location file="obj/x64_linux_gcc_32_opt/idasdk/srclang.hpp" line="15" column="9" bodyfile="obj/x64_linux_gcc_32_opt/idasdk/srclang.hpp" bodystart="15" bodyend="-1"/>
      </memberdef>
      <memberdef kind="define" id="srclang_8hpp_1a65b7cac683ef4bd07f38bcc0faf0a737" prot="public" static="no">
        <name>SRCLANG_SWIFT</name>
        <initializer>0x08</initializer>
        <briefdescription>
<para>Swift (not supported yet) </para>
        </briefdescription>
        <detaileddescription>
        </detaileddescription>
        <inbodydescription>
        </inbodydescription>
        <location file="obj/x64_linux_gcc_32_opt/idasdk/srclang.hpp" line="16" column="9" bodyfile="obj/x64_linux_gcc_32_opt/idasdk/srclang.hpp" bodystart="16" bodyend="-1"/>
      </memberdef>
      <memberdef kind="define" id="srclang_8hpp_1aef8b595a99427b92261627b43920a9dd" prot="public" static="no">
        <name>SRCLANG_GO</name>
        <initializer>0x10</initializer>
        <briefdescription>
<para>Golang (not supported yet) </para>
        </briefdescription>
        <detaileddescription>
        </detaileddescription>
        <inbodydescription>
        </inbodydescription>
        <location file="obj/x64_linux_gcc_32_opt/idasdk/srclang.hpp" line="17" column="9" bodyfile="obj/x64_linux_gcc_32_opt/idasdk/srclang.hpp" bodystart="17" bodyend="-1"/>
      </memberdef>
      </sectiondef>
      <sectiondef kind="typedef">
      <memberdef kind="typedef" id="srclang_8hpp_1a831f86620637dc18ba5611e5305e3d24" prot="public" static="no">
        <type>int</type>
        <definition>typedef int srclang_t</definition>
        <argsstring></argsstring>
        <name>srclang_t</name>
        <briefdescription>
<para>Bitmask that describes all source languages supported by a compiler. Combination of <ref refid="group___s_r_c_l_a_n_g__" kindref="compound">Source language IDs</ref> values. </para>
        </briefdescription>
        <detaileddescription>
        </detaileddescription>
        <inbodydescription>
        </inbodydescription>
        <location file="obj/x64_linux_gcc_32_opt/idasdk/srclang.hpp" line="21" column="13" bodyfile="obj/x64_linux_gcc_32_opt/idasdk/srclang.hpp" bodystart="21" bodyend="-1"/>
      </memberdef>
      </sectiondef>
      <sectiondef kind="func">
      <memberdef kind="function" id="srclang_8hpp_1a12c0d69ab7bb5137f4eedab18bcd7882" prot="public" static="no" const="no" explicit="no" inline="no" virt="non-virtual">
        <type>idaman bool ida_export</type>
        <definition>idaman bool ida_export select_parser_by_name</definition>
        <argsstring>(const char *name)</argsstring>
        <name>select_parser_by_name</name>
        <param>
          <type>const char *</type>
          <declname>name</declname>
        </param>
        <briefdescription>
        </briefdescription>
        <detaileddescription>
<para>Set the parser with the given name as the current parser. Pass nullptr or an empty string to select the default parser. <simplesect kind="return"><para>false if no parser was found with the given name </para>
</simplesect>
</para>
        </detaileddescription>
        <inbodydescription>
        </inbodydescription>
        <location file="obj/x64_linux_gcc_32_opt/idasdk/srclang.hpp" line="28" column="24" declfile="obj/x64_linux_gcc_32_opt/idasdk/srclang.hpp" declline="28" declcolumn="24"/>
      </memberdef>
      <memberdef kind="function" id="srclang_8hpp_1a40c4bfc7966c4383f72b023bcd55cd13" prot="public" static="no" const="no" explicit="no" inline="no" virt="non-virtual">
        <type>idaman bool ida_export</type>
        <definition>idaman bool ida_export select_parser_by_srclang</definition>
        <argsstring>(srclang_t lang)</argsstring>
        <name>select_parser_by_srclang</name>
        <param>
          <type><ref refid="srclang_8hpp_1a831f86620637dc18ba5611e5305e3d24" kindref="member">srclang_t</ref></type>
          <declname>lang</declname>
        </param>
        <briefdescription>
        </briefdescription>
        <detaileddescription>
<para>Set the parser that supports the given language(s) as the current parser. The selected parser must support all languages specified by the given <ref refid="srclang_8hpp_1a831f86620637dc18ba5611e5305e3d24" kindref="member">srclang_t</ref>. <simplesect kind="return"><para>false if no such parser was found </para>
</simplesect>
</para>
        </detaileddescription>
        <inbodydescription>
        </inbodydescription>
        <location file="obj/x64_linux_gcc_32_opt/idasdk/srclang.hpp" line="35" column="24" declfile="obj/x64_linux_gcc_32_opt/idasdk/srclang.hpp" declline="35" declcolumn="24"/>
      </memberdef>
      <memberdef kind="function" id="srclang_8hpp_1a815c70b8fca15ce8c9f7c372bda9b142" prot="public" static="no" const="no" explicit="no" inline="no" virt="non-virtual">
        <type>idaman int ida_export</type>
        <definition>idaman int ida_export set_parser_argv</definition>
        <argsstring>(const char *parser_name, const char *argv)</argsstring>
        <name>set_parser_argv</name>
        <param>
          <type>const char *</type>
          <declname>parser_name</declname>
        </param>
        <param>
          <type>const char *</type>
          <declname>argv</declname>
        </param>
        <briefdescription>
        </briefdescription>
        <detaileddescription>
<para>Set the command-line args to use for invocations of the parser with the given name <parameterlist kind="param"><parameteritem>
<parameternamelist>
<parametername>parser_name</parametername>
</parameternamelist>
<parameterdescription>
<para>name of the target parser </para>
</parameterdescription>
</parameteritem>
<parameteritem>
<parameternamelist>
<parametername>argv</parametername>
</parameternamelist>
<parameterdescription>
<para>argument list </para>
</parameterdescription>
</parameteritem>
</parameterlist>
<parameterlist kind="retval"><parameteritem>
<parameternamelist>
<parametername>-1</parametername>
</parameternamelist>
<parameterdescription>
<para>no parser was found with the given name </para>
</parameterdescription>
</parameteritem>
<parameteritem>
<parameternamelist>
<parametername>-2</parametername>
</parameternamelist>
<parameterdescription>
<para>the operation is not supported by the given parser </para>
</parameterdescription>
</parameteritem>
<parameteritem>
<parameternamelist>
<parametername>0</parametername>
</parameternamelist>
<parameterdescription>
<para>success </para>
</parameterdescription>
</parameteritem>
</parameterlist>
</para>
        </detaileddescription>
        <inbodydescription>
        </inbodydescription>
        <location file="obj/x64_linux_gcc_32_opt/idasdk/srclang.hpp" line="45" column="23" declfile="obj/x64_linux_gcc_32_opt/idasdk/srclang.hpp" declline="45" declcolumn="23"/>
      </memberdef>
      <memberdef kind="function" id="srclang_8hpp_1a706ea36f8fc85fbe8252f10a37c25d96" prot="public" static="no" const="no" explicit="no" inline="no" virt="non-virtual">
        <type>idaman int ida_export</type>
        <definition>idaman int ida_export parse_decls_for_srclang</definition>
        <argsstring>(srclang_t lang, til_t *til, const char *input, bool is_path)</argsstring>
        <name>parse_decls_for_srclang</name>
        <param>
          <type><ref refid="srclang_8hpp_1a831f86620637dc18ba5611e5305e3d24" kindref="member">srclang_t</ref></type>
          <declname>lang</declname>
        </param>
        <param>
          <type><ref refid="structtil__t" kindref="compound">til_t</ref> *</type>
          <declname>til</declname>
        </param>
        <param>
          <type>const char *</type>
          <declname>input</declname>
        </param>
        <param>
          <type>bool</type>
          <declname>is_path</declname>
        </param>
        <briefdescription>
        </briefdescription>
        <detaileddescription>
<para>Parse type declarations in the specified language <parameterlist kind="param"><parameteritem>
<parameternamelist>
<parametername>lang</parametername>
</parameternamelist>
<parameterdescription>
<para>the source language(s) expected in the input </para>
</parameterdescription>
</parameteritem>
<parameteritem>
<parameternamelist>
<parametername>til</parametername>
</parameternamelist>
<parameterdescription>
<para>type library to store the types </para>
</parameterdescription>
</parameteritem>
<parameteritem>
<parameternamelist>
<parametername>input</parametername>
</parameternamelist>
<parameterdescription>
<para>input source. can be a file path or decl string </para>
</parameterdescription>
</parameteritem>
<parameteritem>
<parameternamelist>
<parametername>is_path</parametername>
</parameternamelist>
<parameterdescription>
<para>true if input parameter is a path to a source file, false if the input is an in-memory source snippet </para>
</parameterdescription>
</parameteritem>
</parameterlist>
<parameterlist kind="retval"><parameteritem>
<parameternamelist>
<parametername>-1</parametername>
</parameternamelist>
<parameterdescription>
<para>no parser was found that supports the given source language(s) </para>
</parameterdescription>
</parameteritem>
<parameteritem>
<parameternamelist>
<parametername>else</parametername>
</parameternamelist>
<parameterdescription>
<para>the number of errors encountered in the input source </para>
</parameterdescription>
</parameteritem>
</parameterlist>
</para>
        </detaileddescription>
        <inbodydescription>
        </inbodydescription>
        <location file="obj/x64_linux_gcc_32_opt/idasdk/srclang.hpp" line="56" column="23" declfile="obj/x64_linux_gcc_32_opt/idasdk/srclang.hpp" declline="56" declcolumn="23"/>
      </memberdef>
      <memberdef kind="function" id="srclang_8hpp_1adeb2bed2a15b36e65dd2996191b616fb" prot="public" static="no" const="no" explicit="no" inline="no" virt="non-virtual">
        <type>idaman int ida_export</type>
        <definition>idaman int ida_export parse_decls_with_parser</definition>
        <argsstring>(const char *parser_name, til_t *til, const char *input, bool is_path)</argsstring>
        <name>parse_decls_with_parser</name>
        <param>
          <type>const char *</type>
          <declname>parser_name</declname>
        </param>
        <param>
          <type><ref refid="structtil__t" kindref="compound">til_t</ref> *</type>
          <declname>til</declname>
        </param>
        <param>
          <type>const char *</type>
          <declname>input</declname>
        </param>
        <param>
          <type>bool</type>
          <declname>is_path</declname>
        </param>
        <briefdescription>
        </briefdescription>
        <detaileddescription>
<para>Parse type declarations using the parser with the specified name <parameterlist kind="param"><parameteritem>
<parameternamelist>
<parametername>parser_name</parametername>
</parameternamelist>
<parameterdescription>
<para>name of the target parser </para>
</parameterdescription>
</parameteritem>
<parameteritem>
<parameternamelist>
<parametername>til</parametername>
</parameternamelist>
<parameterdescription>
<para>type library to store the types </para>
</parameterdescription>
</parameteritem>
<parameteritem>
<parameternamelist>
<parametername>input</parametername>
</parameternamelist>
<parameterdescription>
<para>input source. can be a file path or decl string </para>
</parameterdescription>
</parameteritem>
<parameteritem>
<parameternamelist>
<parametername>is_path</parametername>
</parameternamelist>
<parameterdescription>
<para>true if input parameter is a path to a source file, false if the input is an in-memory source snippet </para>
</parameterdescription>
</parameteritem>
</parameterlist>
<parameterlist kind="retval"><parameteritem>
<parameternamelist>
<parametername>-1</parametername>
</parameternamelist>
<parameterdescription>
<para>no parser was found with the given name </para>
</parameterdescription>
</parameteritem>
<parameteritem>
<parameternamelist>
<parametername>else</parametername>
</parameternamelist>
<parameterdescription>
<para>the number of errors encountered in the input source </para>
</parameterdescription>
</parameteritem>
</parameterlist>
</para>
        </detaileddescription>
        <inbodydescription>
        </inbodydescription>
        <location file="obj/x64_linux_gcc_32_opt/idasdk/srclang.hpp" line="71" column="23" declfile="obj/x64_linux_gcc_32_opt/idasdk/srclang.hpp" declline="71" declcolumn="23"/>
      </memberdef>
      </sectiondef>
    <briefdescription>
<para>Third-party compiler support. </para>
    </briefdescription>
    <detaileddescription>
    </detaileddescription>
    <location file="obj/x64_linux_gcc_32_opt/idasdk/srclang.hpp"/>
  </compounddef>
</doxygen>
