<?xml version='1.0' encoding='UTF-8' standalone='no'?>
<doxygen xmlns:xsi="http://www.w3.org/2001/XMLSchema-instance" xsi:noNamespaceSchemaLocation="compound.xsd" version="1.9.3" xml:lang="en-US">
  <compounddef id="structcfor__t" kind="struct" language="C++" prot="public">
    <compoundname>cfor_t</compoundname>
    <basecompoundref refid="structcloop__t" prot="public" virt="non-virtual">cloop_t</basecompoundref>
    <includes refid="hexrays_8hpp" local="no">hexrays.hpp</includes>
      <sectiondef kind="public-attrib">
      <memberdef kind="variable" id="structcfor__t_1a10f40e9c30337456730c45f429e40e0d" prot="public" static="no" mutable="no">
        <type><ref refid="structcexpr__t" kindref="compound">cexpr_t</ref></type>
        <definition>cexpr_t cfor_t::init</definition>
        <argsstring></argsstring>
        <name>init</name>
        <qualifiedname>cfor_t::init</qualifiedname>
        <briefdescription>
<para>Initialization expression. </para>
        </briefdescription>
        <detaileddescription>
        </detaileddescription>
        <inbodydescription>
        </inbodydescription>
        <location file="obj/x64_linux_gcc_32_opt/idasdk/hexrays.hpp" line="6367" column="11" bodyfile="obj/x64_linux_gcc_32_opt/idasdk/hexrays.hpp" bodystart="6367" bodyend="-1"/>
      </memberdef>
      <memberdef kind="variable" id="structcfor__t_1a850dfa47bc9396c6e10ce00c3bd57924" prot="public" static="no" mutable="no">
        <type><ref refid="structcexpr__t" kindref="compound">cexpr_t</ref></type>
        <definition>cexpr_t cfor_t::step</definition>
        <argsstring></argsstring>
        <name>step</name>
        <qualifiedname>cfor_t::step</qualifiedname>
        <briefdescription>
<para>Step expression. </para>
        </briefdescription>
        <detaileddescription>
        </detaileddescription>
        <inbodydescription>
        </inbodydescription>
        <location file="obj/x64_linux_gcc_32_opt/idasdk/hexrays.hpp" line="6368" column="11" bodyfile="obj/x64_linux_gcc_32_opt/idasdk/hexrays.hpp" bodystart="6368" bodyend="-1"/>
      </memberdef>
      </sectiondef>
    <briefdescription>
<para>For-loop. </para>
    </briefdescription>
    <detaileddescription>
    </detaileddescription>
    <inheritancegraph>
      <node id="3">
        <label>ceinsn_t</label>
        <link refid="structceinsn__t"/>
      </node>
      <node id="1">
        <label>cfor_t</label>
        <link refid="structcfor__t"/>
        <childnode refid="2" relation="public-inheritance">
        </childnode>
      </node>
      <node id="2">
        <label>cloop_t</label>
        <link refid="structcloop__t"/>
        <childnode refid="3" relation="public-inheritance">
        </childnode>
      </node>
    </inheritancegraph>
    <collaborationgraph>
      <node id="8">
        <label>_qstring&lt; char &gt;</label>
        <link refid="class__qstring"/>
      </node>
      <node id="44">
        <label>argloc_t</label>
        <link refid="classargloc__t"/>
        <childnode refid="45" relation="usage">
          <edgelabel>rrel</edgelabel>
        </childnode>
        <childnode refid="46" relation="usage">
          <edgelabel>dist</edgelabel>
        </childnode>
      </node>
      <node id="47">
        <label>argpartvec_t</label>
        <link refid="classqvector"/>
      </node>
      <node id="28">
        <label>bitset_t</label>
        <link refid="classbitset__t"/>
      </node>
      <node id="57">
        <label>carglist_t</label>
        <link refid="structcarglist__t"/>
        <childnode refid="58" relation="public-inheritance">
        </childnode>
        <childnode refid="29" relation="usage">
          <edgelabel>functype</edgelabel>
        </childnode>
      </node>
      <node id="70">
        <label>casm_t</label>
        <link refid="structcasm__t"/>
        <childnode refid="71" relation="public-inheritance">
        </childnode>
      </node>
      <node id="60">
        <label>cblock_t</label>
        <link refid="structcblock__t"/>
        <childnode refid="61" relation="public-inheritance">
        </childnode>
      </node>
      <node id="66">
        <label>ccases_t</label>
        <link refid="structccases__t"/>
        <childnode refid="67" relation="public-inheritance">
        </childnode>
      </node>
      <node id="64">
        <label>cdo_t</label>
        <link refid="structcdo__t"/>
        <childnode refid="2" relation="public-inheritance">
        </childnode>
      </node>
      <node id="3">
        <label>ceinsn_t</label>
        <link refid="structceinsn__t"/>
        <childnode refid="4" relation="usage">
          <edgelabel>expr</edgelabel>
        </childnode>
      </node>
      <node id="4">
        <label>cexpr_t</label>
        <link refid="structcexpr__t"/>
        <childnode refid="5" relation="public-inheritance">
        </childnode>
        <childnode refid="6" relation="usage">
          <edgelabel>n</edgelabel>
        </childnode>
        <childnode refid="9" relation="usage">
          <edgelabel>fpc</edgelabel>
        </childnode>
        <childnode refid="11" relation="usage">
          <edgelabel>v</edgelabel>
        </childnode>
        <childnode refid="4" relation="usage">
          <edgelabel>x</edgelabel>
          <edgelabel>y</edgelabel>
          <edgelabel>z</edgelabel>
        </childnode>
        <childnode refid="57" relation="usage">
          <edgelabel>a</edgelabel>
        </childnode>
        <childnode refid="59" relation="usage">
          <edgelabel>insn</edgelabel>
        </childnode>
        <childnode refid="29" relation="usage">
          <edgelabel>type</edgelabel>
        </childnode>
      </node>
      <node id="1">
        <label>cfor_t</label>
        <link refid="structcfor__t"/>
        <childnode refid="2" relation="public-inheritance">
        </childnode>
        <childnode refid="4" relation="usage">
          <edgelabel>init</edgelabel>
          <edgelabel>step</edgelabel>
        </childnode>
      </node>
      <node id="69">
        <label>cgoto_t</label>
        <link refid="structcgoto__t"/>
      </node>
      <node id="62">
        <label>cif_t</label>
        <link refid="structcif__t"/>
        <childnode refid="3" relation="public-inheritance">
        </childnode>
        <childnode refid="59" relation="usage">
          <edgelabel>ielse</edgelabel>
          <edgelabel>ithen</edgelabel>
        </childnode>
      </node>
      <node id="61">
        <label>cinsn_list_t</label>
        <link refid="classqlist"/>
      </node>
      <node id="59">
        <label>cinsn_t</label>
        <link refid="structcinsn__t"/>
        <childnode refid="5" relation="public-inheritance">
        </childnode>
        <childnode refid="60" relation="usage">
          <edgelabel>cblock</edgelabel>
        </childnode>
        <childnode refid="4" relation="usage">
          <edgelabel>cexpr</edgelabel>
        </childnode>
        <childnode refid="62" relation="usage">
          <edgelabel>cif</edgelabel>
        </childnode>
        <childnode refid="1" relation="usage">
          <edgelabel>cfor</edgelabel>
        </childnode>
        <childnode refid="63" relation="usage">
          <edgelabel>cwhile</edgelabel>
        </childnode>
        <childnode refid="64" relation="usage">
          <edgelabel>cdo</edgelabel>
        </childnode>
        <childnode refid="65" relation="usage">
          <edgelabel>cswitch</edgelabel>
        </childnode>
        <childnode refid="68" relation="usage">
          <edgelabel>creturn</edgelabel>
        </childnode>
        <childnode refid="69" relation="usage">
          <edgelabel>cgoto</edgelabel>
        </childnode>
        <childnode refid="70" relation="usage">
          <edgelabel>casm</edgelabel>
        </childnode>
      </node>
      <node id="5">
        <label>citem_t</label>
        <link refid="structcitem__t"/>
      </node>
      <node id="2">
        <label>cloop_t</label>
        <link refid="structcloop__t"/>
        <childnode refid="3" relation="public-inheritance">
        </childnode>
        <childnode refid="59" relation="usage">
          <edgelabel>body</edgelabel>
        </childnode>
      </node>
      <node id="6">
        <label>cnumber_t</label>
        <link refid="structcnumber__t"/>
        <childnode refid="7" relation="usage">
          <edgelabel>nf</edgelabel>
        </childnode>
      </node>
      <node id="68">
        <label>creturn_t</label>
        <link refid="structcreturn__t"/>
        <childnode refid="3" relation="public-inheritance">
        </childnode>
      </node>
      <node id="65">
        <label>cswitch_t</label>
        <link refid="structcswitch__t"/>
        <childnode refid="3" relation="public-inheritance">
        </childnode>
        <childnode refid="6" relation="usage">
          <edgelabel>mvnf</edgelabel>
        </childnode>
        <childnode refid="66" relation="usage">
          <edgelabel>cases</edgelabel>
        </childnode>
      </node>
      <node id="63">
        <label>cwhile_t</label>
        <link refid="structcwhile__t"/>
        <childnode refid="2" relation="public-inheritance">
        </childnode>
      </node>
      <node id="71">
        <label>eavec_t</label>
        <link refid="classqvector"/>
      </node>
      <node id="9">
        <label>fnumber_t</label>
        <link refid="structfnumber__t"/>
        <childnode refid="10" relation="usage">
          <edgelabel>fnum</edgelabel>
        </childnode>
      </node>
      <node id="10">
        <label>fpvalue_t</label>
        <link refid="structfpvalue__t"/>
      </node>
      <node id="14">
        <label>func_t</label>
        <link refid="classfunc__t"/>
        <childnode refid="15" relation="public-inheritance">
        </childnode>
        <childnode refid="16" relation="usage">
          <edgelabel>points</edgelabel>
        </childnode>
        <childnode refid="17" relation="usage">
          <edgelabel>regvars</edgelabel>
        </childnode>
        <childnode refid="18" relation="usage">
          <edgelabel>regargs</edgelabel>
        </childnode>
        <childnode refid="15" relation="usage">
          <edgelabel>tails</edgelabel>
        </childnode>
      </node>
      <node id="21">
        <label>ivl_t</label>
        <link refid="structivl__t"/>
        <childnode refid="22" relation="public-inheritance">
        </childnode>
        <childnode refid="21" relation="usage">
          <edgelabel>allmem</edgelabel>
        </childnode>
      </node>
      <node id="55">
        <label>ivl_with_name_t</label>
        <link refid="structivl__with__name__t"/>
        <childnode refid="21" relation="usage">
          <edgelabel>ivl</edgelabel>
        </childnode>
      </node>
      <node id="23">
        <label>ivlset_t</label>
        <link refid="structivlset__t"/>
        <childnode refid="24" relation="public-inheritance">
        </childnode>
      </node>
      <node id="49">
        <label>lvar_ref_t</label>
        <link refid="structlvar__ref__t"/>
        <childnode refid="12" relation="usage">
          <edgelabel>mba</edgelabel>
        </childnode>
      </node>
      <node id="32">
        <label>lvars_t</label>
        <link refid="structlvars__t"/>
        <childnode refid="33" relation="public-inheritance">
        </childnode>
      </node>
      <node id="13">
        <label>mba_ranges_t</label>
        <link refid="structmba__ranges__t"/>
        <childnode refid="14" relation="usage">
          <edgelabel>pfn</edgelabel>
        </childnode>
        <childnode refid="19" relation="usage">
          <edgelabel>ranges</edgelabel>
        </childnode>
      </node>
      <node id="12">
        <label>mba_t</label>
        <link refid="classmba__t"/>
        <childnode refid="13" relation="usage">
          <edgelabel>mbr</edgelabel>
        </childnode>
        <childnode refid="21" relation="usage">
          <edgelabel>aliased_args</edgelabel>
          <edgelabel>aliased_vars</edgelabel>
        </childnode>
        <childnode refid="23" relation="usage">
          <edgelabel>aliased_memory</edgelabel>
          <edgelabel>gotoff_stkvars</edgelabel>
          <edgelabel>restricted_memory</edgelabel>
        </childnode>
        <childnode refid="26" relation="usage">
          <edgelabel>nodel_memory</edgelabel>
          <edgelabel>spoiled_list</edgelabel>
        </childnode>
        <childnode refid="27" relation="usage">
          <edgelabel>consumed_argregs</edgelabel>
        </childnode>
        <childnode refid="29" relation="usage">
          <edgelabel>idb_type</edgelabel>
        </childnode>
        <childnode refid="30" relation="usage">
          <edgelabel>idb_spoiled</edgelabel>
        </childnode>
        <childnode refid="31" relation="usage">
          <edgelabel>deprecated_idb_node</edgelabel>
        </childnode>
        <childnode refid="8" relation="usage">
          <edgelabel>error_strarg</edgelabel>
          <edgelabel>label</edgelabel>
        </childnode>
        <childnode refid="32" relation="usage">
          <edgelabel>vars</edgelabel>
        </childnode>
        <childnode refid="34" relation="usage">
          <edgelabel>argidx</edgelabel>
        </childnode>
        <childnode refid="35" relation="usage">
          <edgelabel>blocks</edgelabel>
          <edgelabel>natural</edgelabel>
        </childnode>
        <childnode refid="55" relation="usage">
          <edgelabel>std_ivls</edgelabel>
        </childnode>
        <childnode refid="56" relation="usage">
          <edgelabel>notes</edgelabel>
        </childnode>
      </node>
      <node id="35">
        <label>mblock_t</label>
        <link refid="classmblock__t"/>
        <childnode refid="35" relation="usage">
          <edgelabel>nextb</edgelabel>
          <edgelabel>prevb</edgelabel>
        </childnode>
        <childnode refid="36" relation="usage">
          <edgelabel>head</edgelabel>
          <edgelabel>tail</edgelabel>
        </childnode>
        <childnode refid="12" relation="usage">
          <edgelabel>mba</edgelabel>
        </childnode>
        <childnode refid="26" relation="usage">
          <edgelabel>dead_at_start</edgelabel>
          <edgelabel>dnu</edgelabel>
          <edgelabel>maybdef</edgelabel>
          <edgelabel>maybuse</edgelabel>
          <edgelabel>mustbdef</edgelabel>
          <edgelabel>mustbuse</edgelabel>
        </childnode>
        <childnode refid="34" relation="usage">
          <edgelabel>predset</edgelabel>
          <edgelabel>succset</edgelabel>
        </childnode>
      </node>
      <node id="41">
        <label>mcallinfo_t</label>
        <link refid="classmcallinfo__t"/>
        <childnode refid="42" relation="usage">
          <edgelabel>args</edgelabel>
        </childnode>
        <childnode refid="43" relation="usage">
          <edgelabel>retregs</edgelabel>
        </childnode>
        <childnode refid="29" relation="usage">
          <edgelabel>return_type</edgelabel>
        </childnode>
        <childnode refid="44" relation="usage">
          <edgelabel>return_argloc</edgelabel>
        </childnode>
        <childnode refid="26" relation="usage">
          <edgelabel>dead_regs</edgelabel>
          <edgelabel>pass_regs</edgelabel>
          <edgelabel>return_regs</edgelabel>
          <edgelabel>spoiled</edgelabel>
        </childnode>
        <childnode refid="23" relation="usage">
          <edgelabel>visible_memory</edgelabel>
        </childnode>
        <childnode refid="48" relation="usage">
          <edgelabel>fti_attrs</edgelabel>
        </childnode>
      </node>
      <node id="51">
        <label>mcases_t</label>
        <link refid="classmcases__t"/>
        <childnode refid="34" relation="usage">
          <edgelabel>targets</edgelabel>
        </childnode>
      </node>
      <node id="36">
        <label>minsn_t</label>
        <link refid="classminsn__t"/>
        <childnode refid="36" relation="usage">
          <edgelabel>next</edgelabel>
          <edgelabel>prev</edgelabel>
        </childnode>
        <childnode refid="37" relation="usage">
          <edgelabel>d</edgelabel>
          <edgelabel>l</edgelabel>
          <edgelabel>r</edgelabel>
        </childnode>
      </node>
      <node id="26">
        <label>mlist_t</label>
        <link refid="structmlist__t"/>
        <childnode refid="27" relation="usage">
          <edgelabel>reg</edgelabel>
        </childnode>
        <childnode refid="23" relation="usage">
          <edgelabel>mem</edgelabel>
        </childnode>
      </node>
      <node id="38">
        <label>mnumber_t</label>
        <link refid="structmnumber__t"/>
        <childnode refid="39" relation="public-inheritance">
        </childnode>
      </node>
      <node id="50">
        <label>mop_addr_t</label>
        <link refid="classmop__addr__t"/>
        <childnode refid="37" relation="public-inheritance">
        </childnode>
      </node>
      <node id="52">
        <label>mop_pair_t</label>
        <link refid="classmop__pair__t"/>
        <childnode refid="37" relation="usage">
          <edgelabel>hop</edgelabel>
          <edgelabel>lop</edgelabel>
        </childnode>
      </node>
      <node id="37">
        <label>mop_t</label>
        <link refid="classmop__t"/>
        <childnode refid="38" relation="usage">
          <edgelabel>nnn</edgelabel>
        </childnode>
        <childnode refid="36" relation="usage">
          <edgelabel>d</edgelabel>
        </childnode>
        <childnode refid="40" relation="usage">
          <edgelabel>s</edgelabel>
        </childnode>
        <childnode refid="41" relation="usage">
          <edgelabel>f</edgelabel>
        </childnode>
        <childnode refid="49" relation="usage">
          <edgelabel>l</edgelabel>
        </childnode>
        <childnode refid="50" relation="usage">
          <edgelabel>a</edgelabel>
        </childnode>
        <childnode refid="51" relation="usage">
          <edgelabel>c</edgelabel>
        </childnode>
        <childnode refid="9" relation="usage">
          <edgelabel>fpc</edgelabel>
        </childnode>
        <childnode refid="52" relation="usage">
          <edgelabel>pair</edgelabel>
        </childnode>
        <childnode refid="53" relation="usage">
          <edgelabel>scif</edgelabel>
        </childnode>
      </node>
      <node id="31">
        <label>netnode</label>
        <link refid="classnetnode"/>
      </node>
      <node id="7">
        <label>number_format_t</label>
        <link refid="structnumber__format__t"/>
        <childnode refid="8" relation="usage">
          <edgelabel>type_name</edgelabel>
        </childnode>
      </node>
      <node id="39">
        <label>operand_locator_t</label>
        <link refid="structoperand__locator__t"/>
      </node>
      <node id="25">
        <label>qvector&lt; Ivl &gt;</label>
        <link refid="classqvector"/>
      </node>
      <node id="58">
        <label>qvector&lt; carg_t &gt;</label>
        <link refid="classqvector"/>
      </node>
      <node id="67">
        <label>qvector&lt; ccase_t &gt;</label>
        <link refid="classqvector"/>
      </node>
      <node id="56">
        <label>qvector&lt; hexwarn_t &gt;</label>
        <link refid="classqvector"/>
      </node>
      <node id="34">
        <label>qvector&lt; int &gt;</label>
        <link refid="classqvector"/>
      </node>
      <node id="33">
        <label>qvector&lt; lvar_t &gt;</label>
        <link refid="classqvector"/>
      </node>
      <node id="42">
        <label>qvector&lt; mcallarg_t &gt;</label>
        <link refid="classqvector"/>
      </node>
      <node id="43">
        <label>qvector&lt; mop_t &gt;</label>
        <link refid="classqvector"/>
      </node>
      <node id="30">
        <label>qvector&lt; reg_info_t &gt;</label>
        <link refid="classqvector"/>
      </node>
      <node id="48">
        <label>qvector&lt; type_attr_t &gt;</label>
        <link refid="classqvector"/>
      </node>
      <node id="15">
        <label>range_t</label>
        <link refid="structrange__t"/>
      </node>
      <node id="20">
        <label>rangevec_base_t</label>
        <link refid="classqvector"/>
      </node>
      <node id="19">
        <label>rangevec_t</label>
        <link refid="structrangevec__t"/>
        <childnode refid="20" relation="public-inheritance">
        </childnode>
      </node>
      <node id="18">
        <label>regarg_t</label>
        <link refid="structregarg__t"/>
      </node>
      <node id="17">
        <label>regvar_t</label>
        <link refid="structregvar__t"/>
        <childnode refid="15" relation="public-inheritance">
        </childnode>
      </node>
      <node id="27">
        <label>rlist_t</label>
        <link refid="classrlist__t"/>
        <childnode refid="28" relation="public-inheritance">
        </childnode>
      </node>
      <node id="45">
        <label>rrel_t</label>
        <link refid="structrrel__t"/>
      </node>
      <node id="46">
        <label>scattered_aloc_t</label>
        <link refid="classscattered__aloc__t"/>
        <childnode refid="47" relation="public-inheritance">
        </childnode>
      </node>
      <node id="53">
        <label>scif_t</label>
        <link refid="structscif__t"/>
        <childnode refid="54" relation="public-inheritance">
        </childnode>
        <childnode refid="12" relation="usage">
          <edgelabel>mba</edgelabel>
        </childnode>
        <childnode refid="8" relation="usage">
          <edgelabel>name</edgelabel>
        </childnode>
        <childnode refid="29" relation="usage">
          <edgelabel>type</edgelabel>
        </childnode>
      </node>
      <node id="16">
        <label>stkpnt_t</label>
        <link refid="structstkpnt__t"/>
      </node>
      <node id="40">
        <label>stkvar_ref_t</label>
        <link refid="structstkvar__ref__t"/>
        <childnode refid="12" relation="usage">
          <edgelabel>mba</edgelabel>
        </childnode>
      </node>
      <node id="29">
        <label>tinfo_t</label>
        <link refid="classtinfo__t"/>
      </node>
      <node id="24">
        <label>uval_ivl_ivlset_t</label>
        <link refid="classivlset__tpl"/>
        <childnode refid="25" relation="usage">
          <edgelabel>bag</edgelabel>
        </childnode>
      </node>
      <node id="22">
        <label>uval_ivl_t</label>
        <link refid="structivl__tpl"/>
      </node>
      <node id="11">
        <label>var_ref_t</label>
        <link refid="structvar__ref__t"/>
        <childnode refid="12" relation="usage">
          <edgelabel>mba</edgelabel>
        </childnode>
      </node>
      <node id="54">
        <label>vdloc_t</label>
        <link refid="classvdloc__t"/>
        <childnode refid="44" relation="public-inheritance">
        </childnode>
      </node>
    </collaborationgraph>
    <location file="obj/x64_linux_gcc_32_opt/idasdk/hexrays.hpp" line="6365" column="1" bodyfile="obj/x64_linux_gcc_32_opt/idasdk/hexrays.hpp" bodystart="6366" bodyend="6370"/>
    <listofallmembers>
      <member refid="structcloop__t_1af595e2e2bf503f41ae81e4e40f6c7509" prot="public" virt="non-virtual"><scope>cfor_t</scope><name>assign</name></member>
      <member refid="structcloop__t_1ac6da5055e5b256cc4c35b35fde189eb8" prot="public" virt="non-virtual"><scope>cfor_t</scope><name>body</name></member>
      <member refid="structcloop__t_1a525374334b210ce2954d64bfa3a877b6" prot="public" virt="non-virtual"><scope>cfor_t</scope><name>cleanup</name></member>
      <member refid="structcloop__t_1a78a344486b865de41f15782af37c43e5" prot="public" virt="non-virtual"><scope>cfor_t</scope><name>cloop_t</name></member>
      <member refid="structcloop__t_1a0842f38dcaa076d16d36ddadde399711" prot="public" virt="non-virtual"><scope>cfor_t</scope><name>cloop_t</name></member>
      <member refid="structcloop__t_1adab14741162d5ca8fe07d3d93fbcfaf6" prot="public" virt="non-virtual"><scope>cfor_t</scope><name>cloop_t</name></member>
      <member refid="structceinsn__t_1ad75d6e56656d14584c355a3a4527e93a" prot="public" virt="non-virtual"><scope>cfor_t</scope><name>expr</name></member>
      <member refid="structcfor__t_1a10f40e9c30337456730c45f429e40e0d" prot="public" virt="non-virtual"><scope>cfor_t</scope><name>init</name></member>
      <member refid="structcloop__t_1aafc9627a40ffd13c518f2c091d75f7c9" prot="public" virt="non-virtual"><scope>cfor_t</scope><name>operator=</name></member>
      <member refid="structcfor__t_1a850dfa47bc9396c6e10ce00c3bd57924" prot="public" virt="non-virtual"><scope>cfor_t</scope><name>step</name></member>
      <member refid="structcloop__t_1a877744dec95dc21578b6f8abb0646ea6" prot="public" virt="non-virtual"><scope>cfor_t</scope><name>~cloop_t</name></member>
    </listofallmembers>
  </compounddef>
</doxygen>
