<?xml version='1.0' encoding='UTF-8' standalone='no'?>
<doxygen xmlns:xsi="http://www.w3.org/2001/XMLSchema-instance" xsi:noNamespaceSchemaLocation="compound.xsd" version="1.9.3" xml:lang="en-US">
  <compounddef id="structmlist__t" kind="struct" language="C++" prot="public">
    <compoundname>mlist_t</compoundname>
      <sectiondef kind="public-attrib">
      <memberdef kind="variable" id="structmlist__t_1a3a3863622f1372255f2adf059786083e" prot="public" static="no" mutable="no">
        <type><ref refid="classrlist__t" kindref="compound">rlist_t</ref></type>
        <definition>rlist_t mlist_t::reg</definition>
        <argsstring></argsstring>
        <name>reg</name>
        <qualifiedname>mlist_t::reg</qualifiedname>
        <briefdescription>
        </briefdescription>
        <detaileddescription>
        </detaileddescription>
        <inbodydescription>
        </inbodydescription>
        <location file="obj/x64_linux_gcc_32_opt_pro/idasdk/hexrays.hpp" line="2025" column="11" bodyfile="obj/x64_linux_gcc_32_opt_pro/idasdk/hexrays.hpp" bodystart="2025" bodyend="-1"/>
      </memberdef>
      <memberdef kind="variable" id="structmlist__t_1a590bbf607fd29d8d1b7b87ba8d0cfec1" prot="public" static="no" mutable="no">
        <type><ref refid="structivlset__t" kindref="compound">ivlset_t</ref></type>
        <definition>ivlset_t mlist_t::mem</definition>
        <argsstring></argsstring>
        <name>mem</name>
        <qualifiedname>mlist_t::mem</qualifiedname>
        <briefdescription>
        </briefdescription>
        <detaileddescription>
        </detaileddescription>
        <inbodydescription>
        </inbodydescription>
        <location file="obj/x64_linux_gcc_32_opt_pro/idasdk/hexrays.hpp" line="2026" column="12" bodyfile="obj/x64_linux_gcc_32_opt_pro/idasdk/hexrays.hpp" bodystart="2026" bodyend="-1"/>
      </memberdef>
      </sectiondef>
      <sectiondef kind="public-func">
      <memberdef kind="function" id="structmlist__t_1a67821360b024ea7288fd76ed36b12b55" prot="public" static="no" const="no" explicit="no" inline="yes" virt="non-virtual">
        <type></type>
        <definition>mlist_t::mlist_t</definition>
        <argsstring>(void)</argsstring>
        <name>mlist_t</name>
        <qualifiedname>mlist_t::mlist_t</qualifiedname>
        <param>
          <type>void</type>
        </param>
        <briefdescription>
        </briefdescription>
        <detaileddescription>
        </detaileddescription>
        <inbodydescription>
        </inbodydescription>
        <location file="obj/x64_linux_gcc_32_opt_pro/idasdk/hexrays.hpp" line="2028" column="3" bodyfile="obj/x64_linux_gcc_32_opt_pro/idasdk/hexrays.hpp" bodystart="2028" bodyend="2028"/>
      </memberdef>
      <memberdef kind="function" id="structmlist__t_1a3b5f7fd10c1de05b4844902cf5945c0c" prot="public" static="no" const="no" explicit="no" inline="yes" virt="non-virtual">
        <type></type>
        <definition>mlist_t::mlist_t</definition>
        <argsstring>(const ivl_t &amp;ivl)</argsstring>
        <name>mlist_t</name>
        <qualifiedname>mlist_t::mlist_t</qualifiedname>
        <param>
          <type>const <ref refid="structivl__t" kindref="compound">ivl_t</ref> &amp;</type>
          <declname>ivl</declname>
        </param>
        <briefdescription>
        </briefdescription>
        <detaileddescription>
        </detaileddescription>
        <inbodydescription>
        </inbodydescription>
        <location file="obj/x64_linux_gcc_32_opt_pro/idasdk/hexrays.hpp" line="2029" column="3" bodyfile="obj/x64_linux_gcc_32_opt_pro/idasdk/hexrays.hpp" bodystart="2029" bodyend="2029"/>
      </memberdef>
      <memberdef kind="function" id="structmlist__t_1ae7c2c6cb6bc89a487e03f95132f49272" prot="public" static="no" const="no" explicit="no" inline="yes" virt="non-virtual">
        <type></type>
        <definition>mlist_t::mlist_t</definition>
        <argsstring>(mreg_t r, int size)</argsstring>
        <name>mlist_t</name>
        <qualifiedname>mlist_t::mlist_t</qualifiedname>
        <param>
          <type>mreg_t</type>
          <declname>r</declname>
        </param>
        <param>
          <type>int</type>
          <declname>size</declname>
        </param>
        <briefdescription>
        </briefdescription>
        <detaileddescription>
        </detaileddescription>
        <inbodydescription>
        </inbodydescription>
        <location file="obj/x64_linux_gcc_32_opt_pro/idasdk/hexrays.hpp" line="2030" column="3" bodyfile="obj/x64_linux_gcc_32_opt_pro/idasdk/hexrays.hpp" bodystart="2030" bodyend="2030"/>
      </memberdef>
      <memberdef kind="function" id="structmlist__t_1a9dde8db095bb2b956895fb7a1036bf4a" prot="public" static="no" const="no" explicit="no" inline="yes" virt="non-virtual">
        <type>void</type>
        <definition>void mlist_t::swap</definition>
        <argsstring>(mlist_t &amp;r)</argsstring>
        <name>swap</name>
        <qualifiedname>mlist_t::swap</qualifiedname>
        <param>
          <type><ref refid="structmlist__t" kindref="compound">mlist_t</ref> &amp;</type>
          <declname>r</declname>
        </param>
        <briefdescription>
        </briefdescription>
        <detaileddescription>
        </detaileddescription>
        <inbodydescription>
        </inbodydescription>
        <location file="obj/x64_linux_gcc_32_opt_pro/idasdk/hexrays.hpp" line="2032" column="8" bodyfile="obj/x64_linux_gcc_32_opt_pro/idasdk/hexrays.hpp" bodystart="2032" bodyend="2032"/>
      </memberdef>
      <memberdef kind="function" id="structmlist__t_1a751d7758462ff742c83319882822b9bb" prot="public" static="no" const="no" explicit="no" inline="yes" virt="non-virtual">
        <type>bool hexapi</type>
        <definition>bool mlist_t::addmem</definition>
        <argsstring>(ea_t ea, asize_t size)</argsstring>
        <name>addmem</name>
        <qualifiedname>mlist_t::addmem</qualifiedname>
        <param>
          <type>ea_t</type>
          <declname>ea</declname>
        </param>
        <param>
          <type>asize_t</type>
          <declname>size</declname>
        </param>
        <briefdescription>
        </briefdescription>
        <detaileddescription>
        </detaileddescription>
        <inbodydescription>
        </inbodydescription>
        <location file="obj/x64_linux_gcc_32_opt_pro/idasdk/hexrays.hpp" line="2033" column="15" bodyfile="obj/x64_linux_gcc_32_opt_pro/idasdk/hexrays.hpp" bodystart="10371" bodyend="10374"/>
      </memberdef>
      <memberdef kind="function" id="structmlist__t_1a10681e1a0727c5810f7ee3700661d532" prot="public" static="no" const="no" explicit="no" inline="yes" virt="non-virtual">
        <type>bool</type>
        <definition>bool mlist_t::add</definition>
        <argsstring>(mreg_t r, int size)</argsstring>
        <name>add</name>
        <qualifiedname>mlist_t::add</qualifiedname>
        <param>
          <type>mreg_t</type>
          <declname>r</declname>
        </param>
        <param>
          <type>int</type>
          <declname>size</declname>
        </param>
        <briefdescription>
        </briefdescription>
        <detaileddescription>
        </detaileddescription>
        <inbodydescription>
        </inbodydescription>
        <location file="obj/x64_linux_gcc_32_opt_pro/idasdk/hexrays.hpp" line="2034" column="8" bodyfile="obj/x64_linux_gcc_32_opt_pro/idasdk/hexrays.hpp" bodystart="2034" bodyend="2034"/>
      </memberdef>
      <memberdef kind="function" id="structmlist__t_1a225d957460dcfaa7adb240c27a3f15cb" prot="public" static="no" const="no" explicit="no" inline="yes" virt="non-virtual">
        <type>bool</type>
        <definition>bool mlist_t::add</definition>
        <argsstring>(const rlist_t &amp;r)</argsstring>
        <name>add</name>
        <qualifiedname>mlist_t::add</qualifiedname>
        <param>
          <type>const <ref refid="classrlist__t" kindref="compound">rlist_t</ref> &amp;</type>
          <declname>r</declname>
        </param>
        <briefdescription>
        </briefdescription>
        <detaileddescription>
        </detaileddescription>
        <inbodydescription>
        </inbodydescription>
        <location file="obj/x64_linux_gcc_32_opt_pro/idasdk/hexrays.hpp" line="2035" column="8" bodyfile="obj/x64_linux_gcc_32_opt_pro/idasdk/hexrays.hpp" bodystart="2035" bodyend="2035"/>
      </memberdef>
      <memberdef kind="function" id="structmlist__t_1a92dde9250c92a53f1e4d67d41073fd94" prot="public" static="no" const="no" explicit="no" inline="yes" virt="non-virtual">
        <type>bool</type>
        <definition>bool mlist_t::add</definition>
        <argsstring>(const ivl_t &amp;ivl)</argsstring>
        <name>add</name>
        <qualifiedname>mlist_t::add</qualifiedname>
        <param>
          <type>const <ref refid="structivl__t" kindref="compound">ivl_t</ref> &amp;</type>
          <declname>ivl</declname>
        </param>
        <briefdescription>
        </briefdescription>
        <detaileddescription>
        </detaileddescription>
        <inbodydescription>
        </inbodydescription>
        <location file="obj/x64_linux_gcc_32_opt_pro/idasdk/hexrays.hpp" line="2036" column="8" bodyfile="obj/x64_linux_gcc_32_opt_pro/idasdk/hexrays.hpp" bodystart="2036" bodyend="2036"/>
      </memberdef>
      <memberdef kind="function" id="structmlist__t_1a341a82ea0b89e8cf55737075d72cfea3" prot="public" static="no" const="no" explicit="no" inline="yes" virt="non-virtual">
        <type>bool</type>
        <definition>bool mlist_t::add</definition>
        <argsstring>(const mlist_t &amp;lst)</argsstring>
        <name>add</name>
        <qualifiedname>mlist_t::add</qualifiedname>
        <param>
          <type>const <ref refid="structmlist__t" kindref="compound">mlist_t</ref> &amp;</type>
          <declname>lst</declname>
        </param>
        <briefdescription>
        </briefdescription>
        <detaileddescription>
        </detaileddescription>
        <inbodydescription>
        </inbodydescription>
        <location file="obj/x64_linux_gcc_32_opt_pro/idasdk/hexrays.hpp" line="2037" column="8" bodyfile="obj/x64_linux_gcc_32_opt_pro/idasdk/hexrays.hpp" bodystart="2037" bodyend="2037"/>
      </memberdef>
      <memberdef kind="function" id="structmlist__t_1a42294fe4c1b81e51f60e0036e4cf4c44" prot="public" static="no" const="no" explicit="no" inline="yes" virt="non-virtual">
        <type>bool</type>
        <definition>bool mlist_t::sub</definition>
        <argsstring>(mreg_t r, int size)</argsstring>
        <name>sub</name>
        <qualifiedname>mlist_t::sub</qualifiedname>
        <param>
          <type>mreg_t</type>
          <declname>r</declname>
        </param>
        <param>
          <type>int</type>
          <declname>size</declname>
        </param>
        <briefdescription>
        </briefdescription>
        <detaileddescription>
        </detaileddescription>
        <inbodydescription>
        </inbodydescription>
        <location file="obj/x64_linux_gcc_32_opt_pro/idasdk/hexrays.hpp" line="2038" column="8" bodyfile="obj/x64_linux_gcc_32_opt_pro/idasdk/hexrays.hpp" bodystart="2038" bodyend="2038"/>
      </memberdef>
      <memberdef kind="function" id="structmlist__t_1a5ba449c5d3af8f101bfbb1950e9cbe57" prot="public" static="no" const="no" explicit="no" inline="yes" virt="non-virtual">
        <type>bool</type>
        <definition>bool mlist_t::sub</definition>
        <argsstring>(const ivl_t &amp;ivl)</argsstring>
        <name>sub</name>
        <qualifiedname>mlist_t::sub</qualifiedname>
        <param>
          <type>const <ref refid="structivl__t" kindref="compound">ivl_t</ref> &amp;</type>
          <declname>ivl</declname>
        </param>
        <briefdescription>
        </briefdescription>
        <detaileddescription>
        </detaileddescription>
        <inbodydescription>
        </inbodydescription>
        <location file="obj/x64_linux_gcc_32_opt_pro/idasdk/hexrays.hpp" line="2039" column="8" bodyfile="obj/x64_linux_gcc_32_opt_pro/idasdk/hexrays.hpp" bodystart="2039" bodyend="2039"/>
      </memberdef>
      <memberdef kind="function" id="structmlist__t_1a34bb36f4671e9df70a9d91aa90b8ffda" prot="public" static="no" const="no" explicit="no" inline="yes" virt="non-virtual">
        <type>bool</type>
        <definition>bool mlist_t::sub</definition>
        <argsstring>(const mlist_t &amp;lst)</argsstring>
        <name>sub</name>
        <qualifiedname>mlist_t::sub</qualifiedname>
        <param>
          <type>const <ref refid="structmlist__t" kindref="compound">mlist_t</ref> &amp;</type>
          <declname>lst</declname>
        </param>
        <briefdescription>
        </briefdescription>
        <detaileddescription>
        </detaileddescription>
        <inbodydescription>
        </inbodydescription>
        <location file="obj/x64_linux_gcc_32_opt_pro/idasdk/hexrays.hpp" line="2040" column="8" bodyfile="obj/x64_linux_gcc_32_opt_pro/idasdk/hexrays.hpp" bodystart="2040" bodyend="2040"/>
      </memberdef>
      <memberdef kind="function" id="structmlist__t_1a6335f762ec5a35de6ef26605968378f7" prot="public" static="no" const="yes" explicit="no" inline="yes" virt="non-virtual">
        <type>asize_t</type>
        <definition>asize_t mlist_t::count</definition>
        <argsstring>(void) const</argsstring>
        <name>count</name>
        <qualifiedname>mlist_t::count</qualifiedname>
        <param>
          <type>void</type>
        </param>
        <briefdescription>
        </briefdescription>
        <detaileddescription>
        </detaileddescription>
        <inbodydescription>
        </inbodydescription>
        <location file="obj/x64_linux_gcc_32_opt_pro/idasdk/hexrays.hpp" line="2041" column="11" bodyfile="obj/x64_linux_gcc_32_opt_pro/idasdk/hexrays.hpp" bodystart="2041" bodyend="2041"/>
      </memberdef>
      <memberdef kind="function" id="structmlist__t_1ac97e93bcc2dbff63076d690096049f35" prot="public" static="no" const="yes" explicit="no" inline="yes" virt="non-virtual">
        <type>void hexapi</type>
        <definition>void mlist_t::print</definition>
        <argsstring>(qstring *vout) const</argsstring>
        <name>print</name>
        <qualifiedname>mlist_t::print</qualifiedname>
        <param>
          <type><ref refid="pro_8h_1a386c10c6aa4340f1d63df85f40454fce" kindref="member">qstring</ref> *</type>
          <declname>vout</declname>
        </param>
        <briefdescription>
        </briefdescription>
        <detaileddescription>
        </detaileddescription>
        <inbodydescription>
        </inbodydescription>
        <location file="obj/x64_linux_gcc_32_opt_pro/idasdk/hexrays.hpp" line="2042" column="15" bodyfile="obj/x64_linux_gcc_32_opt_pro/idasdk/hexrays.hpp" bodystart="10377" bodyend="10380"/>
      </memberdef>
      <memberdef kind="function" id="structmlist__t_1a2879674e7a8c204b75d19b0186d2d3da" prot="public" static="no" const="yes" explicit="no" inline="yes" virt="non-virtual">
        <type>const char *hexapi</type>
        <definition>const char * mlist_t::dstr</definition>
        <argsstring>() const</argsstring>
        <name>dstr</name>
        <qualifiedname>mlist_t::dstr</qualifiedname>
        <briefdescription>
        </briefdescription>
        <detaileddescription>
        </detaileddescription>
        <inbodydescription>
        </inbodydescription>
        <location file="obj/x64_linux_gcc_32_opt_pro/idasdk/hexrays.hpp" line="2043" column="21" bodyfile="obj/x64_linux_gcc_32_opt_pro/idasdk/hexrays.hpp" bodystart="10383" bodyend="10386"/>
      </memberdef>
      <memberdef kind="function" id="structmlist__t_1a35168c1852456e2b964aa7e77f8ba71b" prot="public" static="no" const="yes" explicit="no" inline="yes" virt="non-virtual">
        <type>bool</type>
        <definition>bool mlist_t::empty</definition>
        <argsstring>(void) const</argsstring>
        <name>empty</name>
        <qualifiedname>mlist_t::empty</qualifiedname>
        <param>
          <type>void</type>
        </param>
        <briefdescription>
        </briefdescription>
        <detaileddescription>
        </detaileddescription>
        <inbodydescription>
        </inbodydescription>
        <location file="obj/x64_linux_gcc_32_opt_pro/idasdk/hexrays.hpp" line="2044" column="8" bodyfile="obj/x64_linux_gcc_32_opt_pro/idasdk/hexrays.hpp" bodystart="2044" bodyend="2044"/>
      </memberdef>
      <memberdef kind="function" id="structmlist__t_1a924e91bad7a92fca8ac5a2ca771e8bd7" prot="public" static="no" const="no" explicit="no" inline="yes" virt="non-virtual">
        <type>void</type>
        <definition>void mlist_t::clear</definition>
        <argsstring>(void)</argsstring>
        <name>clear</name>
        <qualifiedname>mlist_t::clear</qualifiedname>
        <param>
          <type>void</type>
        </param>
        <briefdescription>
        </briefdescription>
        <detaileddescription>
        </detaileddescription>
        <inbodydescription>
        </inbodydescription>
        <location file="obj/x64_linux_gcc_32_opt_pro/idasdk/hexrays.hpp" line="2045" column="8" bodyfile="obj/x64_linux_gcc_32_opt_pro/idasdk/hexrays.hpp" bodystart="2045" bodyend="2045"/>
      </memberdef>
      <memberdef kind="function" id="structmlist__t_1ad8e0414d3f4bf4562da9698c73ea96a8" prot="public" static="no" const="yes" explicit="no" inline="yes" virt="non-virtual">
        <type>bool</type>
        <definition>bool mlist_t::has</definition>
        <argsstring>(mreg_t r) const</argsstring>
        <name>has</name>
        <qualifiedname>mlist_t::has</qualifiedname>
        <param>
          <type>mreg_t</type>
          <declname>r</declname>
        </param>
        <briefdescription>
        </briefdescription>
        <detaileddescription>
        </detaileddescription>
        <inbodydescription>
        </inbodydescription>
        <location file="obj/x64_linux_gcc_32_opt_pro/idasdk/hexrays.hpp" line="2046" column="8" bodyfile="obj/x64_linux_gcc_32_opt_pro/idasdk/hexrays.hpp" bodystart="2046" bodyend="2046"/>
      </memberdef>
      <memberdef kind="function" id="structmlist__t_1aaae5b8aa7b92afc8d792ca5ed704e8ae" prot="public" static="no" const="yes" explicit="no" inline="yes" virt="non-virtual">
        <type>bool</type>
        <definition>bool mlist_t::has_all</definition>
        <argsstring>(mreg_t r, int size) const</argsstring>
        <name>has_all</name>
        <qualifiedname>mlist_t::has_all</qualifiedname>
        <param>
          <type>mreg_t</type>
          <declname>r</declname>
        </param>
        <param>
          <type>int</type>
          <declname>size</declname>
        </param>
        <briefdescription>
        </briefdescription>
        <detaileddescription>
        </detaileddescription>
        <inbodydescription>
        </inbodydescription>
        <location file="obj/x64_linux_gcc_32_opt_pro/idasdk/hexrays.hpp" line="2047" column="8" bodyfile="obj/x64_linux_gcc_32_opt_pro/idasdk/hexrays.hpp" bodystart="2047" bodyend="2047"/>
      </memberdef>
      <memberdef kind="function" id="structmlist__t_1a289fb6b893fd6ee5f0a2678a76b7e063" prot="public" static="no" const="yes" explicit="no" inline="yes" virt="non-virtual">
        <type>bool</type>
        <definition>bool mlist_t::has_any</definition>
        <argsstring>(mreg_t r, int size) const</argsstring>
        <name>has_any</name>
        <qualifiedname>mlist_t::has_any</qualifiedname>
        <param>
          <type>mreg_t</type>
          <declname>r</declname>
        </param>
        <param>
          <type>int</type>
          <declname>size</declname>
        </param>
        <briefdescription>
        </briefdescription>
        <detaileddescription>
        </detaileddescription>
        <inbodydescription>
        </inbodydescription>
        <location file="obj/x64_linux_gcc_32_opt_pro/idasdk/hexrays.hpp" line="2048" column="8" bodyfile="obj/x64_linux_gcc_32_opt_pro/idasdk/hexrays.hpp" bodystart="2048" bodyend="2048"/>
      </memberdef>
      <memberdef kind="function" id="structmlist__t_1ae4ee18483b34586aea3316d9505ad663" prot="public" static="no" const="yes" explicit="no" inline="yes" virt="non-virtual">
        <type>bool</type>
        <definition>bool mlist_t::has_memory</definition>
        <argsstring>(void) const</argsstring>
        <name>has_memory</name>
        <qualifiedname>mlist_t::has_memory</qualifiedname>
        <param>
          <type>void</type>
        </param>
        <briefdescription>
        </briefdescription>
        <detaileddescription>
        </detaileddescription>
        <inbodydescription>
        </inbodydescription>
        <location file="obj/x64_linux_gcc_32_opt_pro/idasdk/hexrays.hpp" line="2049" column="8" bodyfile="obj/x64_linux_gcc_32_opt_pro/idasdk/hexrays.hpp" bodystart="2049" bodyend="2049"/>
      </memberdef>
      <memberdef kind="function" id="structmlist__t_1af89dd1a70475f6c688419959663c2802" prot="public" static="no" const="yes" explicit="no" inline="yes" virt="non-virtual">
        <type>bool</type>
        <definition>bool mlist_t::has_allmem</definition>
        <argsstring>(void) const</argsstring>
        <name>has_allmem</name>
        <qualifiedname>mlist_t::has_allmem</qualifiedname>
        <param>
          <type>void</type>
        </param>
        <briefdescription>
        </briefdescription>
        <detaileddescription>
        </detaileddescription>
        <inbodydescription>
        </inbodydescription>
        <location file="obj/x64_linux_gcc_32_opt_pro/idasdk/hexrays.hpp" line="2050" column="8" bodyfile="obj/x64_linux_gcc_32_opt_pro/idasdk/hexrays.hpp" bodystart="2050" bodyend="2050"/>
      </memberdef>
      <memberdef kind="function" id="structmlist__t_1ae27ed5233e9e32aeed99b92d40e77032" prot="public" static="no" const="yes" explicit="no" inline="yes" virt="non-virtual">
        <type>bool</type>
        <definition>bool mlist_t::has_common</definition>
        <argsstring>(const mlist_t &amp;lst) const</argsstring>
        <name>has_common</name>
        <qualifiedname>mlist_t::has_common</qualifiedname>
        <param>
          <type>const <ref refid="structmlist__t" kindref="compound">mlist_t</ref> &amp;</type>
          <declname>lst</declname>
        </param>
        <briefdescription>
        </briefdescription>
        <detaileddescription>
        </detaileddescription>
        <inbodydescription>
        </inbodydescription>
        <location file="obj/x64_linux_gcc_32_opt_pro/idasdk/hexrays.hpp" line="2051" column="8" bodyfile="obj/x64_linux_gcc_32_opt_pro/idasdk/hexrays.hpp" bodystart="2051" bodyend="2051"/>
      </memberdef>
      <memberdef kind="function" id="structmlist__t_1a55032cd13b3d9a4f0422411708cc32c0" prot="public" static="no" const="yes" explicit="no" inline="yes" virt="non-virtual">
        <type>bool</type>
        <definition>bool mlist_t::includes</definition>
        <argsstring>(const mlist_t &amp;lst) const</argsstring>
        <name>includes</name>
        <qualifiedname>mlist_t::includes</qualifiedname>
        <param>
          <type>const <ref refid="structmlist__t" kindref="compound">mlist_t</ref> &amp;</type>
          <declname>lst</declname>
        </param>
        <briefdescription>
        </briefdescription>
        <detaileddescription>
        </detaileddescription>
        <inbodydescription>
        </inbodydescription>
        <location file="obj/x64_linux_gcc_32_opt_pro/idasdk/hexrays.hpp" line="2052" column="8" bodyfile="obj/x64_linux_gcc_32_opt_pro/idasdk/hexrays.hpp" bodystart="2052" bodyend="2052"/>
      </memberdef>
      <memberdef kind="function" id="structmlist__t_1a31b8dbd0f32734a854439b8ce108a5e6" prot="public" static="no" const="no" explicit="no" inline="yes" virt="non-virtual">
        <type>bool</type>
        <definition>bool mlist_t::intersect</definition>
        <argsstring>(const mlist_t &amp;lst)</argsstring>
        <name>intersect</name>
        <qualifiedname>mlist_t::intersect</qualifiedname>
        <param>
          <type>const <ref refid="structmlist__t" kindref="compound">mlist_t</ref> &amp;</type>
          <declname>lst</declname>
        </param>
        <briefdescription>
        </briefdescription>
        <detaileddescription>
        </detaileddescription>
        <inbodydescription>
        </inbodydescription>
        <location file="obj/x64_linux_gcc_32_opt_pro/idasdk/hexrays.hpp" line="2053" column="8" bodyfile="obj/x64_linux_gcc_32_opt_pro/idasdk/hexrays.hpp" bodystart="2053" bodyend="2053"/>
      </memberdef>
      <memberdef kind="function" id="structmlist__t_1a8466f4b2d7d9f010ebe4e85220b2715f" prot="public" static="no" const="yes" explicit="no" inline="yes" virt="non-virtual">
        <type>bool</type>
        <definition>bool mlist_t::is_subset_of</definition>
        <argsstring>(const mlist_t &amp;lst) const</argsstring>
        <name>is_subset_of</name>
        <qualifiedname>mlist_t::is_subset_of</qualifiedname>
        <param>
          <type>const <ref refid="structmlist__t" kindref="compound">mlist_t</ref> &amp;</type>
          <declname>lst</declname>
        </param>
        <briefdescription>
        </briefdescription>
        <detaileddescription>
        </detaileddescription>
        <inbodydescription>
        </inbodydescription>
        <location file="obj/x64_linux_gcc_32_opt_pro/idasdk/hexrays.hpp" line="2054" column="8" bodyfile="obj/x64_linux_gcc_32_opt_pro/idasdk/hexrays.hpp" bodystart="2054" bodyend="2054"/>
      </memberdef>
      </sectiondef>
    <briefdescription>
    </briefdescription>
    <detaileddescription>
    </detaileddescription>
    <collaborationgraph>
      <node id="3">
        <label>bitset_t</label>
        <link refid="classbitset__t"/>
      </node>
      <node id="4">
        <label>ivlset_t</label>
        <link refid="structivlset__t"/>
        <childnode refid="5" relation="public-inheritance">
        </childnode>
      </node>
      <node id="1">
        <label>mlist_t</label>
        <link refid="structmlist__t"/>
        <childnode refid="2" relation="usage">
          <edgelabel>reg</edgelabel>
        </childnode>
        <childnode refid="4" relation="usage">
          <edgelabel>mem</edgelabel>
        </childnode>
      </node>
      <node id="6">
        <label>qvector&lt; Ivl &gt;</label>
        <link refid="classqvector"/>
      </node>
      <node id="2">
        <label>rlist_t</label>
        <link refid="classrlist__t"/>
        <childnode refid="3" relation="public-inheritance">
        </childnode>
      </node>
      <node id="5">
        <label>uval_ivl_ivlset_t</label>
        <link refid="classivlset__tpl"/>
        <childnode refid="6" relation="usage">
          <edgelabel>bag</edgelabel>
        </childnode>
      </node>
    </collaborationgraph>
    <location file="obj/x64_linux_gcc_32_opt_pro/idasdk/hexrays.hpp" line="2023" column="1" bodyfile="obj/x64_linux_gcc_32_opt_pro/idasdk/hexrays.hpp" bodystart="2024" bodyend="2058"/>
    <listofallmembers>
      <member refid="structmlist__t_1a10681e1a0727c5810f7ee3700661d532" prot="public" virt="non-virtual"><scope>mlist_t</scope><name>add</name></member>
      <member refid="structmlist__t_1a225d957460dcfaa7adb240c27a3f15cb" prot="public" virt="non-virtual"><scope>mlist_t</scope><name>add</name></member>
      <member refid="structmlist__t_1a92dde9250c92a53f1e4d67d41073fd94" prot="public" virt="non-virtual"><scope>mlist_t</scope><name>add</name></member>
      <member refid="structmlist__t_1a341a82ea0b89e8cf55737075d72cfea3" prot="public" virt="non-virtual"><scope>mlist_t</scope><name>add</name></member>
      <member refid="structmlist__t_1a751d7758462ff742c83319882822b9bb" prot="public" virt="non-virtual"><scope>mlist_t</scope><name>addmem</name></member>
      <member refid="structmlist__t_1a924e91bad7a92fca8ac5a2ca771e8bd7" prot="public" virt="non-virtual"><scope>mlist_t</scope><name>clear</name></member>
      <member refid="structmlist__t_1a6335f762ec5a35de6ef26605968378f7" prot="public" virt="non-virtual"><scope>mlist_t</scope><name>count</name></member>
      <member refid="structmlist__t_1a2879674e7a8c204b75d19b0186d2d3da" prot="public" virt="non-virtual"><scope>mlist_t</scope><name>dstr</name></member>
      <member refid="structmlist__t_1a35168c1852456e2b964aa7e77f8ba71b" prot="public" virt="non-virtual"><scope>mlist_t</scope><name>empty</name></member>
      <member refid="structmlist__t_1ad8e0414d3f4bf4562da9698c73ea96a8" prot="public" virt="non-virtual"><scope>mlist_t</scope><name>has</name></member>
      <member refid="structmlist__t_1aaae5b8aa7b92afc8d792ca5ed704e8ae" prot="public" virt="non-virtual"><scope>mlist_t</scope><name>has_all</name></member>
      <member refid="structmlist__t_1af89dd1a70475f6c688419959663c2802" prot="public" virt="non-virtual"><scope>mlist_t</scope><name>has_allmem</name></member>
      <member refid="structmlist__t_1a289fb6b893fd6ee5f0a2678a76b7e063" prot="public" virt="non-virtual"><scope>mlist_t</scope><name>has_any</name></member>
      <member refid="structmlist__t_1ae27ed5233e9e32aeed99b92d40e77032" prot="public" virt="non-virtual"><scope>mlist_t</scope><name>has_common</name></member>
      <member refid="structmlist__t_1ae4ee18483b34586aea3316d9505ad663" prot="public" virt="non-virtual"><scope>mlist_t</scope><name>has_memory</name></member>
      <member refid="structmlist__t_1a55032cd13b3d9a4f0422411708cc32c0" prot="public" virt="non-virtual"><scope>mlist_t</scope><name>includes</name></member>
      <member refid="structmlist__t_1a31b8dbd0f32734a854439b8ce108a5e6" prot="public" virt="non-virtual"><scope>mlist_t</scope><name>intersect</name></member>
      <member refid="structmlist__t_1a8466f4b2d7d9f010ebe4e85220b2715f" prot="public" virt="non-virtual"><scope>mlist_t</scope><name>is_subset_of</name></member>
      <member refid="structmlist__t_1a590bbf607fd29d8d1b7b87ba8d0cfec1" prot="public" virt="non-virtual"><scope>mlist_t</scope><name>mem</name></member>
      <member refid="structmlist__t_1a67821360b024ea7288fd76ed36b12b55" prot="public" virt="non-virtual"><scope>mlist_t</scope><name>mlist_t</name></member>
      <member refid="structmlist__t_1a3b5f7fd10c1de05b4844902cf5945c0c" prot="public" virt="non-virtual"><scope>mlist_t</scope><name>mlist_t</name></member>
      <member refid="structmlist__t_1ae7c2c6cb6bc89a487e03f95132f49272" prot="public" virt="non-virtual"><scope>mlist_t</scope><name>mlist_t</name></member>
      <member refid="structmlist__t_1ac97e93bcc2dbff63076d690096049f35" prot="public" virt="non-virtual"><scope>mlist_t</scope><name>print</name></member>
      <member refid="structmlist__t_1a3a3863622f1372255f2adf059786083e" prot="public" virt="non-virtual"><scope>mlist_t</scope><name>reg</name></member>
      <member refid="structmlist__t_1a42294fe4c1b81e51f60e0036e4cf4c44" prot="public" virt="non-virtual"><scope>mlist_t</scope><name>sub</name></member>
      <member refid="structmlist__t_1a5ba449c5d3af8f101bfbb1950e9cbe57" prot="public" virt="non-virtual"><scope>mlist_t</scope><name>sub</name></member>
      <member refid="structmlist__t_1a34bb36f4671e9df70a9d91aa90b8ffda" prot="public" virt="non-virtual"><scope>mlist_t</scope><name>sub</name></member>
      <member refid="structmlist__t_1a9dde8db095bb2b956895fb7a1036bf4a" prot="public" virt="non-virtual"><scope>mlist_t</scope><name>swap</name></member>
    </listofallmembers>
  </compounddef>
</doxygen>
