<?xml version='1.0' encoding='UTF-8' standalone='no'?>
<doxygen xmlns:xsi="http://www.w3.org/2001/XMLSchema-instance" xsi:noNamespaceSchemaLocation="compound.xsd" version="1.9.3" xml:lang="en-US">
  <compounddef id="structbackward__flow__iterator__t" kind="struct" language="C++" prot="public">
    <compoundname>backward_flow_iterator_t</compoundname>
    <innerclass refid="structbackward__flow__iterator__t_1_1state__t" prot="protected">backward_flow_iterator_t::state_t</innerclass>
    <templateparamlist>
      <param>
        <type>class State</type>
      </param>
      <param>
        <type>class Ctrl</type>
      </param>
    </templateparamlist>
      <sectiondef kind="protected-type">
      <memberdef kind="typedef" id="structbackward__flow__iterator__t_1a0542bac9ab3d0d016d5183002559c5f0" prot="protected" static="no">
        <type>std::map&lt; ea_t, ea_t &gt;</type>
        <definition>typedef std::map&lt;ea_t, ea_t&gt; backward_flow_iterator_t&lt; State, Ctrl &gt;::visited_t</definition>
        <argsstring></argsstring>
        <name>visited_t</name>
        <qualifiedname>backward_flow_iterator_t::visited_t</qualifiedname>
        <briefdescription>
        </briefdescription>
        <detaileddescription>
        </detaileddescription>
        <inbodydescription>
        </inbodydescription>
        <location file="obj/x64_linux_gcc_32_opt/idasdk/jumptable.hpp" line="436" column="20" bodyfile="obj/x64_linux_gcc_32_opt/idasdk/jumptable.hpp" bodystart="436" bodyend="-1"/>
      </memberdef>
      <memberdef kind="typedef" id="structbackward__flow__iterator__t_1a13b0a536a4e8e8cb09a2e5286552bea5" prot="protected" static="no">
        <type>std::map&lt; ea_t, <ref refid="structbackward__flow__iterator__t_1_1state__t" kindref="compound">state_t</ref> &gt;</type>
        <definition>typedef std::map&lt;ea_t, state_t&gt; backward_flow_iterator_t&lt; State, Ctrl &gt;::waiting_t</definition>
        <argsstring></argsstring>
        <name>waiting_t</name>
        <qualifiedname>backward_flow_iterator_t::waiting_t</qualifiedname>
        <briefdescription>
        </briefdescription>
        <detaileddescription>
        </detaileddescription>
        <inbodydescription>
        </inbodydescription>
        <location file="obj/x64_linux_gcc_32_opt/idasdk/jumptable.hpp" line="446" column="20" bodyfile="obj/x64_linux_gcc_32_opt/idasdk/jumptable.hpp" bodystart="446" bodyend="-1"/>
      </memberdef>
      </sectiondef>
      <sectiondef kind="public-attrib">
      <memberdef kind="variable" id="structbackward__flow__iterator__t_1a8b550ae4ef962862152db1977e209d04" prot="public" static="no" mutable="no">
        <type>ea_t</type>
        <definition>ea_t backward_flow_iterator_t&lt; State, Ctrl &gt;::cur_ea</definition>
        <argsstring></argsstring>
        <name>cur_ea</name>
        <qualifiedname>backward_flow_iterator_t::cur_ea</qualifiedname>
        <briefdescription>
        </briefdescription>
        <detaileddescription>
        </detaileddescription>
        <inbodydescription>
        </inbodydescription>
        <location file="obj/x64_linux_gcc_32_opt/idasdk/jumptable.hpp" line="421" column="9" bodyfile="obj/x64_linux_gcc_32_opt/idasdk/jumptable.hpp" bodystart="421" bodyend="-1"/>
      </memberdef>
      <memberdef kind="variable" id="structbackward__flow__iterator__t_1a5d38eade58e69a8a50aba64f3c4881d4" prot="public" static="no" mutable="no">
        <type>State &amp;</type>
        <definition>State&amp; backward_flow_iterator_t&lt; State, Ctrl &gt;::regs</definition>
        <argsstring></argsstring>
        <name>regs</name>
        <qualifiedname>backward_flow_iterator_t::regs</qualifiedname>
        <briefdescription>
        </briefdescription>
        <detaileddescription>
        </detaileddescription>
        <inbodydescription>
        </inbodydescription>
        <location file="obj/x64_linux_gcc_32_opt/idasdk/jumptable.hpp" line="422" column="9" bodyfile="obj/x64_linux_gcc_32_opt/idasdk/jumptable.hpp" bodystart="422" bodyend="-1"/>
      </memberdef>
      <memberdef kind="variable" id="structbackward__flow__iterator__t_1a09032c5be6bdaa35072bb0a357df022b" prot="public" static="no" mutable="no">
        <type>Ctrl &amp;</type>
        <definition>Ctrl&amp; backward_flow_iterator_t&lt; State, Ctrl &gt;::ctrl</definition>
        <argsstring></argsstring>
        <name>ctrl</name>
        <qualifiedname>backward_flow_iterator_t::ctrl</qualifiedname>
        <briefdescription>
        </briefdescription>
        <detaileddescription>
        </detaileddescription>
        <inbodydescription>
        </inbodydescription>
        <location file="obj/x64_linux_gcc_32_opt/idasdk/jumptable.hpp" line="423" column="9" bodyfile="obj/x64_linux_gcc_32_opt/idasdk/jumptable.hpp" bodystart="423" bodyend="-1"/>
      </memberdef>
      <memberdef kind="variable" id="structbackward__flow__iterator__t_1a5bf38b11c13c8bdd04e4363bc0ef8c3c" prot="public" static="no" mutable="no">
        <type>bool</type>
        <definition>bool backward_flow_iterator_t&lt; State, Ctrl &gt;::only_near</definition>
        <argsstring></argsstring>
        <name>only_near</name>
        <qualifiedname>backward_flow_iterator_t::only_near</qualifiedname>
        <briefdescription>
        </briefdescription>
        <detaileddescription>
        </detaileddescription>
        <inbodydescription>
        </inbodydescription>
        <location file="obj/x64_linux_gcc_32_opt/idasdk/jumptable.hpp" line="424" column="9" bodyfile="obj/x64_linux_gcc_32_opt/idasdk/jumptable.hpp" bodystart="424" bodyend="-1"/>
      </memberdef>
      <memberdef kind="variable" id="structbackward__flow__iterator__t_1a9bfeb325a9a016e1de90fb5b7efbdc0a" prot="public" static="no" mutable="no">
        <type><ref refid="pro_8h_1a91ad9478d81a7aaf2593e8d9c3d06a14" kindref="member">uint</ref></type>
        <definition>uint backward_flow_iterator_t&lt; State, Ctrl &gt;::max_insn_cnt</definition>
        <argsstring></argsstring>
        <name>max_insn_cnt</name>
        <qualifiedname>backward_flow_iterator_t::max_insn_cnt</qualifiedname>
        <briefdescription>
        </briefdescription>
        <detaileddescription>
        </detaileddescription>
        <inbodydescription>
        </inbodydescription>
        <location file="obj/x64_linux_gcc_32_opt/idasdk/jumptable.hpp" line="425" column="9" bodyfile="obj/x64_linux_gcc_32_opt/idasdk/jumptable.hpp" bodystart="425" bodyend="-1"/>
      </memberdef>
      </sectiondef>
      <sectiondef kind="protected-attrib">
      <memberdef kind="variable" id="structbackward__flow__iterator__t_1aaec43208d862bf0f1ff28fbd20a1ca6c" prot="protected" static="no" mutable="no">
        <type><ref refid="classfunc__t" kindref="compound">func_t</ref> *</type>
        <definition>func_t* backward_flow_iterator_t&lt; State, Ctrl &gt;::pfn</definition>
        <argsstring></argsstring>
        <name>pfn</name>
        <qualifiedname>backward_flow_iterator_t::pfn</qualifiedname>
        <briefdescription>
        </briefdescription>
        <detaileddescription>
        </detaileddescription>
        <inbodydescription>
        </inbodydescription>
        <location file="obj/x64_linux_gcc_32_opt/idasdk/jumptable.hpp" line="429" column="10" bodyfile="obj/x64_linux_gcc_32_opt/idasdk/jumptable.hpp" bodystart="429" bodyend="-1"/>
      </memberdef>
      <memberdef kind="variable" id="structbackward__flow__iterator__t_1a9e371725b53a6a5cc0fc6fd7714779ef" prot="protected" static="no" mutable="no">
        <type>const <ref refid="classsegment__t" kindref="compound">segment_t</ref> *</type>
        <definition>const segment_t* backward_flow_iterator_t&lt; State, Ctrl &gt;::seg</definition>
        <argsstring></argsstring>
        <name>seg</name>
        <qualifiedname>backward_flow_iterator_t::seg</qualifiedname>
        <briefdescription>
        </briefdescription>
        <detaileddescription>
        </detaileddescription>
        <inbodydescription>
        </inbodydescription>
        <location file="obj/x64_linux_gcc_32_opt/idasdk/jumptable.hpp" line="430" column="19" bodyfile="obj/x64_linux_gcc_32_opt/idasdk/jumptable.hpp" bodystart="430" bodyend="-1"/>
      </memberdef>
      <memberdef kind="variable" id="structbackward__flow__iterator__t_1ae5ddb309c78345a65b21874708a244bd" prot="protected" static="no" mutable="no">
        <type>ea_t</type>
        <definition>ea_t backward_flow_iterator_t&lt; State, Ctrl &gt;::start_ea</definition>
        <argsstring></argsstring>
        <name>start_ea</name>
        <qualifiedname>backward_flow_iterator_t::start_ea</qualifiedname>
        <briefdescription>
        </briefdescription>
        <detaileddescription>
        </detaileddescription>
        <inbodydescription>
        </inbodydescription>
        <location file="obj/x64_linux_gcc_32_opt/idasdk/jumptable.hpp" line="431" column="8" bodyfile="obj/x64_linux_gcc_32_opt/idasdk/jumptable.hpp" bodystart="431" bodyend="-1"/>
      </memberdef>
      <memberdef kind="variable" id="structbackward__flow__iterator__t_1ab1ebfc554e05baf3f4eab0274057e709" prot="protected" static="no" mutable="no">
        <type>ea_t</type>
        <definition>ea_t backward_flow_iterator_t&lt; State, Ctrl &gt;::cur_end</definition>
        <argsstring></argsstring>
        <name>cur_end</name>
        <qualifiedname>backward_flow_iterator_t::cur_end</qualifiedname>
        <briefdescription>
        </briefdescription>
        <detaileddescription>
        </detaileddescription>
        <inbodydescription>
        </inbodydescription>
        <location file="obj/x64_linux_gcc_32_opt/idasdk/jumptable.hpp" line="432" column="8" bodyfile="obj/x64_linux_gcc_32_opt/idasdk/jumptable.hpp" bodystart="432" bodyend="-1"/>
      </memberdef>
      <memberdef kind="variable" id="structbackward__flow__iterator__t_1aa6c65e59667c521260f50516b4125b45" prot="protected" static="no" mutable="no">
        <type><ref refid="pro_8h_1a91ad9478d81a7aaf2593e8d9c3d06a14" kindref="member">uint</ref></type>
        <definition>uint backward_flow_iterator_t&lt; State, Ctrl &gt;::insn_cnt</definition>
        <argsstring></argsstring>
        <name>insn_cnt</name>
        <qualifiedname>backward_flow_iterator_t::insn_cnt</qualifiedname>
        <briefdescription>
        </briefdescription>
        <detaileddescription>
        </detaileddescription>
        <inbodydescription>
        </inbodydescription>
        <location file="obj/x64_linux_gcc_32_opt/idasdk/jumptable.hpp" line="433" column="8" bodyfile="obj/x64_linux_gcc_32_opt/idasdk/jumptable.hpp" bodystart="433" bodyend="-1"/>
      </memberdef>
      <memberdef kind="variable" id="structbackward__flow__iterator__t_1a03876c849c60e6e073e7b03f2b3f5f04" prot="protected" static="no" mutable="no">
        <type>visited_t</type>
        <definition>visited_t backward_flow_iterator_t&lt; State, Ctrl &gt;::visited</definition>
        <argsstring></argsstring>
        <name>visited</name>
        <qualifiedname>backward_flow_iterator_t::visited</qualifiedname>
        <briefdescription>
        </briefdescription>
        <detaileddescription>
        </detaileddescription>
        <inbodydescription>
        </inbodydescription>
        <location file="obj/x64_linux_gcc_32_opt/idasdk/jumptable.hpp" line="437" column="13" bodyfile="obj/x64_linux_gcc_32_opt/idasdk/jumptable.hpp" bodystart="437" bodyend="-1"/>
      </memberdef>
      <memberdef kind="variable" id="structbackward__flow__iterator__t_1abc63e0d82ca1e0347abda3bf7f1cb176" prot="protected" static="no" mutable="no">
        <type>waiting_t</type>
        <definition>waiting_t backward_flow_iterator_t&lt; State, Ctrl &gt;::waiting</definition>
        <argsstring></argsstring>
        <name>waiting</name>
        <qualifiedname>backward_flow_iterator_t::waiting</qualifiedname>
        <briefdescription>
        </briefdescription>
        <detaileddescription>
        </detaileddescription>
        <inbodydescription>
        </inbodydescription>
        <location file="obj/x64_linux_gcc_32_opt/idasdk/jumptable.hpp" line="447" column="13" bodyfile="obj/x64_linux_gcc_32_opt/idasdk/jumptable.hpp" bodystart="447" bodyend="-1"/>
      </memberdef>
      </sectiondef>
      <sectiondef kind="public-func">
      <memberdef kind="function" id="structbackward__flow__iterator__t_1ab397b38792ef4671e4949bd529be9b84" prot="public" static="no" const="no" explicit="no" inline="yes" virt="non-virtual">
        <type></type>
        <definition>backward_flow_iterator_t&lt; State, Ctrl &gt;::backward_flow_iterator_t</definition>
        <argsstring>(ea_t start_ea_, State &amp;start_regs, Ctrl &amp;ctrl_, bool only_near_, uint max_insn_cnt_=0)</argsstring>
        <name>backward_flow_iterator_t</name>
        <qualifiedname>backward_flow_iterator_t::backward_flow_iterator_t</qualifiedname>
        <param>
          <type>ea_t</type>
          <declname>start_ea_</declname>
        </param>
        <param>
          <type>State &amp;</type>
          <declname>start_regs</declname>
        </param>
        <param>
          <type>Ctrl &amp;</type>
          <declname>ctrl_</declname>
        </param>
        <param>
          <type>bool</type>
          <declname>only_near_</declname>
        </param>
        <param>
          <type><ref refid="pro_8h_1a91ad9478d81a7aaf2593e8d9c3d06a14" kindref="member">uint</ref></type>
          <declname>max_insn_cnt_</declname>
          <defval>0</defval>
        </param>
        <briefdescription>
        </briefdescription>
        <detaileddescription>
        </detaileddescription>
        <inbodydescription>
        </inbodydescription>
        <location file="obj/x64_linux_gcc_32_opt/idasdk/jumptable.hpp" line="450" column="3" bodyfile="obj/x64_linux_gcc_32_opt/idasdk/jumptable.hpp" bodystart="450" bodyend="476"/>
      </memberdef>
      <memberdef kind="function" id="structbackward__flow__iterator__t_1a55665f001d666620b40a346bf82c9f08" prot="public" static="no" const="no" explicit="no" inline="yes" virt="non-virtual">
        <type><ref refid="xref_8hpp_1a44e2b79869a9595bbe6265ff2026aa98" kindref="member">cref_t</ref></type>
        <definition>cref_t backward_flow_iterator_t&lt; State, Ctrl &gt;::prev_insn</definition>
        <argsstring>()</argsstring>
        <name>prev_insn</name>
        <qualifiedname>backward_flow_iterator_t::prev_insn</qualifiedname>
        <briefdescription>
        </briefdescription>
        <detaileddescription>
        </detaileddescription>
        <inbodydescription>
        </inbodydescription>
        <location file="obj/x64_linux_gcc_32_opt/idasdk/jumptable.hpp" line="482" column="17" bodyfile="obj/x64_linux_gcc_32_opt/idasdk/jumptable.hpp" bodystart="684" bodyend="775"/>
      </memberdef>
      <memberdef kind="function" id="structbackward__flow__iterator__t_1adf8ebbe42ab8cd1d8e12a225841ec82f" prot="public" static="no" const="no" explicit="no" inline="yes" virt="non-virtual">
        <type><ref refid="xref_8hpp_1a44e2b79869a9595bbe6265ff2026aa98" kindref="member">cref_t</ref></type>
        <definition>cref_t backward_flow_iterator_t&lt; State, Ctrl &gt;::skip_block</definition>
        <argsstring>()</argsstring>
        <name>skip_block</name>
        <qualifiedname>backward_flow_iterator_t::skip_block</qualifiedname>
        <briefdescription>
        </briefdescription>
        <detaileddescription>
        </detaileddescription>
        <inbodydescription>
        </inbodydescription>
        <location file="obj/x64_linux_gcc_32_opt/idasdk/jumptable.hpp" line="485" column="17" bodyfile="obj/x64_linux_gcc_32_opt/idasdk/jumptable.hpp" bodystart="779" bodyend="798"/>
      </memberdef>
      <memberdef kind="function" id="structbackward__flow__iterator__t_1ab6e2f4a8ac8375f2b5a9d87675de8b52" prot="public" static="no" const="yes" explicit="no" inline="yes" virt="non-virtual">
        <type>ea_t</type>
        <definition>ea_t backward_flow_iterator_t&lt; State, Ctrl &gt;::get_cur_end</definition>
        <argsstring>() const</argsstring>
        <name>get_cur_end</name>
        <qualifiedname>backward_flow_iterator_t::get_cur_end</qualifiedname>
        <briefdescription>
        </briefdescription>
        <detaileddescription>
        </detaileddescription>
        <inbodydescription>
        </inbodydescription>
        <location file="obj/x64_linux_gcc_32_opt/idasdk/jumptable.hpp" line="487" column="15" bodyfile="obj/x64_linux_gcc_32_opt/idasdk/jumptable.hpp" bodystart="487" bodyend="490"/>
      </memberdef>
      </sectiondef>
      <sectiondef kind="protected-func">
      <memberdef kind="function" id="structbackward__flow__iterator__t_1a318f6d847ce1ec90d567406e58be9689" prot="protected" static="no" const="no" explicit="no" inline="yes" virt="non-virtual">
        <type>ea_t *</type>
        <definition>ea_t * backward_flow_iterator_t&lt; State, Ctrl &gt;::find_visited</definition>
        <argsstring>(ea_t ea)</argsstring>
        <name>find_visited</name>
        <qualifiedname>backward_flow_iterator_t::find_visited</qualifiedname>
        <param>
          <type>ea_t</type>
          <declname>ea</declname>
        </param>
        <briefdescription>
        </briefdescription>
        <detaileddescription>
        </detaileddescription>
        <inbodydescription>
        </inbodydescription>
        <location file="obj/x64_linux_gcc_32_opt/idasdk/jumptable.hpp" line="495" column="15" bodyfile="obj/x64_linux_gcc_32_opt/idasdk/jumptable.hpp" bodystart="825" bodyend="836"/>
      </memberdef>
      <memberdef kind="function" id="structbackward__flow__iterator__t_1a68bcdd377ada0acc9e07d33ad5c5dd2d" prot="protected" static="no" const="no" explicit="no" inline="yes" virt="non-virtual">
        <type><ref refid="xref_8hpp_1a44e2b79869a9595bbe6265ff2026aa98" kindref="member">cref_t</ref></type>
        <definition>cref_t backward_flow_iterator_t&lt; State, Ctrl &gt;::get_waiting</definition>
        <argsstring>()</argsstring>
        <name>get_waiting</name>
        <qualifiedname>backward_flow_iterator_t::get_waiting</qualifiedname>
        <briefdescription>
        </briefdescription>
        <detaileddescription>
        </detaileddescription>
        <inbodydescription>
        </inbodydescription>
        <location file="obj/x64_linux_gcc_32_opt/idasdk/jumptable.hpp" line="497" column="17" bodyfile="obj/x64_linux_gcc_32_opt/idasdk/jumptable.hpp" bodystart="802" bodyend="821"/>
      </memberdef>
      <memberdef kind="function" id="structbackward__flow__iterator__t_1ae2aca2f608fc93ec2e66e9a19bb2813f" prot="protected" static="no" const="yes" explicit="no" inline="yes" virt="non-virtual">
        <type>bool</type>
        <definition>bool backward_flow_iterator_t&lt; State, Ctrl &gt;::check_bounds</definition>
        <argsstring>() const</argsstring>
        <name>check_bounds</name>
        <qualifiedname>backward_flow_iterator_t::check_bounds</qualifiedname>
        <briefdescription>
        </briefdescription>
        <detaileddescription>
        </detaileddescription>
        <inbodydescription>
        </inbodydescription>
        <location file="obj/x64_linux_gcc_32_opt/idasdk/jumptable.hpp" line="505" column="8" bodyfile="obj/x64_linux_gcc_32_opt/idasdk/jumptable.hpp" bodystart="505" bodyend="510"/>
      </memberdef>
      </sectiondef>
      <sectiondef kind="protected-static-func">
      <memberdef kind="function" id="structbackward__flow__iterator__t_1a1d98d1d0978137303ff86793750f9a99" prot="protected" static="yes" const="no" explicit="no" inline="yes" virt="non-virtual">
        <type>void</type>
        <definition>static void backward_flow_iterator_t&lt; State, Ctrl &gt;::combine_insn_cnt</definition>
        <argsstring>(uint *dst, uint src)</argsstring>
        <name>combine_insn_cnt</name>
        <qualifiedname>backward_flow_iterator_t::combine_insn_cnt</qualifiedname>
        <param>
          <type><ref refid="pro_8h_1a91ad9478d81a7aaf2593e8d9c3d06a14" kindref="member">uint</ref> *</type>
          <declname>dst</declname>
        </param>
        <param>
          <type><ref refid="pro_8h_1a91ad9478d81a7aaf2593e8d9c3d06a14" kindref="member">uint</ref></type>
          <declname>src</declname>
        </param>
        <briefdescription>
        </briefdescription>
        <detaileddescription>
        </detaileddescription>
        <inbodydescription>
        </inbodydescription>
        <location file="obj/x64_linux_gcc_32_opt/idasdk/jumptable.hpp" line="499" column="22" bodyfile="obj/x64_linux_gcc_32_opt/idasdk/jumptable.hpp" bodystart="499" bodyend="503"/>
      </memberdef>
      </sectiondef>
    <briefdescription>
    </briefdescription>
    <detaileddescription>
    </detaileddescription>
    <collaborationgraph>
      <node id="1">
        <label>backward_flow_iterator_t&lt; State, Ctrl &gt;</label>
        <link refid="structbackward__flow__iterator__t"/>
        <childnode refid="2" relation="usage">
          <edgelabel>pfn</edgelabel>
        </childnode>
        <childnode refid="7" relation="usage">
          <edgelabel>seg</edgelabel>
        </childnode>
      </node>
      <node id="2">
        <label>func_t</label>
        <link refid="classfunc__t"/>
        <childnode refid="3" relation="public-inheritance">
        </childnode>
        <childnode refid="4" relation="usage">
          <edgelabel>points</edgelabel>
        </childnode>
        <childnode refid="5" relation="usage">
          <edgelabel>regvars</edgelabel>
        </childnode>
        <childnode refid="6" relation="usage">
          <edgelabel>regargs</edgelabel>
        </childnode>
        <childnode refid="3" relation="usage">
          <edgelabel>tails</edgelabel>
        </childnode>
      </node>
      <node id="3">
        <label>range_t</label>
        <link refid="structrange__t"/>
      </node>
      <node id="6">
        <label>regarg_t</label>
        <link refid="structregarg__t"/>
      </node>
      <node id="5">
        <label>regvar_t</label>
        <link refid="structregvar__t"/>
        <childnode refid="3" relation="public-inheritance">
        </childnode>
      </node>
      <node id="7">
        <label>segment_t</label>
        <link refid="classsegment__t"/>
        <childnode refid="3" relation="public-inheritance">
        </childnode>
      </node>
      <node id="4">
        <label>stkpnt_t</label>
        <link refid="structstkpnt__t"/>
      </node>
    </collaborationgraph>
    <location file="obj/x64_linux_gcc_32_opt/idasdk/jumptable.hpp" line="418" column="1" bodyfile="obj/x64_linux_gcc_32_opt/idasdk/jumptable.hpp" bodystart="419" bodyend="511"/>
    <listofallmembers>
      <member refid="structbackward__flow__iterator__t_1ab397b38792ef4671e4949bd529be9b84" prot="public" virt="non-virtual"><scope>backward_flow_iterator_t</scope><name>backward_flow_iterator_t</name></member>
      <member refid="structbackward__flow__iterator__t_1ae2aca2f608fc93ec2e66e9a19bb2813f" prot="protected" virt="non-virtual"><scope>backward_flow_iterator_t</scope><name>check_bounds</name></member>
      <member refid="structbackward__flow__iterator__t_1a1d98d1d0978137303ff86793750f9a99" prot="protected" virt="non-virtual"><scope>backward_flow_iterator_t</scope><name>combine_insn_cnt</name></member>
      <member refid="structbackward__flow__iterator__t_1a09032c5be6bdaa35072bb0a357df022b" prot="public" virt="non-virtual"><scope>backward_flow_iterator_t</scope><name>ctrl</name></member>
      <member refid="structbackward__flow__iterator__t_1a8b550ae4ef962862152db1977e209d04" prot="public" virt="non-virtual"><scope>backward_flow_iterator_t</scope><name>cur_ea</name></member>
      <member refid="structbackward__flow__iterator__t_1ab1ebfc554e05baf3f4eab0274057e709" prot="protected" virt="non-virtual"><scope>backward_flow_iterator_t</scope><name>cur_end</name></member>
      <member refid="structbackward__flow__iterator__t_1a318f6d847ce1ec90d567406e58be9689" prot="protected" virt="non-virtual"><scope>backward_flow_iterator_t</scope><name>find_visited</name></member>
      <member refid="structbackward__flow__iterator__t_1ab6e2f4a8ac8375f2b5a9d87675de8b52" prot="public" virt="non-virtual"><scope>backward_flow_iterator_t</scope><name>get_cur_end</name></member>
      <member refid="structbackward__flow__iterator__t_1a68bcdd377ada0acc9e07d33ad5c5dd2d" prot="protected" virt="non-virtual"><scope>backward_flow_iterator_t</scope><name>get_waiting</name></member>
      <member refid="structbackward__flow__iterator__t_1aa6c65e59667c521260f50516b4125b45" prot="protected" virt="non-virtual"><scope>backward_flow_iterator_t</scope><name>insn_cnt</name></member>
      <member refid="structbackward__flow__iterator__t_1a9bfeb325a9a016e1de90fb5b7efbdc0a" prot="public" virt="non-virtual"><scope>backward_flow_iterator_t</scope><name>max_insn_cnt</name></member>
      <member refid="structbackward__flow__iterator__t_1a5bf38b11c13c8bdd04e4363bc0ef8c3c" prot="public" virt="non-virtual"><scope>backward_flow_iterator_t</scope><name>only_near</name></member>
      <member refid="structbackward__flow__iterator__t_1aaec43208d862bf0f1ff28fbd20a1ca6c" prot="protected" virt="non-virtual"><scope>backward_flow_iterator_t</scope><name>pfn</name></member>
      <member refid="structbackward__flow__iterator__t_1a55665f001d666620b40a346bf82c9f08" prot="public" virt="non-virtual"><scope>backward_flow_iterator_t</scope><name>prev_insn</name></member>
      <member refid="structbackward__flow__iterator__t_1a5d38eade58e69a8a50aba64f3c4881d4" prot="public" virt="non-virtual"><scope>backward_flow_iterator_t</scope><name>regs</name></member>
      <member refid="structbackward__flow__iterator__t_1a9e371725b53a6a5cc0fc6fd7714779ef" prot="protected" virt="non-virtual"><scope>backward_flow_iterator_t</scope><name>seg</name></member>
      <member refid="structbackward__flow__iterator__t_1adf8ebbe42ab8cd1d8e12a225841ec82f" prot="public" virt="non-virtual"><scope>backward_flow_iterator_t</scope><name>skip_block</name></member>
      <member refid="structbackward__flow__iterator__t_1ae5ddb309c78345a65b21874708a244bd" prot="protected" virt="non-virtual"><scope>backward_flow_iterator_t</scope><name>start_ea</name></member>
      <member refid="structbackward__flow__iterator__t_1a03876c849c60e6e073e7b03f2b3f5f04" prot="protected" virt="non-virtual"><scope>backward_flow_iterator_t</scope><name>visited</name></member>
      <member refid="structbackward__flow__iterator__t_1a0542bac9ab3d0d016d5183002559c5f0" prot="protected" virt="non-virtual"><scope>backward_flow_iterator_t</scope><name>visited_t</name></member>
      <member refid="structbackward__flow__iterator__t_1abc63e0d82ca1e0347abda3bf7f1cb176" prot="protected" virt="non-virtual"><scope>backward_flow_iterator_t</scope><name>waiting</name></member>
      <member refid="structbackward__flow__iterator__t_1a13b0a536a4e8e8cb09a2e5286552bea5" prot="protected" virt="non-virtual"><scope>backward_flow_iterator_t</scope><name>waiting_t</name></member>
    </listofallmembers>
  </compounddef>
</doxygen>
