<?xml version='1.0' encoding='UTF-8' standalone='no'?>
<doxygen xmlns:xsi="http://www.w3.org/2001/XMLSchema-instance" xsi:noNamespaceSchemaLocation="compound.xsd" version="1.8.12">
  <compounddef id="structinterval__t" kind="struct" language="C++" prot="public">
    <compoundname>interval_t</compoundname>
    <includes refid="graph_8hpp" local="no">graph.hpp</includes>
      <sectiondef kind="public-attrib">
      <memberdef kind="variable" id="structinterval__t_1a21d61d90a2cc9b3ad75895efd8c2ecb7" prot="public" static="no" mutable="no">
        <type>int</type>
        <definition>int interval_t::x0</definition>
        <argsstring></argsstring>
        <name>x0</name>
        <briefdescription>
        </briefdescription>
        <detaileddescription>
        </detaileddescription>
        <inbodydescription>
        </inbodydescription>
        <location file="obj/x64_linux_gcc_32_opt/idasdk/graph.hpp" line="607" column="1" bodyfile="obj/x64_linux_gcc_32_opt/idasdk/graph.hpp" bodystart="607" bodyend="-1"/>
      </memberdef>
      <memberdef kind="variable" id="structinterval__t_1a994b546f8bc5ca448ad5b953a52b5ad6" prot="public" static="no" mutable="no">
        <type>int</type>
        <definition>int interval_t::x1</definition>
        <argsstring></argsstring>
        <name>x1</name>
        <briefdescription>
        </briefdescription>
        <detaileddescription>
        </detaileddescription>
        <inbodydescription>
        </inbodydescription>
        <location file="obj/x64_linux_gcc_32_opt/idasdk/graph.hpp" line="607" column="1" bodyfile="obj/x64_linux_gcc_32_opt/idasdk/graph.hpp" bodystart="607" bodyend="-1"/>
      </memberdef>
      </sectiondef>
      <sectiondef kind="public-func">
      <memberdef kind="function" id="structinterval__t_1ad73428fa0c47c75e8276fb943eb69e3d" prot="public" static="no" const="yes" explicit="no" inline="yes" virt="non-virtual">
        <type>bool</type>
        <definition>bool interval_t::empty</definition>
        <argsstring>(void) const</argsstring>
        <name>empty</name>
        <param>
          <type>void</type>
        </param>
        <briefdescription>
        </briefdescription>
        <detaileddescription>
        </detaileddescription>
        <inbodydescription>
        </inbodydescription>
        <location file="obj/x64_linux_gcc_32_opt/idasdk/graph.hpp" line="608" column="1" bodyfile="obj/x64_linux_gcc_32_opt/idasdk/graph.hpp" bodystart="608" bodyend="608"/>
      </memberdef>
      <memberdef kind="function" id="structinterval__t_1aafe821e4c34428f2cabf8d053fcfa866" prot="public" static="no" const="no" explicit="no" inline="yes" virt="non-virtual">
        <type>void</type>
        <definition>void interval_t::intersect</definition>
        <argsstring>(const interval_t &amp;r)</argsstring>
        <name>intersect</name>
        <param>
          <type>const <ref refid="structinterval__t" kindref="compound">interval_t</ref> &amp;</type>
          <declname>r</declname>
        </param>
        <briefdescription>
        </briefdescription>
        <detaileddescription>
        </detaileddescription>
        <inbodydescription>
        </inbodydescription>
        <location file="obj/x64_linux_gcc_32_opt/idasdk/graph.hpp" line="609" column="1" bodyfile="obj/x64_linux_gcc_32_opt/idasdk/graph.hpp" bodystart="609" bodyend="615"/>
      </memberdef>
      <memberdef kind="function" id="structinterval__t_1ae705dcd6484b4e4af3010b72a903a2b5" prot="public" static="no" const="no" explicit="no" inline="yes" virt="non-virtual">
        <type>void</type>
        <definition>void interval_t::make_union</definition>
        <argsstring>(const interval_t &amp;r)</argsstring>
        <name>make_union</name>
        <param>
          <type>const <ref refid="structinterval__t" kindref="compound">interval_t</ref> &amp;</type>
          <declname>r</declname>
        </param>
        <briefdescription>
        </briefdescription>
        <detaileddescription>
        </detaileddescription>
        <inbodydescription>
        </inbodydescription>
        <location file="obj/x64_linux_gcc_32_opt/idasdk/graph.hpp" line="616" column="1" bodyfile="obj/x64_linux_gcc_32_opt/idasdk/graph.hpp" bodystart="616" bodyend="622"/>
      </memberdef>
      <memberdef kind="function" id="structinterval__t_1ac683406b0474168024d926690ec92ac5" prot="public" static="no" const="no" explicit="no" inline="yes" virt="non-virtual">
        <type>void</type>
        <definition>void interval_t::move_by</definition>
        <argsstring>(int shift)</argsstring>
        <name>move_by</name>
        <param>
          <type>int</type>
          <declname>shift</declname>
        </param>
        <briefdescription>
        </briefdescription>
        <detaileddescription>
        </detaileddescription>
        <inbodydescription>
        </inbodydescription>
        <location file="obj/x64_linux_gcc_32_opt/idasdk/graph.hpp" line="623" column="1" bodyfile="obj/x64_linux_gcc_32_opt/idasdk/graph.hpp" bodystart="623" bodyend="627"/>
      </memberdef>
      <memberdef kind="function" id="structinterval__t_1a854d8d7a7a3b56265f374b4565a8bbc0" prot="public" static="no" const="no" explicit="no" inline="yes" virt="non-virtual">
        <type></type>
        <definition>interval_t::interval_t</definition>
        <argsstring>(void)</argsstring>
        <name>interval_t</name>
        <param>
          <type>void</type>
        </param>
        <briefdescription>
        </briefdescription>
        <detaileddescription>
        </detaileddescription>
        <inbodydescription>
        </inbodydescription>
        <location file="obj/x64_linux_gcc_32_opt/idasdk/graph.hpp" line="628" column="1" bodyfile="obj/x64_linux_gcc_32_opt/idasdk/graph.hpp" bodystart="628" bodyend="628"/>
      </memberdef>
      <memberdef kind="function" id="structinterval__t_1ae3ee6bdc521e1608c7120ca04039a021" prot="public" static="no" const="no" explicit="no" inline="yes" virt="non-virtual">
        <type></type>
        <definition>interval_t::interval_t</definition>
        <argsstring>(int y0, int y1)</argsstring>
        <name>interval_t</name>
        <param>
          <type>int</type>
          <declname>y0</declname>
        </param>
        <param>
          <type>int</type>
          <declname>y1</declname>
        </param>
        <briefdescription>
        </briefdescription>
        <detaileddescription>
        </detaileddescription>
        <inbodydescription>
        </inbodydescription>
        <location file="obj/x64_linux_gcc_32_opt/idasdk/graph.hpp" line="629" column="1" bodyfile="obj/x64_linux_gcc_32_opt/idasdk/graph.hpp" bodystart="629" bodyend="633"/>
      </memberdef>
      <memberdef kind="function" id="structinterval__t_1a931450290dcc960e622d09715a74e0b6" prot="public" static="no" const="no" explicit="no" inline="yes" virt="non-virtual">
        <type></type>
        <definition>interval_t::interval_t</definition>
        <argsstring>(const edge_segment_t &amp;s)</argsstring>
        <name>interval_t</name>
        <param>
          <type>const <ref refid="structedge__segment__t" kindref="compound">edge_segment_t</ref> &amp;</type>
          <declname>s</declname>
        </param>
        <briefdescription>
        </briefdescription>
        <detaileddescription>
        </detaileddescription>
        <inbodydescription>
        </inbodydescription>
        <location file="obj/x64_linux_gcc_32_opt/idasdk/graph.hpp" line="634" column="1" bodyfile="obj/x64_linux_gcc_32_opt/idasdk/graph.hpp" bodystart="634" bodyend="638"/>
      </memberdef>
      <memberdef kind="function" id="structinterval__t_1a045ebf8a621c40ea529e750a6760ce39" prot="public" static="no" const="yes" explicit="no" inline="yes" virt="non-virtual">
        <type>int</type>
        <definition>int interval_t::length</definition>
        <argsstring>(void) const</argsstring>
        <name>length</name>
        <param>
          <type>void</type>
        </param>
        <briefdescription>
        </briefdescription>
        <detaileddescription>
        </detaileddescription>
        <inbodydescription>
        </inbodydescription>
        <location file="obj/x64_linux_gcc_32_opt/idasdk/graph.hpp" line="639" column="1" bodyfile="obj/x64_linux_gcc_32_opt/idasdk/graph.hpp" bodystart="639" bodyend="639"/>
      </memberdef>
      <memberdef kind="function" id="structinterval__t_1a7244b53cc3c082e714f1065336468105" prot="public" static="no" const="yes" explicit="no" inline="yes" virt="non-virtual">
        <type>bool</type>
        <definition>bool interval_t::contains</definition>
        <argsstring>(int x) const</argsstring>
        <name>contains</name>
        <param>
          <type>int</type>
          <declname>x</declname>
        </param>
        <briefdescription>
        </briefdescription>
        <detaileddescription>
        </detaileddescription>
        <inbodydescription>
        </inbodydescription>
        <location file="obj/x64_linux_gcc_32_opt/idasdk/graph.hpp" line="640" column="1" bodyfile="obj/x64_linux_gcc_32_opt/idasdk/graph.hpp" bodystart="640" bodyend="640"/>
      </memberdef>
      <memberdef kind="function" id="structinterval__t_1a9b079cb7a108d738584fabf3a6231834" prot="public" static="no" const="yes" explicit="no" inline="yes" virt="non-virtual">
        <type>bool</type>
        <definition>bool interval_t::operator==</definition>
        <argsstring>(const interval_t &amp;r) const</argsstring>
        <name>operator==</name>
        <param>
          <type>const <ref refid="structinterval__t" kindref="compound">interval_t</ref> &amp;</type>
          <declname>r</declname>
        </param>
        <briefdescription>
        </briefdescription>
        <detaileddescription>
        </detaileddescription>
        <inbodydescription>
        </inbodydescription>
        <location file="obj/x64_linux_gcc_32_opt/idasdk/graph.hpp" line="641" column="1" bodyfile="obj/x64_linux_gcc_32_opt/idasdk/graph.hpp" bodystart="641" bodyend="641"/>
      </memberdef>
      <memberdef kind="function" id="structinterval__t_1a6c28fac36136dca9de720429d4d95cdc" prot="public" static="no" const="yes" explicit="no" inline="yes" virt="non-virtual">
        <type>bool</type>
        <definition>bool interval_t::operator!=</definition>
        <argsstring>(const interval_t &amp;r) const</argsstring>
        <name>operator!=</name>
        <param>
          <type>const <ref refid="structinterval__t" kindref="compound">interval_t</ref> &amp;</type>
          <declname>r</declname>
        </param>
        <briefdescription>
        </briefdescription>
        <detaileddescription>
        </detaileddescription>
        <inbodydescription>
        </inbodydescription>
        <location file="obj/x64_linux_gcc_32_opt/idasdk/graph.hpp" line="642" column="1" bodyfile="obj/x64_linux_gcc_32_opt/idasdk/graph.hpp" bodystart="642" bodyend="642"/>
      </memberdef>
      </sectiondef>
    <briefdescription>
<para>One dimensional range. </para>    </briefdescription>
    <detaileddescription>
    </detaileddescription>
    <location file="obj/x64_linux_gcc_32_opt/idasdk/graph.hpp" line="606" column="1" bodyfile="obj/x64_linux_gcc_32_opt/idasdk/graph.hpp" bodystart="605" bodyend="643"/>
    <listofallmembers>
      <member refid="structinterval__t_1a7244b53cc3c082e714f1065336468105" prot="public" virt="non-virtual"><scope>interval_t</scope><name>contains</name></member>
      <member refid="structinterval__t_1ad73428fa0c47c75e8276fb943eb69e3d" prot="public" virt="non-virtual"><scope>interval_t</scope><name>empty</name></member>
      <member refid="structinterval__t_1aafe821e4c34428f2cabf8d053fcfa866" prot="public" virt="non-virtual"><scope>interval_t</scope><name>intersect</name></member>
      <member refid="structinterval__t_1a854d8d7a7a3b56265f374b4565a8bbc0" prot="public" virt="non-virtual"><scope>interval_t</scope><name>interval_t</name></member>
      <member refid="structinterval__t_1ae3ee6bdc521e1608c7120ca04039a021" prot="public" virt="non-virtual"><scope>interval_t</scope><name>interval_t</name></member>
      <member refid="structinterval__t_1a931450290dcc960e622d09715a74e0b6" prot="public" virt="non-virtual"><scope>interval_t</scope><name>interval_t</name></member>
      <member refid="structinterval__t_1a045ebf8a621c40ea529e750a6760ce39" prot="public" virt="non-virtual"><scope>interval_t</scope><name>length</name></member>
      <member refid="structinterval__t_1ae705dcd6484b4e4af3010b72a903a2b5" prot="public" virt="non-virtual"><scope>interval_t</scope><name>make_union</name></member>
      <member refid="structinterval__t_1ac683406b0474168024d926690ec92ac5" prot="public" virt="non-virtual"><scope>interval_t</scope><name>move_by</name></member>
      <member refid="structinterval__t_1a6c28fac36136dca9de720429d4d95cdc" prot="public" virt="non-virtual"><scope>interval_t</scope><name>operator!=</name></member>
      <member refid="structinterval__t_1a9b079cb7a108d738584fabf3a6231834" prot="public" virt="non-virtual"><scope>interval_t</scope><name>operator==</name></member>
      <member refid="structinterval__t_1a21d61d90a2cc9b3ad75895efd8c2ecb7" prot="public" virt="non-virtual"><scope>interval_t</scope><name>x0</name></member>
      <member refid="structinterval__t_1a994b546f8bc5ca448ad5b953a52b5ad6" prot="public" virt="non-virtual"><scope>interval_t</scope><name>x1</name></member>
    </listofallmembers>
  </compounddef>
</doxygen>
