<?xml version='1.0' encoding='UTF-8' standalone='no'?>
<doxygen xmlns:xsi="http://www.w3.org/2001/XMLSchema-instance" xsi:noNamespaceSchemaLocation="compound.xsd" version="1.8.15">
  <compounddef id="structjobj__t" kind="struct" language="C++" prot="public">
    <compoundname>jobj_t</compoundname>
    <basecompoundref refid="classqvector" prot="public" virt="non-virtual">qvector&lt; kvp_t &gt;</basecompoundref>
      <sectiondef kind="public-func">
      <memberdef kind="function" id="structjobj__t_1ad0a2d63a9c4855d4e29725b5d251824c" prot="public" static="no" const="yes" explicit="no" inline="yes" virt="non-virtual">
        <type>bool</type>
        <definition>bool jobj_t::has_value</definition>
        <argsstring>(const char *k) const</argsstring>
        <name>has_value</name>
        <param>
          <type>const char *</type>
          <declname>k</declname>
        </param>
        <briefdescription>
        </briefdescription>
        <detaileddescription>
        </detaileddescription>
        <inbodydescription>
        </inbodydescription>
        <location file="obj/x64_linux_gcc_32_opt/3/idasdk/parsejson.hpp" line="103" column="1" bodyfile="obj/x64_linux_gcc_32_opt/3/idasdk/parsejson.hpp" bodystart="103" bodyend="103"/>
      </memberdef>
      <memberdef kind="function" id="structjobj__t_1a571938d79cb7c8a88d3c6810a6fde0a1" prot="public" static="no" const="no" explicit="no" inline="yes" virt="non-virtual">
        <type><ref refid="structjvalue__t" kindref="compound">jvalue_t</ref> *</type>
        <definition>jvalue_t* jobj_t::get_value</definition>
        <argsstring>(const char *k, jtype_t t=JT_UNKNOWN)</argsstring>
        <name>get_value</name>
        <param>
          <type>const char *</type>
          <declname>k</declname>
        </param>
        <param>
          <type>jtype_t</type>
          <declname>t</declname>
          <defval>JT_UNKNOWN</defval>
        </param>
        <briefdescription>
        </briefdescription>
        <detaileddescription>
        </detaileddescription>
        <inbodydescription>
        </inbodydescription>
        <location file="obj/x64_linux_gcc_32_opt/3/idasdk/parsejson.hpp" line="104" column="1" bodyfile="obj/x64_linux_gcc_32_opt/3/idasdk/parsejson.hpp" bodystart="104" bodyend="117"/>
      </memberdef>
      <memberdef kind="function" id="structjobj__t_1a45d98dfc34cb25b7d4548d0cde94f4ed" prot="public" static="no" const="yes" explicit="no" inline="yes" virt="non-virtual">
        <type>const <ref refid="structjvalue__t" kindref="compound">jvalue_t</ref> *</type>
        <definition>const jvalue_t* jobj_t::get_value</definition>
        <argsstring>(const char *k, jtype_t t=JT_UNKNOWN) const</argsstring>
        <name>get_value</name>
        <param>
          <type>const char *</type>
          <declname>k</declname>
        </param>
        <param>
          <type>jtype_t</type>
          <declname>t</declname>
          <defval>JT_UNKNOWN</defval>
        </param>
        <briefdescription>
        </briefdescription>
        <detaileddescription>
        </detaileddescription>
        <inbodydescription>
        </inbodydescription>
        <location file="obj/x64_linux_gcc_32_opt/3/idasdk/parsejson.hpp" line="119" column="1" bodyfile="obj/x64_linux_gcc_32_opt/3/idasdk/parsejson.hpp" bodystart="119" bodyend="122"/>
      </memberdef>
      <memberdef kind="function" id="structjobj__t_1a1f905f011afbbeec8a9de5c80c9ead03" prot="public" static="no" const="yes" explicit="no" inline="yes" virt="non-virtual">
        <type>const <ref refid="structjvalue__t" kindref="compound">jvalue_t</ref> *</type>
        <definition>const jvalue_t* jobj_t::get_value_or_fail</definition>
        <argsstring>(const char *k, jtype_t t=JT_UNKNOWN) const</argsstring>
        <name>get_value_or_fail</name>
        <param>
          <type>const char *</type>
          <declname>k</declname>
        </param>
        <param>
          <type>jtype_t</type>
          <declname>t</declname>
          <defval>JT_UNKNOWN</defval>
        </param>
        <briefdescription>
        </briefdescription>
        <detaileddescription>
        </detaileddescription>
        <inbodydescription>
        </inbodydescription>
        <location file="obj/x64_linux_gcc_32_opt/3/idasdk/parsejson.hpp" line="124" column="1" bodyfile="obj/x64_linux_gcc_32_opt/3/idasdk/parsejson.hpp" bodystart="124" bodyend="129"/>
      </memberdef>
      <memberdef kind="function" id="structjobj__t_1a95dd0c8d2f76c56b676cc48a8bb5a9c3" prot="public" static="no" const="no" explicit="no" inline="yes" virt="non-virtual">
        <type><ref refid="structjvalue__t" kindref="compound">jvalue_t</ref> *</type>
        <definition>jvalue_t* jobj_t::get_value_or_new</definition>
        <argsstring>(const char *key)</argsstring>
        <name>get_value_or_new</name>
        <param>
          <type>const char *</type>
          <declname>key</declname>
        </param>
        <briefdescription>
        </briefdescription>
        <detaileddescription>
        </detaileddescription>
        <inbodydescription>
        </inbodydescription>
        <location file="obj/x64_linux_gcc_32_opt/3/idasdk/parsejson.hpp" line="131" column="1" bodyfile="obj/x64_linux_gcc_32_opt/3/idasdk/parsejson.hpp" bodystart="131" bodyend="141"/>
      </memberdef>
      <memberdef kind="function" id="structjobj__t_1a2d7a48f4d356b93cb220dc75f408cb89" prot="public" static="no" const="yes" explicit="no" inline="yes" virt="non-virtual">
        <type><ref refid="pro_8h_1af755b91e0abdf71f5715f00e68b35e0a" kindref="member">int64</ref></type>
        <definition>int64 jobj_t::get_num</definition>
        <argsstring>(const char *k) const</argsstring>
        <name>get_num</name>
        <param>
          <type>const char *</type>
          <declname>k</declname>
        </param>
        <briefdescription>
        </briefdescription>
        <detaileddescription>
        </detaileddescription>
        <inbodydescription>
        </inbodydescription>
        <location file="obj/x64_linux_gcc_32_opt/3/idasdk/parsejson.hpp" line="143" column="1" bodyfile="obj/x64_linux_gcc_32_opt/3/idasdk/parsejson.hpp" bodystart="143" bodyend="143"/>
      </memberdef>
      <memberdef kind="function" id="structjobj__t_1aed8d52ea359509d466a3e286c633d6a2" prot="public" static="no" const="yes" explicit="no" inline="yes" virt="non-virtual">
        <type>bool</type>
        <definition>bool jobj_t::get_bool</definition>
        <argsstring>(const char *k) const</argsstring>
        <name>get_bool</name>
        <param>
          <type>const char *</type>
          <declname>k</declname>
        </param>
        <briefdescription>
        </briefdescription>
        <detaileddescription>
        </detaileddescription>
        <inbodydescription>
        </inbodydescription>
        <location file="obj/x64_linux_gcc_32_opt/3/idasdk/parsejson.hpp" line="144" column="1" bodyfile="obj/x64_linux_gcc_32_opt/3/idasdk/parsejson.hpp" bodystart="144" bodyend="144"/>
      </memberdef>
      <memberdef kind="function" id="structjobj__t_1a5c9957f6453773fd17879e1c34df0a7c" prot="public" static="no" const="yes" explicit="no" inline="yes" virt="non-virtual">
        <type>const char *</type>
        <definition>const char* jobj_t::get_str</definition>
        <argsstring>(const char *k) const</argsstring>
        <name>get_str</name>
        <param>
          <type>const char *</type>
          <declname>k</declname>
        </param>
        <briefdescription>
        </briefdescription>
        <detaileddescription>
        </detaileddescription>
        <inbodydescription>
        </inbodydescription>
        <location file="obj/x64_linux_gcc_32_opt/3/idasdk/parsejson.hpp" line="145" column="1" bodyfile="obj/x64_linux_gcc_32_opt/3/idasdk/parsejson.hpp" bodystart="145" bodyend="145"/>
      </memberdef>
      <memberdef kind="function" id="structjobj__t_1addeee05e286e86ae7b33278ffd871917" prot="public" static="no" const="yes" explicit="no" inline="yes" virt="non-virtual">
        <type>const <ref refid="structjobj__t" kindref="compound">jobj_t</ref> &amp;</type>
        <definition>const jobj_t&amp; jobj_t::get_obj</definition>
        <argsstring>(const char *k) const</argsstring>
        <name>get_obj</name>
        <param>
          <type>const char *</type>
          <declname>k</declname>
        </param>
        <briefdescription>
        </briefdescription>
        <detaileddescription>
        </detaileddescription>
        <inbodydescription>
        </inbodydescription>
        <location file="obj/x64_linux_gcc_32_opt/3/idasdk/parsejson.hpp" line="146" column="1" bodyfile="obj/x64_linux_gcc_32_opt/3/idasdk/parsejson.hpp" bodystart="146" bodyend="146"/>
      </memberdef>
      <memberdef kind="function" id="structjobj__t_1ae9e14a9ad04908b7f899771923be0246" prot="public" static="no" const="yes" explicit="no" inline="yes" virt="non-virtual">
        <type>const <ref refid="structjarr__t" kindref="compound">jarr_t</ref> &amp;</type>
        <definition>const jarr_t&amp; jobj_t::get_arr</definition>
        <argsstring>(const char *k) const</argsstring>
        <name>get_arr</name>
        <param>
          <type>const char *</type>
          <declname>k</declname>
        </param>
        <briefdescription>
        </briefdescription>
        <detaileddescription>
        </detaileddescription>
        <inbodydescription>
        </inbodydescription>
        <location file="obj/x64_linux_gcc_32_opt/3/idasdk/parsejson.hpp" line="147" column="1" bodyfile="obj/x64_linux_gcc_32_opt/3/idasdk/parsejson.hpp" bodystart="147" bodyend="147"/>
      </memberdef>
      <memberdef kind="function" id="structjobj__t_1a6e0539be07d4da9c4160ff501d5bd984" prot="public" static="no" const="no" explicit="no" inline="no" virt="non-virtual">
        <type></type>
        <definition>jobj_t::DEFINE_ACCESSORS</definition>
        <argsstring>(int, int, JT_NUM, v-&gt;num(), v-&gt;set_num(value))</argsstring>
        <name>DEFINE_ACCESSORS</name>
        <param>
          <type>int</type>
        </param>
        <param>
          <type>int</type>
        </param>
        <param>
          <type>JT_NUM</type>
        </param>
        <param>
          <type>v-&gt;</type>
          <declname>num</declname>
          <array>()</array>
        </param>
        <param>
          <type>v-&gt;</type>
          <declname>set_num</declname>
          <array>value</array>
        </param>
        <briefdescription>
        </briefdescription>
        <detaileddescription>
        </detaileddescription>
        <inbodydescription>
        </inbodydescription>
        <location file="obj/x64_linux_gcc_32_opt/3/idasdk/parsejson.hpp" line="175" column="1"/>
      </memberdef>
      <memberdef kind="function" id="structjobj__t_1afb44b027b7f8c2884d67634699865a6b" prot="public" static="no" const="no" explicit="no" inline="no" virt="non-virtual">
        <type></type>
        <definition>jobj_t::DEFINE_ACCESSORS</definition>
        <argsstring>(int64, int64, JT_NUM, v-&gt;num(), v-&gt;set_num(value))</argsstring>
        <name>DEFINE_ACCESSORS</name>
        <param>
          <type><ref refid="pro_8h_1af755b91e0abdf71f5715f00e68b35e0a" kindref="member">int64</ref></type>
        </param>
        <param>
          <type><ref refid="pro_8h_1af755b91e0abdf71f5715f00e68b35e0a" kindref="member">int64</ref></type>
        </param>
        <param>
          <type>JT_NUM</type>
        </param>
        <param>
          <type>v-&gt;</type>
          <declname>num</declname>
          <array>()</array>
        </param>
        <param>
          <type>v-&gt;</type>
          <declname>set_num</declname>
          <array>value</array>
        </param>
        <briefdescription>
        </briefdescription>
        <detaileddescription>
        </detaileddescription>
        <inbodydescription>
        </inbodydescription>
        <location file="obj/x64_linux_gcc_32_opt/3/idasdk/parsejson.hpp" line="176" column="1"/>
      </memberdef>
      <memberdef kind="function" id="structjobj__t_1a1b2b676d12d5aa7c24141c1f7d7ea98a" prot="public" static="no" const="no" explicit="no" inline="no" virt="non-virtual">
        <type></type>
        <definition>jobj_t::DEFINE_ACCESSORS</definition>
        <argsstring>(bool, bool, JT_BOOL, v-&gt;vbool(), v-&gt;set_bool(value))</argsstring>
        <name>DEFINE_ACCESSORS</name>
        <param>
          <type>bool</type>
        </param>
        <param>
          <type>bool</type>
        </param>
        <param>
          <type>JT_BOOL</type>
        </param>
        <param>
          <type>v-&gt;</type>
          <declname>vbool</declname>
          <array>()</array>
        </param>
        <param>
          <type>v-&gt;</type>
          <declname>set_bool</declname>
          <array>value</array>
        </param>
        <briefdescription>
        </briefdescription>
        <detaileddescription>
        </detaileddescription>
        <inbodydescription>
        </inbodydescription>
        <location file="obj/x64_linux_gcc_32_opt/3/idasdk/parsejson.hpp" line="177" column="1"/>
      </memberdef>
      <memberdef kind="function" id="structjobj__t_1a567faf43064ca210f065e28e1dcca1a9" prot="public" static="no" const="no" explicit="no" inline="no" virt="non-virtual">
        <type></type>
        <definition>jobj_t::DEFINE_ACCESSORS</definition>
        <argsstring>(jarr_t *, const jarr_t *, JT_ARR, &amp;v-&gt;arr(), v-&gt;set_arr(value))</argsstring>
        <name>DEFINE_ACCESSORS</name>
        <param>
          <type><ref refid="structjarr__t" kindref="compound">jarr_t</ref> *</type>
        </param>
        <param>
          <type>const <ref refid="structjarr__t" kindref="compound">jarr_t</ref> *</type>
        </param>
        <param>
          <type>JT_ARR</type>
        </param>
        <param>
          <type>&amp;v-&gt;</type>
          <declname>arr</declname>
          <array>()</array>
        </param>
        <param>
          <type>v-&gt;</type>
          <declname>set_arr</declname>
          <array>value</array>
        </param>
        <briefdescription>
        </briefdescription>
        <detaileddescription>
        </detaileddescription>
        <inbodydescription>
        </inbodydescription>
        <location file="obj/x64_linux_gcc_32_opt/3/idasdk/parsejson.hpp" line="178" column="1"/>
      </memberdef>
      <memberdef kind="function" id="structjobj__t_1a5e0ebf0a61896fdebbc704d7f2a3f715" prot="public" static="no" const="no" explicit="no" inline="no" virt="non-virtual">
        <type></type>
        <definition>jobj_t::DEFINE_ACCESSORS</definition>
        <argsstring>(jobj_t *, const jobj_t *, JT_OBJ, &amp;v-&gt;obj(), v-&gt;set_obj(value))</argsstring>
        <name>DEFINE_ACCESSORS</name>
        <param>
          <type><ref refid="structjobj__t" kindref="compound">jobj_t</ref> *</type>
        </param>
        <param>
          <type>const <ref refid="structjobj__t" kindref="compound">jobj_t</ref> *</type>
        </param>
        <param>
          <type>JT_OBJ</type>
        </param>
        <param>
          <type>&amp;v-&gt;</type>
          <declname>obj</declname>
          <array>()</array>
        </param>
        <param>
          <type>v-&gt;</type>
          <declname>set_obj</declname>
          <array>value</array>
        </param>
        <briefdescription>
        </briefdescription>
        <detaileddescription>
        </detaileddescription>
        <inbodydescription>
        </inbodydescription>
        <location file="obj/x64_linux_gcc_32_opt/3/idasdk/parsejson.hpp" line="179" column="1"/>
      </memberdef>
      <memberdef kind="function" id="structjobj__t_1a79a43e7b5ee434850ea48c12933b9e61" prot="public" static="no" const="no" explicit="no" inline="no" virt="non-virtual">
        <type></type>
        <definition>jobj_t::DEFINE_ACCESSORS</definition>
        <argsstring>(const char *, const char *, JT_STR, v-&gt;str(), v-&gt;set_str(new qstring(value)))</argsstring>
        <name>DEFINE_ACCESSORS</name>
        <param>
          <type>const char *</type>
        </param>
        <param>
          <type>const char *</type>
        </param>
        <param>
          <type>JT_STR</type>
        </param>
        <param>
          <type>v-&gt;</type>
          <declname>str</declname>
          <array>()</array>
        </param>
        <param>
          <type>v-&gt;</type>
          <declname>set_str</declname>
          <array>new qstring(value)</array>
        </param>
        <briefdescription>
        </briefdescription>
        <detaileddescription>
        </detaileddescription>
        <inbodydescription>
        </inbodydescription>
        <location file="obj/x64_linux_gcc_32_opt/3/idasdk/parsejson.hpp" line="180" column="1"/>
      </memberdef>
      </sectiondef>
    <briefdescription>
    </briefdescription>
    <detaileddescription>
    </detaileddescription>
    <inheritancegraph>
      <node id="1977">
        <label>qvector&lt; kvp_t &gt;</label>
        <link refid="classqvector"/>
      </node>
      <node id="1976">
        <label>jobj_t</label>
        <link refid="structjobj__t"/>
        <childnode refid="1977" relation="public-inheritance">
        </childnode>
      </node>
    </inheritancegraph>
    <collaborationgraph>
      <node id="1979">
        <label>qvector&lt; kvp_t &gt;</label>
        <link refid="classqvector"/>
      </node>
      <node id="1978">
        <label>jobj_t</label>
        <link refid="structjobj__t"/>
        <childnode refid="1979" relation="public-inheritance">
        </childnode>
      </node>
    </collaborationgraph>
    <location file="obj/x64_linux_gcc_32_opt/3/idasdk/parsejson.hpp" line="102" column="1" bodyfile="obj/x64_linux_gcc_32_opt/3/idasdk/parsejson.hpp" bodystart="101" bodyend="185"/>
    <listofallmembers>
      <member refid="classqvector_1aae20729cb52ff559b27b834e0bbb5528" prot="public" virt="non-virtual"><scope>jobj_t</scope><name>add</name></member>
      <member refid="classqvector_1af0e3de3e606a0b52de17e80ce710317c" prot="public" virt="non-virtual"><scope>jobj_t</scope><name>add_unique</name></member>
      <member refid="classqvector_1a7756bf02ed2b83370fc1d62acb49d3be" prot="public" virt="non-virtual"><scope>jobj_t</scope><name>at</name></member>
      <member refid="classqvector_1a8239a85aa07f560afcf35b8c7c53fd48" prot="public" virt="non-virtual"><scope>jobj_t</scope><name>at</name></member>
      <member refid="classqvector_1ae86d54e6a60b2f2e7eb254b181e4a4dc" prot="public" virt="non-virtual"><scope>jobj_t</scope><name>back</name></member>
      <member refid="classqvector_1aa9af4ff586a6b15e11e760e1f28766f3" prot="public" virt="non-virtual"><scope>jobj_t</scope><name>back</name></member>
      <member refid="classqvector_1ad907a7b2c09c0ca4dd437392ee34a50a" prot="public" virt="non-virtual"><scope>jobj_t</scope><name>begin</name></member>
      <member refid="classqvector_1a85630357a750889ffc6c204e98a8d4aa" prot="public" virt="non-virtual"><scope>jobj_t</scope><name>begin</name></member>
      <member refid="classqvector_1ae2f4823d02d814d50c6d198ff0c43a0c" prot="public" virt="non-virtual"><scope>jobj_t</scope><name>capacity</name></member>
      <member refid="classqvector_1a00ea674adc4b958966d78ba450621a46" prot="public" virt="non-virtual"><scope>jobj_t</scope><name>clear</name></member>
      <member refid="classqvector_1a194d7dff35eb2e50e2b98109a6a9c4da" prot="public" virt="non-virtual"><scope>jobj_t</scope><name>const_iterator</name></member>
      <member refid="structjobj__t_1a6e0539be07d4da9c4160ff501d5bd984" prot="public" virt="non-virtual"><scope>jobj_t</scope><name>DEFINE_ACCESSORS</name></member>
      <member refid="structjobj__t_1afb44b027b7f8c2884d67634699865a6b" prot="public" virt="non-virtual"><scope>jobj_t</scope><name>DEFINE_ACCESSORS</name></member>
      <member refid="structjobj__t_1a1b2b676d12d5aa7c24141c1f7d7ea98a" prot="public" virt="non-virtual"><scope>jobj_t</scope><name>DEFINE_ACCESSORS</name></member>
      <member refid="structjobj__t_1a567faf43064ca210f065e28e1dcca1a9" prot="public" virt="non-virtual"><scope>jobj_t</scope><name>DEFINE_ACCESSORS</name></member>
      <member refid="structjobj__t_1a5e0ebf0a61896fdebbc704d7f2a3f715" prot="public" virt="non-virtual"><scope>jobj_t</scope><name>DEFINE_ACCESSORS</name></member>
      <member refid="structjobj__t_1a79a43e7b5ee434850ea48c12933b9e61" prot="public" virt="non-virtual"><scope>jobj_t</scope><name>DEFINE_ACCESSORS</name></member>
      <member refid="classqvector_1a1f7772500942d63596a5c91249ad577c" prot="public" virt="non-virtual"><scope>jobj_t</scope><name>del</name></member>
      <member refid="classqvector_1ac78b72e26edaf62a9554b5a0fe3d6457" prot="public" virt="non-virtual"><scope>jobj_t</scope><name>dstr</name></member>
      <member refid="classqvector_1a557b1f774ef7d7e242ce4792ac83b572" prot="public" virt="non-virtual"><scope>jobj_t</scope><name>empty</name></member>
      <member refid="classqvector_1a6139abba869b7a488109c983445a34d1" prot="public" virt="non-virtual"><scope>jobj_t</scope><name>end</name></member>
      <member refid="classqvector_1adcc73c6c8ad31d17a5fdc57dffea90e1" prot="public" virt="non-virtual"><scope>jobj_t</scope><name>end</name></member>
      <member refid="classqvector_1a59661e16df1b8e3c69caf2b2a6ca2b59" prot="public" virt="non-virtual"><scope>jobj_t</scope><name>erase</name></member>
      <member refid="classqvector_1a16a369b4edb05a6feddd38f8612eab1b" prot="public" virt="non-virtual"><scope>jobj_t</scope><name>erase</name></member>
      <member refid="classqvector_1abf8f50b30972a829ad7affb27cdb80c7" prot="public" virt="non-virtual"><scope>jobj_t</scope><name>extract</name></member>
      <member refid="classqvector_1ab9b8ccda1db8948c10f1ea2936c59a5c" prot="public" virt="non-virtual"><scope>jobj_t</scope><name>find</name></member>
      <member refid="classqvector_1a4e77dc1a55ea19e725e8a22aa574ae28" prot="public" virt="non-virtual"><scope>jobj_t</scope><name>find</name></member>
      <member refid="classqvector_1a7cfc6f9d91d6495f92961c5ea37bb0d4" prot="public" virt="non-virtual"><scope>jobj_t</scope><name>front</name></member>
      <member refid="classqvector_1ae4595a6221e8a056b54fed4dced17f26" prot="public" virt="non-virtual"><scope>jobj_t</scope><name>front</name></member>
      <member refid="structjobj__t_1ae9e14a9ad04908b7f899771923be0246" prot="public" virt="non-virtual"><scope>jobj_t</scope><name>get_arr</name></member>
      <member refid="structjobj__t_1aed8d52ea359509d466a3e286c633d6a2" prot="public" virt="non-virtual"><scope>jobj_t</scope><name>get_bool</name></member>
      <member refid="structjobj__t_1a2d7a48f4d356b93cb220dc75f408cb89" prot="public" virt="non-virtual"><scope>jobj_t</scope><name>get_num</name></member>
      <member refid="structjobj__t_1addeee05e286e86ae7b33278ffd871917" prot="public" virt="non-virtual"><scope>jobj_t</scope><name>get_obj</name></member>
      <member refid="structjobj__t_1a5c9957f6453773fd17879e1c34df0a7c" prot="public" virt="non-virtual"><scope>jobj_t</scope><name>get_str</name></member>
      <member refid="structjobj__t_1a571938d79cb7c8a88d3c6810a6fde0a1" prot="public" virt="non-virtual"><scope>jobj_t</scope><name>get_value</name></member>
      <member refid="structjobj__t_1a45d98dfc34cb25b7d4548d0cde94f4ed" prot="public" virt="non-virtual"><scope>jobj_t</scope><name>get_value</name></member>
      <member refid="structjobj__t_1a1f905f011afbbeec8a9de5c80c9ead03" prot="public" virt="non-virtual"><scope>jobj_t</scope><name>get_value_or_fail</name></member>
      <member refid="structjobj__t_1a95dd0c8d2f76c56b676cc48a8bb5a9c3" prot="public" virt="non-virtual"><scope>jobj_t</scope><name>get_value_or_new</name></member>
      <member refid="classqvector_1acd86e975d8aa56bee809e4176bb0d530" prot="public" virt="non-virtual"><scope>jobj_t</scope><name>grow</name></member>
      <member refid="classqvector_1af9f9d1bbac527168131b03ee956833fc" prot="public" virt="non-virtual"><scope>jobj_t</scope><name>has</name></member>
      <member refid="structjobj__t_1ad0a2d63a9c4855d4e29725b5d251824c" prot="public" virt="non-virtual"><scope>jobj_t</scope><name>has_value</name></member>
      <member refid="classqvector_1aeb58b3064e71399ce8f2bfaf9a582d29" prot="public" virt="non-virtual"><scope>jobj_t</scope><name>index</name></member>
      <member refid="classqvector_1a0e2ac6acfb0b5607cd6b77e8049633db" prot="public" virt="non-virtual"><scope>jobj_t</scope><name>inject</name></member>
      <member refid="classqvector_1a7c55d837eb4006430e5b300e79901ef1" prot="public" virt="non-virtual"><scope>jobj_t</scope><name>insert</name></member>
      <member refid="classqvector_1ad10cb71a7d5bfdd090dafd52f625eb20" prot="public" virt="non-virtual"><scope>jobj_t</scope><name>insert</name></member>
      <member refid="classqvector_1ad40f094ea07c84e9cab1077188893c5c" prot="public" virt="non-virtual"><scope>jobj_t</scope><name>iterator</name></member>
      <member refid="classqvector_1a15efec34b1af4afd53e662169dcdf969" prot="public" virt="non-virtual"><scope>jobj_t</scope><name>operator !=</name></member>
      <member refid="classqvector_1af24534fa1de39b829e85f573640f9f48" prot="public" virt="non-virtual"><scope>jobj_t</scope><name>operator=</name></member>
      <member refid="classqvector_1ace7ff39fb8ad735fdd45b86a46ba4fbc" prot="public" virt="non-virtual"><scope>jobj_t</scope><name>operator==</name></member>
      <member refid="classqvector_1a3ffbd25fbea3165cf3f8f7a6b4d5c86d" prot="public" virt="non-virtual"><scope>jobj_t</scope><name>operator[]</name></member>
      <member refid="classqvector_1a9743bfd5464506b812d9686d3ba40299" prot="public" virt="non-virtual"><scope>jobj_t</scope><name>operator[]</name></member>
      <member refid="classqvector_1ad0dfc171e75ac7ddf1de00309505d995" prot="public" virt="non-virtual"><scope>jobj_t</scope><name>pop_back</name></member>
      <member refid="classqvector_1a3a46bca9030a31c7e0a1596948797e37" prot="public" virt="non-virtual"><scope>jobj_t</scope><name>push_back</name></member>
      <member refid="classqvector_1ad54c35eca9074d6458a0f589f09d1750" prot="public" virt="non-virtual"><scope>jobj_t</scope><name>push_back</name></member>
      <member refid="classqvector_1a5e84e633cf9a05ebdc441af0780edb4a" prot="public" virt="non-virtual"><scope>jobj_t</scope><name>qclear</name></member>
      <member refid="classqvector_1ac1c66f1594aff3114ed1de62cf84410d" prot="public" virt="non-virtual"><scope>jobj_t</scope><name>qvector</name></member>
      <member refid="classqvector_1a53936d7ddf6df4efdf91eeed34894c41" prot="public" virt="non-virtual"><scope>jobj_t</scope><name>qvector</name></member>
      <member refid="classqvector_1a00e5c32c63732f5149e901c932d2f3c2" prot="public" virt="non-virtual"><scope>jobj_t</scope><name>reserve</name></member>
      <member refid="classqvector_1a86c07a20c0f081c2930118f0db280148" prot="public" virt="non-virtual"><scope>jobj_t</scope><name>resize</name></member>
      <member refid="classqvector_1ae4d55e7d94d1a247e10baeae524b53dc" prot="public" virt="non-virtual"><scope>jobj_t</scope><name>resize</name></member>
      <member refid="classqvector_1a10917886cc8f5f5c829f914c75973d2f" prot="public" virt="non-virtual"><scope>jobj_t</scope><name>resize_noinit</name></member>
      <member refid="classqvector_1ae96fe88d3602362b063bd0540ff579dd" prot="public" virt="non-virtual"><scope>jobj_t</scope><name>size</name></member>
      <member refid="classqvector_1a2006754f99fb324709ae0972ddb20bb4" prot="public" virt="non-virtual"><scope>jobj_t</scope><name>swap</name></member>
      <member refid="classqvector_1a447062dc6a1a8318a9e0430d4bbe0ec6" prot="public" virt="non-virtual"><scope>jobj_t</scope><name>truncate</name></member>
      <member refid="classqvector_1a71bc4c4aa5df2fda5b070e74f01b5d28" prot="public" virt="non-virtual"><scope>jobj_t</scope><name>value_type</name></member>
      <member refid="classqvector_1a3c7294aeb604b9c9e1b47b3abd8cd71e" prot="public" virt="non-virtual"><scope>jobj_t</scope><name>~qvector</name></member>
    </listofallmembers>
  </compounddef>
</doxygen>
