<?xml version='1.0' encoding='UTF-8' standalone='no'?>
<doxygen xmlns:xsi="http://www.w3.org/2001/XMLSchema-instance" xsi:noNamespaceSchemaLocation="compound.xsd" version="1.8.15">
  <compounddef id="structlvar__ref__t" kind="struct" language="C++" prot="public">
    <compoundname>lvar_ref_t</compoundname>
    <includes refid="hexrays_8hpp" local="no">hexrays.hpp</includes>
      <sectiondef kind="public-attrib">
      <memberdef kind="variable" id="structlvar__ref__t_1a23588cd1dd7641b2bcaa7d8b3de419ea" prot="public" static="no" mutable="no">
        <type><ref refid="classmba__t" kindref="compound">mba_t</ref> *const</type>
        <definition>mba_t* const lvar_ref_t::mba</definition>
        <argsstring></argsstring>
        <name>mba</name>
        <briefdescription>
        </briefdescription>
        <detaileddescription>
<para>Pointer to the parent <ref refid="classmba__t" kindref="compound">mba_t</ref> object. Since we need to access the &apos;mba-&gt;vars&apos; array in order to retrieve the referenced variable, we keep a pointer to <ref refid="classmba__t" kindref="compound">mba_t</ref> here. Note: this means this class and consequently <ref refid="classmop__t" kindref="compound">mop_t</ref>, <ref refid="classminsn__t" kindref="compound">minsn_t</ref>, <ref refid="classmblock__t" kindref="compound">mblock_t</ref> are specific to a <ref refid="classmba__t" kindref="compound">mba_t</ref> object and cannot migrate between them. fortunately this is not something we need to do. second, <ref refid="structlvar__ref__t" kindref="compound">lvar_ref_t</ref>&apos;s appear only after MMAT_LVARS. </para>
        </detaileddescription>
        <inbodydescription>
        </inbodydescription>
        <location file="obj/x64_linux_gcc_32_opt/3/idasdk/hexrays.hpp" line="2272" column="1" bodyfile="obj/x64_linux_gcc_32_opt/3/idasdk/hexrays.hpp" bodystart="2272" bodyend="-1"/>
      </memberdef>
      <memberdef kind="variable" id="structlvar__ref__t_1a4e54e3f9a67b28d942ff719280f92160" prot="public" static="no" mutable="no">
        <type><ref refid="pro_8h_1a430639fcfd4601cd6cb310ae71481fe1" kindref="member">sval_t</ref></type>
        <definition>sval_t lvar_ref_t::off</definition>
        <argsstring></argsstring>
        <name>off</name>
        <briefdescription>
<para>offset from the beginning of the variable </para>
        </briefdescription>
        <detaileddescription>
        </detaileddescription>
        <inbodydescription>
        </inbodydescription>
        <location file="obj/x64_linux_gcc_32_opt/3/idasdk/hexrays.hpp" line="2273" column="1" bodyfile="obj/x64_linux_gcc_32_opt/3/idasdk/hexrays.hpp" bodystart="2273" bodyend="-1"/>
      </memberdef>
      <memberdef kind="variable" id="structlvar__ref__t_1a1e2aaa9c2974596030a5a4af26bb848e" prot="public" static="no" mutable="no">
        <type>int</type>
        <definition>int lvar_ref_t::idx</definition>
        <argsstring></argsstring>
        <name>idx</name>
        <briefdescription>
<para>index into mba-&gt;vars </para>
        </briefdescription>
        <detaileddescription>
        </detaileddescription>
        <inbodydescription>
        </inbodydescription>
        <location file="obj/x64_linux_gcc_32_opt/3/idasdk/hexrays.hpp" line="2274" column="1" bodyfile="obj/x64_linux_gcc_32_opt/3/idasdk/hexrays.hpp" bodystart="2274" bodyend="-1"/>
      </memberdef>
      </sectiondef>
      <sectiondef kind="public-func">
      <memberdef kind="function" id="structlvar__ref__t_1a167b61fa7189c1eb8ab9f7a1dfa3972f" prot="public" static="no" const="no" explicit="no" inline="yes" virt="non-virtual">
        <type></type>
        <definition>lvar_ref_t::lvar_ref_t</definition>
        <argsstring>(mba_t *m, int i, sval_t o=0)</argsstring>
        <name>lvar_ref_t</name>
        <param>
          <type><ref refid="classmba__t" kindref="compound">mba_t</ref> *</type>
          <declname>m</declname>
        </param>
        <param>
          <type>int</type>
          <declname>i</declname>
        </param>
        <param>
          <type><ref refid="pro_8h_1a430639fcfd4601cd6cb310ae71481fe1" kindref="member">sval_t</ref></type>
          <declname>o</declname>
          <defval>0</defval>
        </param>
        <briefdescription>
        </briefdescription>
        <detaileddescription>
        </detaileddescription>
        <inbodydescription>
        </inbodydescription>
        <location file="obj/x64_linux_gcc_32_opt/3/idasdk/hexrays.hpp" line="2275" column="1" bodyfile="obj/x64_linux_gcc_32_opt/3/idasdk/hexrays.hpp" bodystart="2275" bodyend="2275"/>
      </memberdef>
      <memberdef kind="function" id="structlvar__ref__t_1a7509f23be340f9ce8b2f2bf6da952014" prot="public" static="no" const="no" explicit="no" inline="yes" virt="non-virtual">
        <type></type>
        <definition>lvar_ref_t::lvar_ref_t</definition>
        <argsstring>(const lvar_ref_t &amp;r)</argsstring>
        <name>lvar_ref_t</name>
        <param>
          <type>const <ref refid="structlvar__ref__t" kindref="compound">lvar_ref_t</ref> &amp;</type>
          <declname>r</declname>
        </param>
        <briefdescription>
        </briefdescription>
        <detaileddescription>
        </detaileddescription>
        <inbodydescription>
        </inbodydescription>
        <location file="obj/x64_linux_gcc_32_opt/3/idasdk/hexrays.hpp" line="2276" column="1" bodyfile="obj/x64_linux_gcc_32_opt/3/idasdk/hexrays.hpp" bodystart="2276" bodyend="2276"/>
      </memberdef>
      <memberdef kind="function" id="structlvar__ref__t_1ad13486d33b22f0f2c65b8b27c0278fc3" prot="public" static="no" const="no" explicit="no" inline="yes" virt="non-virtual">
        <type><ref refid="structlvar__ref__t" kindref="compound">lvar_ref_t</ref> &amp;</type>
        <definition>lvar_ref_t&amp; lvar_ref_t::operator=</definition>
        <argsstring>(const lvar_ref_t &amp;r)</argsstring>
        <name>operator=</name>
        <param>
          <type>const <ref refid="structlvar__ref__t" kindref="compound">lvar_ref_t</ref> &amp;</type>
          <declname>r</declname>
        </param>
        <briefdescription>
        </briefdescription>
        <detaileddescription>
        </detaileddescription>
        <inbodydescription>
        </inbodydescription>
        <location file="obj/x64_linux_gcc_32_opt/3/idasdk/hexrays.hpp" line="2277" column="1" bodyfile="obj/x64_linux_gcc_32_opt/3/idasdk/hexrays.hpp" bodystart="2277" bodyend="2282"/>
      </memberdef>
      <memberdef kind="function" id="structlvar__ref__t_1af21a810134c6dad5c76fa6197d5267b6" prot="public" static="no" const="no" explicit="no" inline="yes" virt="non-virtual">
        <type>void</type>
        <definition>void lvar_ref_t::swap</definition>
        <argsstring>(lvar_ref_t &amp;r)</argsstring>
        <name>swap</name>
        <param>
          <type><ref refid="structlvar__ref__t" kindref="compound">lvar_ref_t</ref> &amp;</type>
          <declname>r</declname>
        </param>
        <briefdescription>
        </briefdescription>
        <detaileddescription>
        </detaileddescription>
        <inbodydescription>
        </inbodydescription>
        <location file="obj/x64_linux_gcc_32_opt/3/idasdk/hexrays.hpp" line="2285" column="1" bodyfile="obj/x64_linux_gcc_32_opt/3/idasdk/hexrays.hpp" bodystart="2285" bodyend="2289"/>
      </memberdef>
      <memberdef kind="function" id="structlvar__ref__t_1a82d96ecf1f1a837f219ed832806b43c0" prot="public" static="no" const="yes" explicit="no" inline="yes" virt="non-virtual">
        <type><ref refid="classlvar__t" kindref="compound">lvar_t</ref> &amp;hexapi</type>
        <definition>lvar_t &amp; lvar_ref_t::var</definition>
        <argsstring>(void) const</argsstring>
        <name>var</name>
        <param>
          <type>void</type>
        </param>
        <briefdescription>
<para>Retrieve the referenced variable. </para>
        </briefdescription>
        <detaileddescription>
        </detaileddescription>
        <inbodydescription>
        </inbodydescription>
        <location file="obj/x64_linux_gcc_32_opt/3/idasdk/hexrays.hpp" line="2290" column="1" bodyfile="obj/x64_linux_gcc_32_opt/3/idasdk/hexrays.hpp" bodystart="10347" bodyend="10350"/>
      </memberdef>
      </sectiondef>
    <briefdescription>
<para>Reference to a local variable. Used by mop_l. </para>
    </briefdescription>
    <detaileddescription>
    </detaileddescription>
    <collaborationgraph>
      <node id="2121">
        <label>bitset_t</label>
        <link refid="classbitset__t"/>
      </node>
      <node id="2149">
        <label>T</label>
      </node>
      <node id="2119">
        <label>mlist_t</label>
        <link refid="structmlist__t"/>
        <childnode refid="2116" relation="usage">
          <edgelabel>mem</edgelabel>
        </childnode>
        <childnode refid="2120" relation="usage">
          <edgelabel>reg</edgelabel>
        </childnode>
      </node>
      <node id="2146">
        <label>ivl_with_name_t</label>
        <link refid="structivl__with__name__t"/>
        <childnode refid="2147" relation="usage">
          <edgelabel>ivl</edgelabel>
        </childnode>
      </node>
      <node id="2133">
        <label>tinfo_t</label>
        <link refid="classtinfo__t"/>
      </node>
      <node id="2136">
        <label>mop_addr_t</label>
        <link refid="classmop__addr__t"/>
        <childnode refid="2126" relation="public-inheritance">
        </childnode>
      </node>
      <node id="2158">
        <label>netnode</label>
        <link refid="classnetnode"/>
      </node>
      <node id="2141">
        <label>qvector&lt; mop_t &gt;</label>
        <link refid="classqvector"/>
      </node>
      <node id="2116">
        <label>ivlset_t</label>
        <link refid="structivlset__t"/>
        <childnode refid="2117" relation="public-inheritance">
        </childnode>
      </node>
      <node id="2124">
        <label>mblock_t</label>
        <link refid="classmblock__t"/>
        <childnode refid="2119" relation="usage">
          <edgelabel>maybuse</edgelabel>
          <edgelabel>dnu</edgelabel>
          <edgelabel>maybdef</edgelabel>
          <edgelabel>mustbuse</edgelabel>
          <edgelabel>mustbdef</edgelabel>
          <edgelabel>dead_at_start</edgelabel>
        </childnode>
        <childnode refid="2122" relation="usage">
          <edgelabel>succset</edgelabel>
          <edgelabel>predset</edgelabel>
        </childnode>
        <childnode refid="2125" relation="usage">
          <edgelabel>head</edgelabel>
          <edgelabel>tail</edgelabel>
        </childnode>
        <childnode refid="2124" relation="usage">
          <edgelabel>nextb</edgelabel>
          <edgelabel>prevb</edgelabel>
        </childnode>
        <childnode refid="2112" relation="usage">
          <edgelabel>mba</edgelabel>
        </childnode>
      </node>
      <node id="2157">
        <label>rangevec_base_t</label>
        <link refid="classqvector"/>
      </node>
      <node id="2139">
        <label>qvector&lt; type_attr_t &gt;</label>
        <link refid="classqvector"/>
      </node>
      <node id="2135">
        <label>fpvalue_t</label>
        <link refid="structfpvalue__t"/>
      </node>
      <node id="2143">
        <label>operand_locator_t</label>
        <link refid="structoperand__locator__t"/>
      </node>
      <node id="2144">
        <label>mcases_t</label>
        <link refid="classmcases__t"/>
        <childnode refid="2122" relation="usage">
          <edgelabel>targets</edgelabel>
        </childnode>
      </node>
      <node id="2140">
        <label>qvector&lt; mcallarg_t &gt;</label>
        <link refid="classqvector"/>
      </node>
      <node id="2131">
        <label>argpartvec_t</label>
        <link refid="classqvector"/>
      </node>
      <node id="2151">
        <label>func_t</label>
        <link refid="classfunc__t"/>
        <childnode refid="2152" relation="public-inheritance">
        </childnode>
        <childnode refid="2153" relation="usage">
          <edgelabel>regargs</edgelabel>
        </childnode>
        <childnode refid="2154" relation="usage">
          <edgelabel>points</edgelabel>
        </childnode>
        <childnode refid="2152" relation="usage">
          <edgelabel>tails</edgelabel>
        </childnode>
        <childnode refid="2155" relation="usage">
          <edgelabel>regvars</edgelabel>
        </childnode>
      </node>
      <node id="2126">
        <label>mop_t</label>
        <link refid="classmop__t"/>
        <childnode refid="2127" relation="usage">
          <edgelabel>scif</edgelabel>
        </childnode>
        <childnode refid="2134" relation="usage">
          <edgelabel>fpc</edgelabel>
        </childnode>
        <childnode refid="2136" relation="usage">
          <edgelabel>a</edgelabel>
        </childnode>
        <childnode refid="2137" relation="usage">
          <edgelabel>pair</edgelabel>
        </childnode>
        <childnode refid="2138" relation="usage">
          <edgelabel>f</edgelabel>
        </childnode>
        <childnode refid="2125" relation="usage">
          <edgelabel>d</edgelabel>
        </childnode>
        <childnode refid="2111" relation="usage">
          <edgelabel>l</edgelabel>
        </childnode>
        <childnode refid="2142" relation="usage">
          <edgelabel>nnn</edgelabel>
        </childnode>
        <childnode refid="2144" relation="usage">
          <edgelabel>c</edgelabel>
        </childnode>
        <childnode refid="2145" relation="usage">
          <edgelabel>s</edgelabel>
        </childnode>
      </node>
      <node id="2137">
        <label>mop_pair_t</label>
        <link refid="classmop__pair__t"/>
        <childnode refid="2126" relation="usage">
          <edgelabel>hop</edgelabel>
          <edgelabel>lop</edgelabel>
        </childnode>
      </node>
      <node id="2153">
        <label>regarg_t</label>
        <link refid="structregarg__t"/>
      </node>
      <node id="2134">
        <label>fnumber_t</label>
        <link refid="structfnumber__t"/>
        <childnode refid="2135" relation="usage">
          <edgelabel>fnum</edgelabel>
        </childnode>
      </node>
      <node id="2138">
        <label>mcallinfo_t</label>
        <link refid="classmcallinfo__t"/>
        <childnode refid="2116" relation="usage">
          <edgelabel>visible_memory</edgelabel>
        </childnode>
        <childnode refid="2139" relation="usage">
          <edgelabel>fti_attrs</edgelabel>
        </childnode>
        <childnode refid="2119" relation="usage">
          <edgelabel>pass_regs</edgelabel>
          <edgelabel>spoiled</edgelabel>
          <edgelabel>dead_regs</edgelabel>
          <edgelabel>return_regs</edgelabel>
        </childnode>
        <childnode refid="2140" relation="usage">
          <edgelabel>args</edgelabel>
        </childnode>
        <childnode refid="2133" relation="usage">
          <edgelabel>return_type</edgelabel>
        </childnode>
        <childnode refid="2141" relation="usage">
          <edgelabel>retregs</edgelabel>
        </childnode>
        <childnode refid="2129" relation="usage">
          <edgelabel>return_argloc</edgelabel>
        </childnode>
      </node>
      <node id="2150">
        <label>mba_ranges_t</label>
        <link refid="structmba__ranges__t"/>
        <childnode refid="2151" relation="usage">
          <edgelabel>pfn</edgelabel>
        </childnode>
        <childnode refid="2156" relation="usage">
          <edgelabel>ranges</edgelabel>
        </childnode>
      </node>
      <node id="2127">
        <label>scif_t</label>
        <link refid="structscif__t"/>
        <childnode refid="2128" relation="public-inheritance">
        </childnode>
        <childnode refid="2115" relation="usage">
          <edgelabel>name</edgelabel>
        </childnode>
        <childnode refid="2133" relation="usage">
          <edgelabel>type</edgelabel>
        </childnode>
        <childnode refid="2112" relation="usage">
          <edgelabel>mba</edgelabel>
        </childnode>
      </node>
      <node id="2122">
        <label>qvector&lt; int &gt;</label>
        <link refid="classqvector"/>
      </node>
      <node id="2154">
        <label>stkpnt_t</label>
        <link refid="structstkpnt__t"/>
      </node>
      <node id="2115">
        <label>_qstring&lt; char &gt;</label>
        <link refid="class__qstring"/>
      </node>
      <node id="2125">
        <label>minsn_t</label>
        <link refid="classminsn__t"/>
        <childnode refid="2125" relation="usage">
          <edgelabel>prev</edgelabel>
          <edgelabel>next</edgelabel>
        </childnode>
        <childnode refid="2126" relation="usage">
          <edgelabel>l</edgelabel>
          <edgelabel>r</edgelabel>
          <edgelabel>d</edgelabel>
        </childnode>
      </node>
      <node id="2118">
        <label>qvector&lt; Ivl &gt;</label>
        <link refid="classqvector"/>
      </node>
      <node id="2130">
        <label>scattered_aloc_t</label>
        <link refid="classscattered__aloc__t"/>
        <childnode refid="2131" relation="public-inheritance">
        </childnode>
      </node>
      <node id="2152">
        <label>range_t</label>
        <link refid="structrange__t"/>
      </node>
      <node id="2128">
        <label>vdloc_t</label>
        <link refid="classvdloc__t"/>
        <childnode refid="2129" relation="public-inheritance">
        </childnode>
      </node>
      <node id="2155">
        <label>regvar_t</label>
        <link refid="structregvar__t"/>
        <childnode refid="2152" relation="public-inheritance">
        </childnode>
      </node>
      <node id="2112">
        <label>mba_t</label>
        <link refid="classmba__t"/>
        <childnode refid="2113" relation="usage">
          <edgelabel>vars</edgelabel>
        </childnode>
        <childnode refid="2115" relation="usage">
          <edgelabel>label</edgelabel>
          <edgelabel>error_strarg</edgelabel>
        </childnode>
        <childnode refid="2116" relation="usage">
          <edgelabel>gotoff_stkvars</edgelabel>
          <edgelabel>restricted_memory</edgelabel>
          <edgelabel>aliased_memory</edgelabel>
        </childnode>
        <childnode refid="2119" relation="usage">
          <edgelabel>spoiled_list</edgelabel>
          <edgelabel>nodel_memory</edgelabel>
        </childnode>
        <childnode refid="2122" relation="usage">
          <edgelabel>argidx</edgelabel>
        </childnode>
        <childnode refid="2123" relation="usage">
          <edgelabel>idb_spoiled</edgelabel>
        </childnode>
        <childnode refid="2124" relation="usage">
          <edgelabel>blocks</edgelabel>
          <edgelabel>natural</edgelabel>
        </childnode>
        <childnode refid="2120" relation="usage">
          <edgelabel>consumed_argregs</edgelabel>
        </childnode>
        <childnode refid="2146" relation="usage">
          <edgelabel>std_ivls</edgelabel>
        </childnode>
        <childnode refid="2133" relation="usage">
          <edgelabel>idb_type</edgelabel>
        </childnode>
        <childnode refid="2150" relation="usage">
          <edgelabel>mbr</edgelabel>
        </childnode>
        <childnode refid="2158" relation="usage">
          <edgelabel>deprecated_idb_node</edgelabel>
        </childnode>
        <childnode refid="2159" relation="usage">
          <edgelabel>notes</edgelabel>
        </childnode>
        <childnode refid="2147" relation="usage">
          <edgelabel>aliased_args</edgelabel>
          <edgelabel>aliased_vars</edgelabel>
        </childnode>
      </node>
      <node id="2159">
        <label>qvector&lt; hexwarn_t &gt;</label>
        <link refid="classqvector"/>
      </node>
      <node id="2142">
        <label>mnumber_t</label>
        <link refid="structmnumber__t"/>
        <childnode refid="2143" relation="public-inheritance">
        </childnode>
      </node>
      <node id="2113">
        <label>lvars_t</label>
        <link refid="structlvars__t"/>
        <childnode refid="2114" relation="public-inheritance">
        </childnode>
      </node>
      <node id="2129">
        <label>argloc_t</label>
        <link refid="classargloc__t"/>
        <childnode refid="2130" relation="usage">
          <edgelabel>dist</edgelabel>
        </childnode>
        <childnode refid="2132" relation="usage">
          <edgelabel>rrel</edgelabel>
        </childnode>
      </node>
      <node id="2111">
        <label>lvar_ref_t</label>
        <link refid="structlvar__ref__t"/>
        <childnode refid="2112" relation="usage">
          <edgelabel>mba</edgelabel>
        </childnode>
      </node>
      <node id="2114">
        <label>qvector&lt; lvar_t &gt;</label>
        <link refid="classqvector"/>
      </node>
      <node id="2145">
        <label>stkvar_ref_t</label>
        <link refid="structstkvar__ref__t"/>
        <childnode refid="2112" relation="usage">
          <edgelabel>mba</edgelabel>
        </childnode>
      </node>
      <node id="2123">
        <label>qvector&lt; reg_info_t &gt;</label>
        <link refid="classqvector"/>
      </node>
      <node id="2132">
        <label>rrel_t</label>
        <link refid="structrrel__t"/>
      </node>
      <node id="2120">
        <label>rlist_t</label>
        <link refid="classrlist__t"/>
        <childnode refid="2121" relation="public-inheritance">
        </childnode>
      </node>
      <node id="2147">
        <label>ivl_t</label>
        <link refid="structivl__t"/>
        <childnode refid="2148" relation="public-inheritance">
        </childnode>
        <childnode refid="2147" relation="usage">
          <edgelabel>allmem</edgelabel>
        </childnode>
      </node>
      <node id="2117">
        <label>uval_ivl_ivlset_t</label>
        <link refid="classivlset__tpl"/>
        <childnode refid="2118" relation="usage">
          <edgelabel>bag</edgelabel>
        </childnode>
      </node>
      <node id="2148">
        <label>uval_ivl_t</label>
        <link refid="structivl__tpl"/>
        <childnode refid="2149" relation="usage">
          <edgelabel>size</edgelabel>
          <edgelabel>off</edgelabel>
        </childnode>
      </node>
      <node id="2156">
        <label>rangevec_t</label>
        <link refid="structrangevec__t"/>
        <childnode refid="2157" relation="public-inheritance">
        </childnode>
      </node>
    </collaborationgraph>
    <location file="obj/x64_linux_gcc_32_opt/3/idasdk/hexrays.hpp" line="2264" column="1" bodyfile="obj/x64_linux_gcc_32_opt/3/idasdk/hexrays.hpp" bodystart="2263" bodyend="2291"/>
    <listofallmembers>
      <member refid="structlvar__ref__t_1a1e2aaa9c2974596030a5a4af26bb848e" prot="public" virt="non-virtual"><scope>lvar_ref_t</scope><name>idx</name></member>
      <member refid="structlvar__ref__t_1a167b61fa7189c1eb8ab9f7a1dfa3972f" prot="public" virt="non-virtual"><scope>lvar_ref_t</scope><name>lvar_ref_t</name></member>
      <member refid="structlvar__ref__t_1a7509f23be340f9ce8b2f2bf6da952014" prot="public" virt="non-virtual"><scope>lvar_ref_t</scope><name>lvar_ref_t</name></member>
      <member refid="structlvar__ref__t_1a23588cd1dd7641b2bcaa7d8b3de419ea" prot="public" virt="non-virtual"><scope>lvar_ref_t</scope><name>mba</name></member>
      <member refid="structlvar__ref__t_1a4e54e3f9a67b28d942ff719280f92160" prot="public" virt="non-virtual"><scope>lvar_ref_t</scope><name>off</name></member>
      <member refid="structlvar__ref__t_1ad13486d33b22f0f2c65b8b27c0278fc3" prot="public" virt="non-virtual"><scope>lvar_ref_t</scope><name>operator=</name></member>
      <member refid="structlvar__ref__t_1af21a810134c6dad5c76fa6197d5267b6" prot="public" virt="non-virtual"><scope>lvar_ref_t</scope><name>swap</name></member>
      <member refid="structlvar__ref__t_1a82d96ecf1f1a837f219ed832806b43c0" prot="public" virt="non-virtual"><scope>lvar_ref_t</scope><name>var</name></member>
    </listofallmembers>
  </compounddef>
</doxygen>
