<?xml version='1.0' encoding='UTF-8' standalone='no'?>
<doxygen xmlns:xsi="http://www.w3.org/2001/XMLSchema-instance" xsi:noNamespaceSchemaLocation="compound.xsd" version="1.9.3" xml:lang="en-US">
  <compounddef id="structpost__event__visitor__t" kind="struct" language="C++" prot="public" abstract="yes">
    <compoundname>post_event_visitor_t</compoundname>
    <includes refid="ida_8hpp" local="no">ida.hpp</includes>
      <sectiondef kind="public-func">
      <memberdef kind="function" id="structpost__event__visitor__t_1a8f9967b4e98dcc2483fb7691631fc000" prot="public" static="no" const="no" explicit="no" inline="no" virt="pure-virtual">
        <type><ref refid="pro_8h_1ab65ed42d67e6c517c746ff2a6a187016" kindref="member">ssize_t</ref> idaapi</type>
        <definition>virtual ssize_t idaapi post_event_visitor_t::handle_post_event</definition>
        <argsstring>(ssize_t code, int notification_code, va_list va)=0</argsstring>
        <name>handle_post_event</name>
        <qualifiedname>post_event_visitor_t::handle_post_event</qualifiedname>
        <param>
          <type><ref refid="pro_8h_1ab65ed42d67e6c517c746ff2a6a187016" kindref="member">ssize_t</ref></type>
          <declname>code</declname>
        </param>
        <param>
          <type>int</type>
          <declname>notification_code</declname>
        </param>
        <param>
          <type>va_list</type>
          <declname>va</declname>
        </param>
        <briefdescription>
        </briefdescription>
        <detaileddescription>
<para>Action for post-event management. May change the result of the processed event or data carried by the event. <parameterlist kind="param"><parameteritem>
<parameternamelist>
<parametername>code</parametername>
</parameternamelist>
<parameterdescription>
<para>the notification callback or other post-event action return code (result of the processed event) </para>
</parameterdescription>
</parameteritem>
<parameteritem>
<parameternamelist>
<parametername>notification_code</parametername>
</parameternamelist>
<parameterdescription>
<para>event code </para>
</parameterdescription>
</parameteritem>
<parameteritem>
<parameternamelist>
<parametername>va</parametername>
</parameternamelist>
<parameterdescription>
<para>additional arguments, the same as for processed event </para>
</parameterdescription>
</parameteritem>
</parameterlist>
<simplesect kind="return"><para>result of the event processed </para>
</simplesect>
</para>
        </detaileddescription>
        <inbodydescription>
        </inbodydescription>
        <location file="obj/x64_linux_gcc_32_opt/idasdk/ida.hpp" line="1245" column="26"/>
      </memberdef>
      <memberdef kind="function" id="structpost__event__visitor__t_1a36b18c4ca3eebba425a5aea632b410eb" prot="public" static="no" const="no" explicit="no" inline="yes" virt="virtual">
        <type></type>
        <definition>virtual post_event_visitor_t::~post_event_visitor_t</definition>
        <argsstring>()</argsstring>
        <name>~post_event_visitor_t</name>
        <qualifiedname>post_event_visitor_t::~post_event_visitor_t</qualifiedname>
        <briefdescription>
        </briefdescription>
        <detaileddescription>
        </detaileddescription>
        <inbodydescription>
        </inbodydescription>
        <location file="obj/x64_linux_gcc_32_opt/idasdk/ida.hpp" line="1250" column="11" bodyfile="obj/x64_linux_gcc_32_opt/idasdk/ida.hpp" bodystart="1250" bodyend="1250"/>
      </memberdef>
      </sectiondef>
    <briefdescription>
    </briefdescription>
    <detaileddescription>
<para>Implements action to take when the event was processed by the notification callback (i.e. when the notification callback returns non-zero code). All the registered (<ref refid="ida_8hpp_1a7d3e389a7e567c29e06c229bf87733f6" kindref="member">register_post_event_visitor()</ref>) post-event visitors will be called in turn after the event was processed by one of the notification callbacks. </para>
    </detaileddescription>
    <location file="obj/x64_linux_gcc_32_opt/idasdk/ida.hpp" line="1235" column="1" bodyfile="obj/x64_linux_gcc_32_opt/idasdk/ida.hpp" bodystart="1236" bodyend="1251"/>
    <listofallmembers>
      <member refid="structpost__event__visitor__t_1a8f9967b4e98dcc2483fb7691631fc000" prot="public" virt="pure-virtual"><scope>post_event_visitor_t</scope><name>handle_post_event</name></member>
      <member refid="structpost__event__visitor__t_1a36b18c4ca3eebba425a5aea632b410eb" prot="public" virt="virtual"><scope>post_event_visitor_t</scope><name>~post_event_visitor_t</name></member>
    </listofallmembers>
  </compounddef>
</doxygen>
