<?xml version='1.0' encoding='UTF-8' standalone='no'?>
<doxygen xmlns:xsi="http://www.w3.org/2001/XMLSchema-instance" xsi:noNamespaceSchemaLocation="compound.xsd" version="1.8.12">
  <compounddef id="structmnumber__t" kind="struct" language="C++" prot="public">
    <compoundname>mnumber_t</compoundname>
    <basecompoundref refid="structoperand__locator__t" prot="public" virt="non-virtual">operand_locator_t</basecompoundref>
    <includes refid="hexrays_8hpp" local="no">hexrays.hpp</includes>
      <sectiondef kind="public-attrib">
      <memberdef kind="variable" id="structmnumber__t_1acfbe244f2888e1b725dce5a5bbb2dce7" prot="public" static="no" mutable="no">
        <type><ref refid="pro_8h_1a2f5563986d7f95e4fad5876c17d9cdda" kindref="member">uint64</ref></type>
        <definition>uint64 mnumber_t::value</definition>
        <argsstring></argsstring>
        <name>value</name>
        <briefdescription>
        </briefdescription>
        <detaileddescription>
        </detaileddescription>
        <inbodydescription>
        </inbodydescription>
        <location file="obj/x64_linux_gcc_32_opt/idasdk/hexrays.hpp" line="2202" column="1" bodyfile="obj/x64_linux_gcc_32_opt/idasdk/hexrays.hpp" bodystart="2202" bodyend="-1"/>
      </memberdef>
      <memberdef kind="variable" id="structmnumber__t_1a0edec23b5a8c93aa3e871dd6d0c46ea2" prot="public" static="no" mutable="no">
        <type><ref refid="pro_8h_1a2f5563986d7f95e4fad5876c17d9cdda" kindref="member">uint64</ref></type>
        <definition>uint64 mnumber_t::org_value</definition>
        <argsstring></argsstring>
        <name>org_value</name>
        <briefdescription>
        </briefdescription>
        <detaileddescription>
        </detaileddescription>
        <inbodydescription>
        </inbodydescription>
        <location file="obj/x64_linux_gcc_32_opt/idasdk/hexrays.hpp" line="2203" column="1" bodyfile="obj/x64_linux_gcc_32_opt/idasdk/hexrays.hpp" bodystart="2203" bodyend="-1"/>
      </memberdef>
      <memberdef kind="variable" id="structmnumber__t_1aa9904642021650356a641e809dd66b94" prot="public" static="no" mutable="no">
        <type></type>
        <definition>mnumber_t::return</definition>
        <argsstring></argsstring>
        <name>return</name>
        <briefdescription>
        </briefdescription>
        <detaileddescription>
        </detaileddescription>
        <inbodydescription>
        </inbodydescription>
        <location file="obj/x64_linux_gcc_32_opt/idasdk/hexrays.hpp" line="2213" column="1" bodyfile="obj/x64_linux_gcc_32_opt/idasdk/hexrays.hpp" bodystart="2213" bodyend="-1"/>
      </memberdef>
      </sectiondef>
      <sectiondef kind="public-func">
      <memberdef kind="function" id="structmnumber__t_1a45e02648cd5065d5a71bee6e65b54db2" prot="public" static="no" const="no" explicit="no" inline="yes" virt="non-virtual">
        <type></type>
        <definition>mnumber_t::mnumber_t</definition>
        <argsstring>(uint64 v, ea_t _ea=BADADDR, int n=0)</argsstring>
        <name>mnumber_t</name>
        <param>
          <type><ref refid="pro_8h_1a2f5563986d7f95e4fad5876c17d9cdda" kindref="member">uint64</ref></type>
          <declname>v</declname>
        </param>
        <param>
          <type>ea_t</type>
          <declname>_ea</declname>
          <defval><ref refid="pro_8h_1a63a7c1cde5fb0cf0d0023d55c742dd4f" kindref="member">BADADDR</ref></defval>
        </param>
        <param>
          <type>int</type>
          <declname>n</declname>
          <defval>0</defval>
        </param>
        <briefdescription>
        </briefdescription>
        <detaileddescription>
        </detaileddescription>
        <inbodydescription>
        </inbodydescription>
        <location file="obj/x64_linux_gcc_32_opt/idasdk/hexrays.hpp" line="2204" column="1" bodyfile="obj/x64_linux_gcc_32_opt/idasdk/hexrays.hpp" bodystart="2204" bodyend="2205"/>
      </memberdef>
      <memberdef kind="function" id="structmnumber__t_1ac2d0ea0ff5a0544e61124e1b095d980b" prot="public" static="no" const="no" explicit="no" inline="no" virt="non-virtual">
        <type></type>
        <definition>mnumber_t::if</definition>
        <argsstring>(value &gt; r.value) return -1</argsstring>
        <name>if</name>
        <param>
          <type>value</type>
        </param>
        <param>
          <type>r.</type>
          <declname>value</declname>
        </param>
        <briefdescription>
        </briefdescription>
        <detaileddescription>
        </detaileddescription>
        <inbodydescription>
        </inbodydescription>
        <location file="obj/x64_linux_gcc_32_opt/idasdk/hexrays.hpp" line="2211" column="1"/>
      </memberdef>
      <memberdef kind="function" id="structmnumber__t_1a3d184199b705562cf21653b01c8dcc04" prot="public" static="no" const="no" explicit="no" inline="yes" virt="non-virtual">
        <type>void</type>
        <definition>void mnumber_t::update_value</definition>
        <argsstring>(uint64 val64)</argsstring>
        <name>update_value</name>
        <param>
          <type><ref refid="pro_8h_1a2f5563986d7f95e4fad5876c17d9cdda" kindref="member">uint64</ref></type>
          <declname>val64</declname>
        </param>
        <briefdescription>
        </briefdescription>
        <detaileddescription>
        </detaileddescription>
        <inbodydescription>
        </inbodydescription>
        <location file="obj/x64_linux_gcc_32_opt/idasdk/hexrays.hpp" line="2216" column="1" bodyfile="obj/x64_linux_gcc_32_opt/idasdk/hexrays.hpp" bodystart="2216" bodyend="2220"/>
      </memberdef>
      </sectiondef>
    <briefdescription>
    </briefdescription>
    <detaileddescription>
<para>An integer constant. Used for mop_n We support 64-bit values but 128-bit values can be represented with mop_p </para>    </detaileddescription>
    <inheritancegraph>
      <node id="2438">
        <label>operand_locator_t</label>
        <link refid="structoperand__locator__t"/>
      </node>
      <node id="2437">
        <label>mnumber_t</label>
        <link refid="structmnumber__t"/>
        <childnode refid="2438" relation="public-inheritance">
        </childnode>
      </node>
    </inheritancegraph>
    <collaborationgraph>
      <node id="2440">
        <label>operand_locator_t</label>
        <link refid="structoperand__locator__t"/>
      </node>
      <node id="2439">
        <label>mnumber_t</label>
        <link refid="structmnumber__t"/>
        <childnode refid="2440" relation="public-inheritance">
        </childnode>
      </node>
    </collaborationgraph>
    <location file="obj/x64_linux_gcc_32_opt/idasdk/hexrays.hpp" line="2201" column="1" bodyfile="obj/x64_linux_gcc_32_opt/idasdk/hexrays.hpp" bodystart="2200" bodyend="2221"/>
    <listofallmembers>
      <member refid="structoperand__locator__t_1a82977974e3570ebfd2e4bc10e0255900" prot="public" virt="non-virtual"><scope>mnumber_t</scope><name>ea</name></member>
      <member refid="structmnumber__t_1ac2d0ea0ff5a0544e61124e1b095d980b" prot="public" virt="non-virtual"><scope>mnumber_t</scope><name>if</name></member>
      <member refid="structmnumber__t_1a45e02648cd5065d5a71bee6e65b54db2" prot="public" virt="non-virtual"><scope>mnumber_t</scope><name>mnumber_t</name></member>
      <member refid="structoperand__locator__t_1acd73596c1db59b8473c7be0cbf1445a2" prot="public" virt="non-virtual"><scope>mnumber_t</scope><name>operand_locator_t</name></member>
      <member refid="structoperand__locator__t_1afa463ddee34536a327a34b4101cce174" prot="public" virt="non-virtual"><scope>mnumber_t</scope><name>opnum</name></member>
      <member refid="structmnumber__t_1a0edec23b5a8c93aa3e871dd6d0c46ea2" prot="public" virt="non-virtual"><scope>mnumber_t</scope><name>org_value</name></member>
      <member refid="structmnumber__t_1aa9904642021650356a641e809dd66b94" prot="public" virt="non-virtual"><scope>mnumber_t</scope><name>return</name></member>
      <member refid="structmnumber__t_1a3d184199b705562cf21653b01c8dcc04" prot="public" virt="non-virtual"><scope>mnumber_t</scope><name>update_value</name></member>
      <member refid="structmnumber__t_1acfbe244f2888e1b725dce5a5bbb2dce7" prot="public" virt="non-virtual"><scope>mnumber_t</scope><name>value</name></member>
    </listofallmembers>
  </compounddef>
</doxygen>
