<?xml version='1.0' encoding='UTF-8' standalone='no'?>
<doxygen xmlns:xsi="http://www.w3.org/2001/XMLSchema-instance" xsi:noNamespaceSchemaLocation="compound.xsd" version="1.9.3" xml:lang="en-US">
  <compounddef id="structdirtree__iterator__t" kind="struct" language="C++" prot="public">
    <compoundname>dirtree_iterator_t</compoundname>
    <includes refid="dirtree_8hpp" local="no">dirtree.hpp</includes>
      <sectiondef kind="public-attrib">
      <memberdef kind="variable" id="structdirtree__iterator__t_1ae6caee3c5ce822add00bc7eea71e2234" prot="public" static="no" mutable="no">
        <type><ref refid="pro_8h_1a386c10c6aa4340f1d63df85f40454fce" kindref="member">qstring</ref></type>
        <definition>qstring dirtree_iterator_t::pattern</definition>
        <argsstring></argsstring>
        <name>pattern</name>
        <qualifiedname>dirtree_iterator_t::pattern</qualifiedname>
        <briefdescription>
        </briefdescription>
        <detaileddescription>
        </detaileddescription>
        <inbodydescription>
        </inbodydescription>
        <location file="obj/x64_linux_gcc_32_opt/idasdk/dirtree.hpp" line="181" column="11" bodyfile="obj/x64_linux_gcc_32_opt/idasdk/dirtree.hpp" bodystart="181" bodyend="-1"/>
      </memberdef>
      <memberdef kind="variable" id="structdirtree__iterator__t_1a2665e094256492ac0a168929850fc25a" prot="public" static="no" mutable="no">
        <type><ref refid="structdirtree__cursor__t" kindref="compound">dirtree_cursor_t</ref></type>
        <definition>dirtree_cursor_t dirtree_iterator_t::cursor</definition>
        <argsstring></argsstring>
        <name>cursor</name>
        <qualifiedname>dirtree_iterator_t::cursor</qualifiedname>
        <briefdescription>
        </briefdescription>
        <detaileddescription>
        </detaileddescription>
        <inbodydescription>
        </inbodydescription>
        <location file="obj/x64_linux_gcc_32_opt/idasdk/dirtree.hpp" line="182" column="20" bodyfile="obj/x64_linux_gcc_32_opt/idasdk/dirtree.hpp" bodystart="182" bodyend="-1"/>
      </memberdef>
      </sectiondef>
    <briefdescription>
<para>Helper class to iterate over files. </para>
    </briefdescription>
    <detaileddescription>
    </detaileddescription>
    <collaborationgraph>
      <node id="2">
        <label>_qstring&lt; char &gt;</label>
        <link refid="class__qstring"/>
      </node>
      <node id="3">
        <label>dirtree_cursor_t</label>
        <link refid="structdirtree__cursor__t"/>
      </node>
      <node id="1">
        <label>dirtree_iterator_t</label>
        <link refid="structdirtree__iterator__t"/>
        <childnode refid="2" relation="usage">
          <edgelabel>pattern</edgelabel>
        </childnode>
        <childnode refid="3" relation="usage">
          <edgelabel>cursor</edgelabel>
        </childnode>
      </node>
    </collaborationgraph>
    <location file="obj/x64_linux_gcc_32_opt/idasdk/dirtree.hpp" line="179" column="1" bodyfile="obj/x64_linux_gcc_32_opt/idasdk/dirtree.hpp" bodystart="180" bodyend="183"/>
    <listofallmembers>
      <member refid="structdirtree__iterator__t_1a2665e094256492ac0a168929850fc25a" prot="public" virt="non-virtual"><scope>dirtree_iterator_t</scope><name>cursor</name></member>
      <member refid="structdirtree__iterator__t_1ae6caee3c5ce822add00bc7eea71e2234" prot="public" virt="non-virtual"><scope>dirtree_iterator_t</scope><name>pattern</name></member>
    </listofallmembers>
  </compounddef>
</doxygen>
