<?xml version='1.0' encoding='UTF-8' standalone='no'?>
<doxygen xmlns:xsi="http://www.w3.org/2001/XMLSchema-instance" xsi:noNamespaceSchemaLocation="compound.xsd" version="1.9.3" xml:lang="en-US">
  <compounddef id="structchooser__t" kind="struct" language="C++" prot="public">
    <compoundname>chooser_t</compoundname>
    <basecompoundref refid="structchooser__base__t" prot="public" virt="non-virtual">chooser_base_t</basecompoundref>
    <includes refid="kernwin_8hpp" local="no">kernwin.hpp</includes>
    <innerclass refid="structchooser__t_1_1cbret__t" prot="public">chooser_t::cbret_t</innerclass>
      <sectiondef kind="user-defined">
      <header>Chooser title</header>
      <description><para>prefixes to be used in the chooser title </para>
</description>
      <memberdef kind="function" id="structchooser__t_1a862abc8600a4d9195c315e0fec27cb3a" prot="public" static="no" const="no" explicit="no" inline="yes" virt="non-virtual">
        <type><ref refid="pro_8h_1ab65ed42d67e6c517c746ff2a6a187016" kindref="member">ssize_t</ref></type>
        <definition>ssize_t chooser_t::choose</definition>
        <argsstring>(ssize_t deflt=0)</argsstring>
        <name>choose</name>
        <qualifiedname>chooser_t::choose</qualifiedname>
        <param>
          <type><ref refid="pro_8h_1ab65ed42d67e6c517c746ff2a6a187016" kindref="member">ssize_t</ref></type>
          <declname>deflt</declname>
          <defval>0</defval>
        </param>
        <briefdescription>
        </briefdescription>
        <detaileddescription>
<para>Display a generic list chooser and allow the user to select an item. May be overridden in derived choosers. <parameterlist kind="param"><parameteritem>
<parameternamelist>
<parametername>deflt</parametername>
</parameternamelist>
<parameterdescription>
<para>default selection or NO_SELECTION see the <ref refid="structchooser__t_1a862abc8600a4d9195c315e0fec27cb3a" kindref="member">choose()</ref> function below </para>
</parameterdescription>
</parameteritem>
</parameterlist>
</para>
        </detaileddescription>
        <inbodydescription>
        </inbodydescription>
        <location file="obj/x64_linux_gcc_32_opt/idasdk/kernwin.hpp" line="3109" column="18" bodyfile="obj/x64_linux_gcc_32_opt/idasdk/kernwin.hpp" bodystart="3391" bodyend="3396"/>
      </memberdef>
      </sectiondef>
      <sectiondef kind="public-func">
      <memberdef kind="function" id="structchooser__t_1a84bac7d3268655c2d29477f804a55891" prot="public" static="no" const="no" explicit="no" inline="yes" virt="non-virtual">
        <type></type>
        <definition>chooser_t::chooser_t</definition>
        <argsstring>(uint32 flags_=0, int columns_=0, const int *widths_=nullptr, const char *const *header_=nullptr, const char *title_=nullptr)</argsstring>
        <name>chooser_t</name>
        <qualifiedname>chooser_t::chooser_t</qualifiedname>
        <param>
          <type><ref refid="pro_8h_1a1134b580f8da4de94ca6b1de4d37975e" kindref="member">uint32</ref></type>
          <declname>flags_</declname>
          <defval>0</defval>
        </param>
        <param>
          <type>int</type>
          <declname>columns_</declname>
          <defval>0</defval>
        </param>
        <param>
          <type>const int *</type>
          <declname>widths_</declname>
          <defval>nullptr</defval>
        </param>
        <param>
          <type>const char *const *</type>
          <declname>header_</declname>
          <defval>nullptr</defval>
        </param>
        <param>
          <type>const char *</type>
          <declname>title_</declname>
          <defval>nullptr</defval>
        </param>
        <briefdescription>
        </briefdescription>
        <detaileddescription>
        </detaileddescription>
        <inbodydescription>
        </inbodydescription>
        <location file="obj/x64_linux_gcc_32_opt/idasdk/kernwin.hpp" line="3094" column="3" bodyfile="obj/x64_linux_gcc_32_opt/idasdk/kernwin.hpp" bodystart="3094" bodyend="3102"/>
      </memberdef>
      <memberdef kind="function" id="structchooser__t_1a5ee0e4c8e974e6756b7864c3ce5bc0a4" prot="public" static="no" const="yes" explicit="no" inline="yes" virt="virtual">
        <type><ref refid="pro_8h_1ab65ed42d67e6c517c746ff2a6a187016" kindref="member">ssize_t</ref> idaapi</type>
        <definition>virtual ssize_t idaapi chooser_t::get_item_index</definition>
        <argsstring>(const void *item_data) const newapi</argsstring>
        <name>get_item_index</name>
        <qualifiedname>chooser_t::get_item_index</qualifiedname>
        <param>
          <type>const void *</type>
          <declname>item_data</declname>
        </param>
        <briefdescription>
        </briefdescription>
        <detaileddescription>
<para>Get the position (index) of the item. A simple chooser considers `item_data` as an index. <parameterlist kind="param"><parameteritem>
<parameternamelist>
<parametername>item_data</parametername>
</parameternamelist>
<parameterdescription>
<para>pointer to some data that identifies the item </para>
</parameterdescription>
</parameteritem>
</parameterlist>
<simplesect kind="return"><para>idx item index, NO_SELECTION - there is no item with such data </para>
</simplesect>
</para>
        </detaileddescription>
        <inbodydescription>
        </inbodydescription>
        <location file="obj/x64_linux_gcc_32_opt/idasdk/kernwin.hpp" line="3116" column="26" bodyfile="obj/x64_linux_gcc_32_opt/idasdk/kernwin.hpp" bodystart="3116" bodyend="3120"/>
      </memberdef>
      <memberdef kind="function" id="structchooser__t_1ac940a68a1b2e6355be10aaebc51ab2a9" prot="public" static="no" const="no" explicit="no" inline="no" virt="non-virtual">
        <type>typedef</type>
        <definition>typedef chooser_t::cbret_t</definition>
        <argsstring>(idaapi chooser_t::*cb_t)(size_t n)</argsstring>
        <name>cbret_t</name>
        <qualifiedname>chooser_t::cbret_t</qualifiedname>
        <param>
          <type>idaapi chooser_t::*</type>
          <declname>cb_t</declname>
        </param>
        <briefdescription>
<para>Type of <ref refid="structchooser__t_1a6a7b556b1e9b2f7e5d828e2f495f5607" kindref="member">ins()</ref>, <ref refid="structchooser__t_1a611c65be69f3feb6b81a6a844608aa6a" kindref="member">del()</ref>, <ref refid="structchooser__t_1ae436f6991297346a2da47242423672b8" kindref="member">edit()</ref>, <ref refid="structchooser__t_1a92f13b0e8a9d01e2ef0f64b877bb8eba" kindref="member">enter()</ref>, <ref refid="structchooser__t_1a396a44b7bd5e3f63a195a10a4ec36b82" kindref="member">refresh()</ref> callbacks. </para>
        </briefdescription>
        <detaileddescription>
        </detaileddescription>
        <inbodydescription>
        </inbodydescription>
        <location file="obj/x64_linux_gcc_32_opt/idasdk/kernwin.hpp" line="3123" column="11"/>
      </memberdef>
      <memberdef kind="function" id="structchooser__t_1a6a7b556b1e9b2f7e5d828e2f495f5607" prot="public" static="no" const="no" explicit="no" inline="yes" new="yes" virt="virtual">
        <type><ref refid="structchooser__t_1_1cbret__t" kindref="compound">cbret_t</ref> idaapi</type>
        <definition>virtual cbret_t idaapi chooser_t::ins</definition>
        <argsstring>(ssize_t) new api</argsstring>
        <name>ins</name>
        <qualifiedname>chooser_t::ins</qualifiedname>
        <param>
          <type><ref refid="pro_8h_1ab65ed42d67e6c517c746ff2a6a187016" kindref="member">ssize_t</ref></type>
        </param>
        <briefdescription>
<para>User asked to insert an element. </para>
        </briefdescription>
        <detaileddescription>
        </detaileddescription>
        <inbodydescription>
        </inbodydescription>
        <location file="obj/x64_linux_gcc_32_opt/idasdk/kernwin.hpp" line="3126" column="26" bodyfile="obj/x64_linux_gcc_32_opt/idasdk/kernwin.hpp" bodystart="3126" bodyend="3126"/>
      </memberdef>
      <memberdef kind="function" id="structchooser__t_1a611c65be69f3feb6b81a6a844608aa6a" prot="public" static="no" const="no" explicit="no" inline="yes" new="yes" virt="virtual">
        <type><ref refid="structchooser__t_1_1cbret__t" kindref="compound">cbret_t</ref> idaapi</type>
        <definition>virtual cbret_t idaapi chooser_t::del</definition>
        <argsstring>(size_t) new api</argsstring>
        <name>del</name>
        <qualifiedname>chooser_t::del</qualifiedname>
        <param>
          <type>size_t</type>
        </param>
        <briefdescription>
        </briefdescription>
        <detaileddescription>
<para>User deleted an element. <parameterlist kind="param"><parameteritem>
<parameternamelist>
<parametername>n</parametername>
</parameternamelist>
<parameterdescription>
<para>index of the element to delete </para>
</parameterdescription>
</parameteritem>
</parameterlist>
<simplesect kind="return"><para>idx index of the selected item (cursor) changed what is changed </para>
</simplesect>
</para>
        </detaileddescription>
        <inbodydescription>
        </inbodydescription>
        <location file="obj/x64_linux_gcc_32_opt/idasdk/kernwin.hpp" line="3132" column="26" bodyfile="obj/x64_linux_gcc_32_opt/idasdk/kernwin.hpp" bodystart="3132" bodyend="3132"/>
      </memberdef>
      <memberdef kind="function" id="structchooser__t_1ae436f6991297346a2da47242423672b8" prot="public" static="no" const="no" explicit="no" inline="yes" new="yes" virt="virtual">
        <type><ref refid="structchooser__t_1_1cbret__t" kindref="compound">cbret_t</ref> idaapi</type>
        <definition>virtual cbret_t idaapi chooser_t::edit</definition>
        <argsstring>(size_t) new api</argsstring>
        <name>edit</name>
        <qualifiedname>chooser_t::edit</qualifiedname>
        <param>
          <type>size_t</type>
        </param>
        <briefdescription>
        </briefdescription>
        <detaileddescription>
<para>User asked to edit an element. <parameterlist kind="param"><parameteritem>
<parameternamelist>
<parametername>n</parametername>
</parameternamelist>
<parameterdescription>
<para>index of the element to edit </para>
</parameterdescription>
</parameteritem>
</parameterlist>
<simplesect kind="return"><para>idx index of the selected item (cursor) changed what is changed </para>
</simplesect>
</para>
        </detaileddescription>
        <inbodydescription>
        </inbodydescription>
        <location file="obj/x64_linux_gcc_32_opt/idasdk/kernwin.hpp" line="3138" column="26" bodyfile="obj/x64_linux_gcc_32_opt/idasdk/kernwin.hpp" bodystart="3138" bodyend="3138"/>
      </memberdef>
      <memberdef kind="function" id="structchooser__t_1a92f13b0e8a9d01e2ef0f64b877bb8eba" prot="public" static="no" const="no" explicit="no" inline="yes" new="yes" virt="virtual">
        <type><ref refid="structchooser__t_1_1cbret__t" kindref="compound">cbret_t</ref> idaapi</type>
        <definition>virtual cbret_t idaapi chooser_t::enter</definition>
        <argsstring>(size_t n) new api</argsstring>
        <name>enter</name>
        <qualifiedname>chooser_t::enter</qualifiedname>
        <param>
          <type>size_t</type>
          <declname>n</declname>
        </param>
        <briefdescription>
        </briefdescription>
        <detaileddescription>
<para>User pressed the enter key. <parameterlist kind="param"><parameteritem>
<parameternamelist>
<parametername>n</parametername>
</parameternamelist>
<parameterdescription>
<para>index of the element where &lt;Enter&gt; was pressed </para>
</parameterdescription>
</parameteritem>
</parameterlist>
<parameterlist kind="retval"><parameteritem>
<parameternamelist>
<parametername>false</parametername>
</parameternamelist>
<parameterdescription>
<para>nothing changed </para>
</parameterdescription>
</parameteritem>
</parameterlist>
<simplesect kind="return"><para>idx index of the selected item (cursor) changed what is changed </para>
</simplesect>
</para>
        </detaileddescription>
        <inbodydescription>
        </inbodydescription>
        <location file="obj/x64_linux_gcc_32_opt/idasdk/kernwin.hpp" line="3145" column="33" bodyfile="obj/x64_linux_gcc_32_opt/idasdk/kernwin.hpp" bodystart="3145" bodyend="3149"/>
      </memberdef>
      <memberdef kind="function" id="structchooser__t_1a396a44b7bd5e3f63a195a10a4ec36b82" prot="public" static="no" const="no" explicit="no" inline="yes" new="yes" virt="virtual">
        <type><ref refid="structchooser__t_1_1cbret__t" kindref="compound">cbret_t</ref> idaapi</type>
        <definition>virtual cbret_t idaapi chooser_t::refresh</definition>
        <argsstring>(ssize_t n) new api</argsstring>
        <name>refresh</name>
        <qualifiedname>chooser_t::refresh</qualifiedname>
        <param>
          <type><ref refid="pro_8h_1ab65ed42d67e6c517c746ff2a6a187016" kindref="member">ssize_t</ref></type>
          <declname>n</declname>
        </param>
        <briefdescription>
        </briefdescription>
        <detaileddescription>
<para>The chooser needs to be refreshed. <parameterlist kind="param"><parameteritem>
<parameternamelist>
<parametername>n</parametername>
</parameternamelist>
<parameterdescription>
<para>index of the selected (current) item </para>
</parameterdescription>
</parameteritem>
</parameterlist>
<simplesect kind="return"><para>idx new index of the current item (as it may change during refresh) changed what is changed </para>
</simplesect>
</para>
        </detaileddescription>
        <inbodydescription>
        </inbodydescription>
        <location file="obj/x64_linux_gcc_32_opt/idasdk/kernwin.hpp" line="3156" column="26" bodyfile="obj/x64_linux_gcc_32_opt/idasdk/kernwin.hpp" bodystart="3156" bodyend="3159"/>
      </memberdef>
      <memberdef kind="function" id="structchooser__t_1a3144d7c29aea9745c053bb9fa8f267bd" prot="public" static="no" const="yes" explicit="no" inline="yes" virt="virtual">
        <type>void idaapi</type>
        <definition>virtual void idaapi chooser_t::select</definition>
        <argsstring>(ssize_t) const newapi</argsstring>
        <name>select</name>
        <qualifiedname>chooser_t::select</qualifiedname>
        <param>
          <type><ref refid="pro_8h_1ab65ed42d67e6c517c746ff2a6a187016" kindref="member">ssize_t</ref></type>
        </param>
        <briefdescription>
        </briefdescription>
        <detaileddescription>
<para>Selection changed (cursor moved). <simplesect kind="note"><para>This callback is not supported in the txt-version. </para>
</simplesect>
<parameterlist kind="param"><parameteritem>
<parameternamelist>
<parametername>n</parametername>
</parameternamelist>
<parameterdescription>
<para>index of the new selected item </para>
</parameterdescription>
</parameteritem>
</parameterlist>
</para>
        </detaileddescription>
        <inbodydescription>
        </inbodydescription>
        <location file="obj/x64_linux_gcc_32_opt/idasdk/kernwin.hpp" line="3164" column="23" bodyfile="obj/x64_linux_gcc_32_opt/idasdk/kernwin.hpp" bodystart="3164" bodyend="3164"/>
      </memberdef>
      <memberdef kind="function" id="structchooser__t_1a99743d6209d52ed2675f0d14389a0d0d" prot="public" static="no" const="no" explicit="no" inline="yes" new="yes" virt="virtual">
        <type><ref refid="classdirtree__t" kindref="compound">dirtree_t</ref> *idaapi</type>
        <definition>virtual dirtree_t *idaapi chooser_t::get_dirtree</definition>
        <argsstring>() new api</argsstring>
        <name>get_dirtree</name>
        <qualifiedname>chooser_t::get_dirtree</qualifiedname>
        <briefdescription>
        </briefdescription>
        <detaileddescription>
<para>get the <ref refid="classdirtree__t" kindref="compound">dirtree_t</ref> that will be used to present a tree-like structure to the user (see CH_HAS_DIRTREE) <simplesect kind="return"><para>the <ref refid="classdirtree__t" kindref="compound">dirtree_t</ref>, or nullptr </para>
</simplesect>
</para>
        </detaileddescription>
        <inbodydescription>
        </inbodydescription>
        <location file="obj/x64_linux_gcc_32_opt/idasdk/kernwin.hpp" line="3169" column="28" bodyfile="obj/x64_linux_gcc_32_opt/idasdk/kernwin.hpp" bodystart="3169" bodyend="3169"/>
      </memberdef>
      <memberdef kind="function" id="structchooser__t_1a31bd6f9e30c64587e4d534caeb36ec9a" prot="public" static="no" const="yes" explicit="no" inline="yes" virt="virtual">
        <type><ref refid="pro_8h_1a9fa2bd0e721ff1163c7d173775801fab" kindref="member">inode_t</ref> idaapi</type>
        <definition>virtual inode_t idaapi chooser_t::index_to_inode</definition>
        <argsstring>(size_t) const newapi</argsstring>
        <name>index_to_inode</name>
        <qualifiedname>chooser_t::index_to_inode</qualifiedname>
        <param>
          <type>size_t</type>
        </param>
        <briefdescription>
        </briefdescription>
        <detaileddescription>
<para>Map an item index to a <ref refid="classdirtree__t" kindref="compound">dirtree_t</ref> inode This is necessary only if CH_HAS_DIRTREE is specified <parameterlist kind="param"><parameteritem>
<parameternamelist>
<parametername>n</parametername>
</parameternamelist>
<parameterdescription>
<para>index of the item </para>
</parameterdescription>
</parameteritem>
</parameterlist>
<simplesect kind="return"><para>the inode number </para>
</simplesect>
</para>
        </detaileddescription>
        <inbodydescription>
        </inbodydescription>
        <location file="obj/x64_linux_gcc_32_opt/idasdk/kernwin.hpp" line="3175" column="26" bodyfile="obj/x64_linux_gcc_32_opt/idasdk/kernwin.hpp" bodystart="3175" bodyend="3175"/>
      </memberdef>
      <memberdef kind="function" id="structchooser__t_1a5cefbb8f603a1d2c9886379faaf2c2f4" prot="public" static="no" const="yes" explicit="no" inline="yes" virt="virtual">
        <type>diffpos_t idaapi</type>
        <definition>virtual diffpos_t idaapi chooser_t::index_to_diffpos</definition>
        <argsstring>(size_t) const newapi</argsstring>
        <name>index_to_diffpos</name>
        <qualifiedname>chooser_t::index_to_diffpos</qualifiedname>
        <param>
          <type>size_t</type>
        </param>
        <briefdescription>
        </briefdescription>
        <detaileddescription>
<para>Map an item index to a diffpos_t This is necessary only if CH_HAS_DIFF is specified <parameterlist kind="param"><parameteritem>
<parameternamelist>
<parametername>n</parametername>
</parameternamelist>
<parameterdescription>
<para>index of the item </para>
</parameterdescription>
</parameteritem>
</parameterlist>
<simplesect kind="return"><para>the diffpos </para>
</simplesect>
</para>
        </detaileddescription>
        <inbodydescription>
        </inbodydescription>
        <location file="obj/x64_linux_gcc_32_opt/idasdk/kernwin.hpp" line="3181" column="28" bodyfile="obj/x64_linux_gcc_32_opt/idasdk/kernwin.hpp" bodystart="3181" bodyend="3181"/>
      </memberdef>
      <memberdef kind="function" id="structchooser__t_1aa8d018e14d4097fff1a28ac36958d2ab" prot="public" static="no" const="no" explicit="no" inline="yes" new="yes" virt="virtual">
        <type>bool idaapi</type>
        <definition>virtual bool idaapi chooser_t::get_stdact_descs</definition>
        <argsstring>(chooser_stdact_desc_t *[NSTDPOPUPS]) new api</argsstring>
        <name>get_stdact_descs</name>
        <qualifiedname>chooser_t::get_stdact_descs</qualifiedname>
        <param>
          <type><ref refid="structchooser__stdact__desc__t" kindref="compound">chooser_stdact_desc_t</ref> *</type>
          <array>[NSTDPOPUPS]</array>
        </param>
        <briefdescription>
        </briefdescription>
        <detaileddescription>
<para>Get the description of the standard chooser actions. This method is called when creating the chooser widget. It should fill the array of pointers to the action description. &apos;nullptr&apos; means that the default action attributes will be used. <simplesect kind="note"><para>Availability of the standard actions is determined by the CH_CAN_... flags. </para>
</simplesect>
<parameterlist kind="param"><parameteritem>
<parameternamelist>
<parametername direction="out">ucbs</parametername>
</parameternamelist>
<parameterdescription>
<para>the array of pointers to the description structure </para>
</parameterdescription>
</parameteritem>
</parameterlist>
<parameterlist kind="retval"><parameteritem>
<parameternamelist>
<parametername>true</parametername>
</parameternamelist>
<parameterdescription>
<para>UCBS is filled </para>
</parameterdescription>
</parameteritem>
<parameteritem>
<parameternamelist>
<parametername>false</parametername>
</parameternamelist>
<parameterdescription>
<para>no custom standard actions </para>
</parameterdescription>
</parameteritem>
</parameterlist>
</para>
        </detaileddescription>
        <inbodydescription>
        </inbodydescription>
        <location file="obj/x64_linux_gcc_32_opt/idasdk/kernwin.hpp" line="3192" column="23" bodyfile="obj/x64_linux_gcc_32_opt/idasdk/kernwin.hpp" bodystart="3192" bodyend="3196"/>
      </memberdef>
      </sectiondef>
      <sectiondef kind="protected-func">
      <memberdef kind="function" id="structchooser__t_1a572f1e7e58f0586e36b88f10dd18141a" prot="protected" static="no" const="yes" explicit="no" inline="yes" virt="non-virtual">
        <type><ref refid="pro_8h_1ab65ed42d67e6c517c746ff2a6a187016" kindref="member">ssize_t</ref></type>
        <definition>ssize_t chooser_t::new_sel_after_del</definition>
        <argsstring>(size_t n) const</argsstring>
        <name>new_sel_after_del</name>
        <qualifiedname>chooser_t::new_sel_after_del</qualifiedname>
        <param>
          <type>size_t</type>
          <declname>n</declname>
        </param>
        <briefdescription>
        </briefdescription>
        <detaileddescription>
        </detaileddescription>
        <inbodydescription>
        </inbodydescription>
        <location file="obj/x64_linux_gcc_32_opt/idasdk/kernwin.hpp" line="3199" column="11" bodyfile="obj/x64_linux_gcc_32_opt/idasdk/kernwin.hpp" bodystart="3199" bodyend="3206"/>
      </memberdef>
      <memberdef kind="function" id="structchooser__t_1a5d33336a8f4ca9f8d3ed9507061f048b" prot="protected" static="no" const="yes" explicit="no" inline="yes" virt="non-virtual">
        <type><ref refid="pro_8h_1ab65ed42d67e6c517c746ff2a6a187016" kindref="member">ssize_t</ref></type>
        <definition>ssize_t chooser_t::adjust_last_item</definition>
        <argsstring>(size_t n) const</argsstring>
        <name>adjust_last_item</name>
        <qualifiedname>chooser_t::adjust_last_item</qualifiedname>
        <param>
          <type>size_t</type>
          <declname>n</declname>
        </param>
        <briefdescription>
        </briefdescription>
        <detaileddescription>
        </detaileddescription>
        <inbodydescription>
        </inbodydescription>
        <location file="obj/x64_linux_gcc_32_opt/idasdk/kernwin.hpp" line="3207" column="11" bodyfile="obj/x64_linux_gcc_32_opt/idasdk/kernwin.hpp" bodystart="3207" bodyend="3214"/>
      </memberdef>
      </sectiondef>
    <briefdescription>
<para>The chooser object without multi-selection. </para>
    </briefdescription>
    <detaileddescription>
    </detaileddescription>
    <inheritancegraph>
      <node id="2">
        <label>chooser_base_t</label>
        <link refid="structchooser__base__t"/>
      </node>
      <node id="1">
        <label>chooser_t</label>
        <link refid="structchooser__t"/>
        <childnode refid="2" relation="public-inheritance">
        </childnode>
      </node>
    </inheritancegraph>
    <collaborationgraph>
      <node id="3">
        <label>_qstring&lt; char &gt;</label>
        <link refid="class__qstring"/>
      </node>
      <node id="2">
        <label>chooser_base_t</label>
        <link refid="structchooser__base__t"/>
        <childnode refid="3" relation="usage">
          <edgelabel>popup_names</edgelabel>
        </childnode>
      </node>
      <node id="1">
        <label>chooser_t</label>
        <link refid="structchooser__t"/>
        <childnode refid="2" relation="public-inheritance">
        </childnode>
      </node>
    </collaborationgraph>
    <location file="obj/x64_linux_gcc_32_opt/idasdk/kernwin.hpp" line="3082" column="1" bodyfile="obj/x64_linux_gcc_32_opt/idasdk/kernwin.hpp" bodystart="3083" bodyend="3215"/>
    <listofallmembers>
      <member refid="structchooser__t_1a5d33336a8f4ca9f8d3ed9507061f048b" prot="protected" virt="non-virtual"><scope>chooser_t</scope><name>adjust_last_item</name></member>
      <member refid="structchooser__base__t_1a753ae8c73ea5a644ee31571ab5c0e27faaeb8a2d365caeba576313c9fd9d5d33a" prot="public" virt="non-virtual"><scope>chooser_t</scope><name>ALL_CHANGED</name></member>
      <member refid="structchooser__base__t_1adc2562b35f84d180d041cd4d9708cfe8a1c9909c9fe579274c2a3392f06fdab53" prot="public" virt="non-virtual"><scope>chooser_t</scope><name>ALREADY_EXISTS</name></member>
      <member refid="structchooser__base__t_1a2b532b2e66ccbe3ff09bd088f3a6a238" prot="public" virt="non-virtual"><scope>chooser_t</scope><name>ask_item_attrs</name></member>
      <member refid="structchooser__base__t_1a48cf11bb95e1e074bdb32f5000296c05" prot="public" virt="non-virtual"><scope>chooser_t</scope><name>call_destructor</name></member>
      <member refid="structchooser__base__t_1a34a0659988c1b3684eb0fc23556e9e71" prot="public" virt="non-virtual"><scope>chooser_t</scope><name>can_del</name></member>
      <member refid="structchooser__base__t_1a0b0131e4d491433d7dc6a83020e356ee" prot="public" virt="non-virtual"><scope>chooser_t</scope><name>can_edit</name></member>
      <member refid="structchooser__base__t_1ad70fd9440cf4d4908aae5f26d2e294ab" prot="public" virt="non-virtual"><scope>chooser_t</scope><name>can_filter</name></member>
      <member refid="structchooser__base__t_1a5f1d401cf47f99d8ba924d1b502b7f9c" prot="public" virt="non-virtual"><scope>chooser_t</scope><name>can_ins</name></member>
      <member refid="structchooser__base__t_1a38886d5a8bd4175119157fea6b7d54c5" prot="public" virt="non-virtual"><scope>chooser_t</scope><name>can_refresh</name></member>
      <member refid="structchooser__base__t_1a0555e636c24a5fdb48f63b3b9b304d8b" prot="public" virt="non-virtual"><scope>chooser_t</scope><name>can_sort</name></member>
      <member refid="structchooser__base__t_1a753ae8c73ea5a644ee31571ab5c0e27f" prot="public" virt="non-virtual"><scope>chooser_t</scope><name>cbres_t</name></member>
      <member refid="structchooser__t_1ac940a68a1b2e6355be10aaebc51ab2a9" prot="public" virt="non-virtual"><scope>chooser_t</scope><name>cbret_t</name></member>
      <member refid="structchooser__base__t_1a5c7a9bd344a8d0e49f1e0dfa3f3dd91b" prot="public" virt="non-virtual"><scope>chooser_t</scope><name>check_version</name></member>
      <member refid="structchooser__t_1a862abc8600a4d9195c315e0fec27cb3a" prot="public" virt="non-virtual"><scope>chooser_t</scope><name>choose</name></member>
      <member refid="structchooser__base__t_1a80aa29bc37f2c5c990a90c78333c44fa" prot="public" virt="non-virtual"><scope>chooser_t</scope><name>chooser_base_t</name></member>
      <member refid="structchooser__t_1a84bac7d3268655c2d29477f804a55891" prot="public" virt="non-virtual"><scope>chooser_t</scope><name>chooser_t</name></member>
      <member refid="structchooser__base__t_1acaeea0f879cfc2228aa20adbf9f8a839" prot="public" virt="virtual"><scope>chooser_t</scope><name>closed</name></member>
      <member refid="structchooser__base__t_1a4e88650ee7434c5b045a769773e36000" prot="public" virt="non-virtual"><scope>chooser_t</scope><name>columns</name></member>
      <member refid="structchooser__base__t_1abc54b8013e874ea5df7a947b20ffb09d" prot="public" virt="non-virtual"><scope>chooser_t</scope><name>deflt_col</name></member>
      <member refid="structchooser__t_1a611c65be69f3feb6b81a6a844608aa6a" prot="public" virt="virtual"><scope>chooser_t</scope><name>del</name></member>
      <member refid="structchooser__t_1ae436f6991297346a2da47242423672b8" prot="public" virt="virtual"><scope>chooser_t</scope><name>edit</name></member>
      <member refid="structchooser__base__t_1adc2562b35f84d180d041cd4d9708cfe8a403da04064cc128f8b3c349032275bf0" prot="public" virt="non-virtual"><scope>chooser_t</scope><name>EMPTY_CHOOSER</name></member>
      <member refid="structchooser__t_1a92f13b0e8a9d01e2ef0f64b877bb8eba" prot="public" virt="virtual"><scope>chooser_t</scope><name>enter</name></member>
      <member refid="structchooser__base__t_1a8f07ecd9380abf95304d73b76e7f2703" prot="protected" virt="non-virtual"><scope>chooser_t</scope><name>flags</name></member>
      <member refid="structchooser__base__t_1a6654802a4f1c248763f81362ae1ca412" prot="public" virt="non-virtual"><scope>chooser_t</scope><name>get_builtin_number</name></member>
      <member refid="structchooser__base__t_1a2dab158896a3f554b970d94963dd7af1" prot="public" virt="virtual"><scope>chooser_t</scope><name>get_chooser_obj</name></member>
      <member refid="structchooser__base__t_1a2135b3a87a6c00f806691e7e5d04ac4f" prot="public" virt="pure-virtual"><scope>chooser_t</scope><name>get_count</name></member>
      <member refid="structchooser__t_1a99743d6209d52ed2675f0d14389a0d0d" prot="public" virt="virtual"><scope>chooser_t</scope><name>get_dirtree</name></member>
      <member refid="structchooser__base__t_1abf98aba4f31b3bce346afb854f9251a7" prot="public" virt="virtual"><scope>chooser_t</scope><name>get_ea</name></member>
      <member refid="structchooser__t_1a5ee0e4c8e974e6756b7864c3ce5bc0a4" prot="public" virt="virtual"><scope>chooser_t</scope><name>get_item_index</name></member>
      <member refid="structchooser__base__t_1a834702b23a558e33dec7ca5158d62b93" prot="public" virt="virtual"><scope>chooser_t</scope><name>get_obj_id</name></member>
      <member refid="structchooser__base__t_1a27ba81a0cb312512772e02b62da3ea7f" prot="public" virt="non-virtual"><scope>chooser_t</scope><name>get_quick_filter_initial_mode</name></member>
      <member refid="structchooser__base__t_1aa254b15d11374d19fb41e82a2160d4cc" prot="public" virt="pure-virtual"><scope>chooser_t</scope><name>get_row</name></member>
      <member refid="structchooser__t_1aa8d018e14d4097fff1a28ac36958d2ab" prot="public" virt="virtual"><scope>chooser_t</scope><name>get_stdact_descs</name></member>
      <member refid="structchooser__base__t_1ad0bb00d13594e0aa6b550be21e0666fb" prot="public" virt="non-virtual"><scope>chooser_t</scope><name>has_diff_capability</name></member>
      <member refid="structchooser__base__t_1a581a37126279785bf1e78cec963dd01b" prot="public" virt="non-virtual"><scope>chooser_t</scope><name>has_dirtree</name></member>
      <member refid="structchooser__base__t_1af7e08caf3a73e8c49ef25936f93fa551" prot="public" virt="non-virtual"><scope>chooser_t</scope><name>header</name></member>
      <member refid="structchooser__base__t_1abdfd5d8dd5fc7b94918412405f64054a" prot="public" virt="non-virtual"><scope>chooser_t</scope><name>height</name></member>
      <member refid="structchooser__base__t_1a0506d5980c2bdd80d6e1dcaf3d8e29f2" prot="public" virt="non-virtual"><scope>chooser_t</scope><name>icon</name></member>
      <member refid="structchooser__t_1a5cefbb8f603a1d2c9886379faaf2c2f4" prot="public" virt="virtual"><scope>chooser_t</scope><name>index_to_diffpos</name></member>
      <member refid="structchooser__t_1a31bd6f9e30c64587e4d534caeb36ec9a" prot="public" virt="virtual"><scope>chooser_t</scope><name>index_to_inode</name></member>
      <member refid="structchooser__base__t_1a98358c499915613dd870c3a0bff84754" prot="public" virt="virtual"><scope>chooser_t</scope><name>init</name></member>
      <member refid="structchooser__base__t_1a1ba303ca874b35020641d02bf04e5196" prot="protected" virt="non-virtual"><scope>chooser_t</scope><name>init_popup_names</name></member>
      <member refid="structchooser__t_1a6a7b556b1e9b2f7e5d828e2f495f5607" prot="public" virt="virtual"><scope>chooser_t</scope><name>ins</name></member>
      <member refid="structchooser__base__t_1af1790ea9e8fdb3c2ee6ca7418119639a" prot="public" virt="non-virtual"><scope>chooser_t</scope><name>is_dirtree_persisted</name></member>
      <member refid="structchooser__base__t_1ad5b997b4e726b8015046344ab0b966ee" prot="public" virt="non-virtual"><scope>chooser_t</scope><name>is_force_default</name></member>
      <member refid="structchooser__base__t_1a88df9ad8077acff475ae03a79868579f" prot="public" virt="non-virtual"><scope>chooser_t</scope><name>is_modal</name></member>
      <member refid="structchooser__base__t_1a1abb273598513c78926a8bfca3b48f07" prot="public" virt="non-virtual"><scope>chooser_t</scope><name>is_multi</name></member>
      <member refid="structchooser__base__t_1aa56b8ee9be00ddddf2c8b0050e7ab522" prot="public" virt="non-virtual"><scope>chooser_t</scope><name>is_noidb</name></member>
      <member refid="structchooser__base__t_1a7c9373c6b7343dce6d729d1629c2883e" prot="public" virt="non-virtual"><scope>chooser_t</scope><name>is_quick_filter_visible_initially</name></member>
      <member refid="structchooser__base__t_1a57f8b134145fe413122f32098f71aa84" prot="public" virt="non-virtual"><scope>chooser_t</scope><name>is_same</name></member>
      <member refid="structchooser__base__t_1a285f6b2a088739ce3af9818714d558ff" prot="public" virt="non-virtual"><scope>chooser_t</scope><name>is_status_bar_hidden</name></member>
      <member refid="structchooser__t_1a572f1e7e58f0586e36b88f10dd18141a" prot="protected" virt="non-virtual"><scope>chooser_t</scope><name>new_sel_after_del</name></member>
      <member refid="structchooser__base__t_1adc2562b35f84d180d041cd4d9708cfe8add3620f9706987cdd059fb99da30f6a1" prot="public" virt="non-virtual"><scope>chooser_t</scope><name>NO_ATTR</name></member>
      <member refid="structchooser__base__t_1adc2562b35f84d180d041cd4d9708cfe8a100e0d1651b8811c7df60f02d991ef6e" prot="public" virt="non-virtual"><scope>chooser_t</scope><name>NO_SELECTION</name></member>
      <member refid="structchooser__base__t_1a753ae8c73ea5a644ee31571ab5c0e27fa36a1ee8792e27b346229adf76249f838" prot="public" virt="non-virtual"><scope>chooser_t</scope><name>NOTHING_CHANGED</name></member>
      <member refid="structchooser__base__t_1a2b31f04e70904871146d9a388989d925a7998d5d429e37e909baaad2949b0af61" prot="public" virt="non-virtual"><scope>chooser_t</scope><name>NSTDPOPUPS</name></member>
      <member refid="structchooser__base__t_1ae9a6437877c3a5fcd761075437c784a7" prot="public" virt="non-virtual"><scope>chooser_t</scope><name>popup_allowed</name></member>
      <member refid="structchooser__base__t_1a2b31f04e70904871146d9a388989d925ae813ea73b0097d2501d117b54458813a" prot="public" virt="non-virtual"><scope>chooser_t</scope><name>POPUP_DEL</name></member>
      <member refid="structchooser__base__t_1a2b31f04e70904871146d9a388989d925a9f2da0eac3bbffc42f2ea3a2c953ab9c" prot="public" virt="non-virtual"><scope>chooser_t</scope><name>POPUP_EDIT</name></member>
      <member refid="structchooser__base__t_1a2b31f04e70904871146d9a388989d925a5daf7044c263441f024aa5d4f6eb7d56" prot="public" virt="non-virtual"><scope>chooser_t</scope><name>POPUP_INS</name></member>
      <member refid="structchooser__base__t_1af3d2a7add9d67da4a192b940fdc285aa" prot="public" virt="non-virtual"><scope>chooser_t</scope><name>popup_names</name></member>
      <member refid="structchooser__base__t_1a2b31f04e70904871146d9a388989d925a787ef96b28d43c6ca16cf679b71db6eb" prot="public" virt="non-virtual"><scope>chooser_t</scope><name>POPUP_REFRESH</name></member>
      <member refid="structchooser__t_1a396a44b7bd5e3f63a195a10a4ec36b82" prot="public" virt="virtual"><scope>chooser_t</scope><name>refresh</name></member>
      <member refid="structchooser__t_1a3144d7c29aea9745c053bb9fa8f267bd" prot="public" virt="virtual"><scope>chooser_t</scope><name>select</name></member>
      <member refid="structchooser__base__t_1a753ae8c73ea5a644ee31571ab5c0e27fa4ef939d83a9e2664b68a18c8e3995308" prot="public" virt="non-virtual"><scope>chooser_t</scope><name>SELECTION_CHANGED</name></member>
      <member refid="structchooser__base__t_1a1e51084dfda711975bf40ddf1e16599c" prot="public" virt="non-virtual"><scope>chooser_t</scope><name>set_ask_item_attrs</name></member>
      <member refid="structchooser__base__t_1a654366e3fd4f2c24638c527f6c1e9e83" prot="public" virt="non-virtual"><scope>chooser_t</scope><name>should_rename_trigger_edit</name></member>
      <member refid="structchooser__base__t_1a4436f16519de9168fd7e8c036176cc27" prot="public" virt="non-virtual"><scope>chooser_t</scope><name>should_restore_geometry</name></member>
      <member refid="structchooser__base__t_1afed0e6eb1d254ec47a4e8d93a38cb339" prot="public" virt="non-virtual"><scope>chooser_t</scope><name>title</name></member>
      <member refid="structchooser__base__t_1a904eb7c089bfc71f4245a3da1c1ad2a6" prot="protected" virt="non-virtual"><scope>chooser_t</scope><name>version</name></member>
      <member refid="structchooser__base__t_1a151d40817511fdc1f71992e142b28cb4" prot="public" virt="non-virtual"><scope>chooser_t</scope><name>width</name></member>
      <member refid="structchooser__base__t_1afd3111894f68258b4fba46c77a96ee45" prot="public" virt="non-virtual"><scope>chooser_t</scope><name>widths</name></member>
      <member refid="structchooser__base__t_1af87d5449fca32811240d52e92bde651e" prot="public" virt="non-virtual"><scope>chooser_t</scope><name>x0</name></member>
      <member refid="structchooser__base__t_1a1f7ed151967b25ea6c668e736ae67146" prot="public" virt="non-virtual"><scope>chooser_t</scope><name>x1</name></member>
      <member refid="structchooser__base__t_1a7203916efc122ed7e1389c4720a66da4" prot="public" virt="non-virtual"><scope>chooser_t</scope><name>y0</name></member>
      <member refid="structchooser__base__t_1a63397b908a324623312859c546ff1881" prot="public" virt="non-virtual"><scope>chooser_t</scope><name>y1</name></member>
      <member refid="structchooser__base__t_1aac880eaf15320696fb092242c6967c2d" prot="public" virt="virtual"><scope>chooser_t</scope><name>~chooser_base_t</name></member>
    </listofallmembers>
  </compounddef>
</doxygen>
