<?xml version='1.0' encoding='UTF-8' standalone='no'?>
<doxygen xmlns:xsi="http://www.w3.org/2001/XMLSchema-instance" xsi:noNamespaceSchemaLocation="compound.xsd" version="1.8.15">
  <compounddef id="structpkt__get__pop__result__t" kind="struct" language="C++" prot="public">
    <compoundname>pkt_get_pop_result_t</compoundname>
    <basecompoundref refid="structrpc__packet__data__t" prot="public" virt="non-virtual">rpc_packet_data_t</basecompoundref>
      <sectiondef kind="public-attrib">
      <memberdef kind="variable" id="structpkt__get__pop__result__t_1a3346a39e2aaec55a75b7ad150c98a6c2" prot="public" static="no" mutable="no">
        <type><ref refid="classqvector" kindref="compound">pop_fun_vec_t</ref></type>
        <definition>pop_fun_vec_t pkt_get_pop_result_t::results</definition>
        <argsstring></argsstring>
        <name>results</name>
        <briefdescription>
        </briefdescription>
        <detaileddescription>
        </detaileddescription>
        <inbodydescription>
        </inbodydescription>
        <location file="obj/x64_linux_gcc_32_opt/idasdk/lumina.hpp" line="950" column="1" bodyfile="obj/x64_linux_gcc_32_opt/idasdk/lumina.hpp" bodystart="950" bodyend="-1"/>
      </memberdef>
      </sectiondef>
      <sectiondef kind="public-func">
      <memberdef kind="function" id="structpkt__get__pop__result__t_1af614cc40a7efff665c4e5ad0224a7ac1" prot="public" static="no" const="no" explicit="no" inline="yes" virt="non-virtual">
        <type></type>
        <definition>pkt_get_pop_result_t::pkt_get_pop_result_t</definition>
        <argsstring>()</argsstring>
        <name>pkt_get_pop_result_t</name>
        <briefdescription>
        </briefdescription>
        <detaileddescription>
        </detaileddescription>
        <inbodydescription>
        </inbodydescription>
        <location file="obj/x64_linux_gcc_32_opt/idasdk/lumina.hpp" line="951" column="1" bodyfile="obj/x64_linux_gcc_32_opt/idasdk/lumina.hpp" bodystart="951" bodyend="952"/>
      </memberdef>
      <memberdef kind="function" id="structpkt__get__pop__result__t_1a8afd40266e110df2c2ef51cafb7a836c" prot="public" static="no" const="no" explicit="no" inline="no" virt="virtual">
        <type></type>
        <definition>virtual pkt_get_pop_result_t::~pkt_get_pop_result_t</definition>
        <argsstring>()</argsstring>
        <name>~pkt_get_pop_result_t</name>
        <briefdescription>
        </briefdescription>
        <detaileddescription>
        </detaileddescription>
        <inbodydescription>
        </inbodydescription>
        <location file="obj/x64_linux_gcc_32_opt/idasdk/lumina.hpp" line="954" column="1"/>
      </memberdef>
      <memberdef kind="function" id="structpkt__get__pop__result__t_1afea9e5491434dc159fbccf0a8172ba53" prot="public" static="no" const="yes" explicit="no" inline="no" virt="virtual">
        <type>void</type>
        <definition>virtual void pkt_get_pop_result_t::serialize</definition>
        <argsstring>(bytevec_t *out, int version) const</argsstring>
        <name>serialize</name>
        <reimplements refid="structrpc__packet__data__t_1a577ceb943847ae0b714a56b264b9cf65">serialize</reimplements>
        <param>
          <type><ref refid="classbytevec__t" kindref="compound">bytevec_t</ref> *</type>
          <declname>out</declname>
        </param>
        <param>
          <type>int</type>
          <declname>version</declname>
        </param>
        <briefdescription>
        </briefdescription>
        <detaileddescription>
        </detaileddescription>
        <inbodydescription>
        </inbodydescription>
        <location file="obj/x64_linux_gcc_32_opt/idasdk/lumina.hpp" line="955" column="1"/>
      </memberdef>
      <memberdef kind="function" id="structpkt__get__pop__result__t_1a5210ca72a1a18595e57569b7a4c0c46c" prot="public" static="no" const="no" explicit="no" inline="no" virt="virtual">
        <type>bool</type>
        <definition>virtual bool pkt_get_pop_result_t::deserialize</definition>
        <argsstring>(const uchar **ptr, size_t len, int version)</argsstring>
        <name>deserialize</name>
        <reimplements refid="structrpc__packet__data__t_1a150454902741340968d1386c8277e857">deserialize</reimplements>
        <param>
          <type>const <ref refid="pro_8h_1a65f85814a8290f9797005d3b28e7e5fc" kindref="member">uchar</ref> **</type>
          <declname>ptr</declname>
        </param>
        <param>
          <type>size_t</type>
          <declname>len</declname>
        </param>
        <param>
          <type>int</type>
          <declname>version</declname>
        </param>
        <briefdescription>
        </briefdescription>
        <detaileddescription>
        </detaileddescription>
        <inbodydescription>
        </inbodydescription>
        <location file="obj/x64_linux_gcc_32_opt/idasdk/lumina.hpp" line="956" column="1"/>
      </memberdef>
      </sectiondef>
    <briefdescription>
    </briefdescription>
    <detaileddescription>
    </detaileddescription>
    <inheritancegraph>
      <node id="2894">
        <label>pkt_get_pop_result_t</label>
        <link refid="structpkt__get__pop__result__t"/>
        <childnode refid="2895" relation="public-inheritance">
        </childnode>
      </node>
      <node id="2895">
        <label>rpc_packet_data_t</label>
        <link refid="structrpc__packet__data__t"/>
      </node>
    </inheritancegraph>
    <collaborationgraph>
      <node id="2898">
        <label>qvector&lt; pop_fun_t &gt;</label>
        <link refid="classqvector"/>
      </node>
      <node id="2896">
        <label>pkt_get_pop_result_t</label>
        <link refid="structpkt__get__pop__result__t"/>
        <childnode refid="2897" relation="public-inheritance">
        </childnode>
        <childnode refid="2898" relation="usage">
          <edgelabel>results</edgelabel>
        </childnode>
      </node>
      <node id="2897">
        <label>rpc_packet_data_t</label>
        <link refid="structrpc__packet__data__t"/>
      </node>
    </collaborationgraph>
    <location file="obj/x64_linux_gcc_32_opt/idasdk/lumina.hpp" line="949" column="1" bodyfile="obj/x64_linux_gcc_32_opt/idasdk/lumina.hpp" bodystart="948" bodyend="957"/>
    <listofallmembers>
      <member refid="structrpc__packet__data__t_1ae8f08a217a006f7a35f5fdb3f0e26a87" prot="public" virt="non-virtual"><scope>pkt_get_pop_result_t</scope><name>code</name></member>
      <member refid="structpkt__get__pop__result__t_1a5210ca72a1a18595e57569b7a4c0c46c" prot="public" virt="virtual"><scope>pkt_get_pop_result_t</scope><name>deserialize</name></member>
      <member refid="structpkt__get__pop__result__t_1af614cc40a7efff665c4e5ad0224a7ac1" prot="public" virt="non-virtual"><scope>pkt_get_pop_result_t</scope><name>pkt_get_pop_result_t</name></member>
      <member refid="structpkt__get__pop__result__t_1a3346a39e2aaec55a75b7ad150c98a6c2" prot="public" virt="non-virtual"><scope>pkt_get_pop_result_t</scope><name>results</name></member>
      <member refid="structrpc__packet__data__t_1aa48c3e33219ccb723d7be7f18392f50b" prot="public" virt="non-virtual"><scope>pkt_get_pop_result_t</scope><name>rpc_packet_data_t</name></member>
      <member refid="structpkt__get__pop__result__t_1afea9e5491434dc159fbccf0a8172ba53" prot="public" virt="virtual"><scope>pkt_get_pop_result_t</scope><name>serialize</name></member>
      <member refid="structpkt__get__pop__result__t_1a8afd40266e110df2c2ef51cafb7a836c" prot="public" virt="virtual"><scope>pkt_get_pop_result_t</scope><name>~pkt_get_pop_result_t</name></member>
      <member refid="structrpc__packet__data__t_1af3d9b0008dfb68fb02fbc403c41fe396" prot="public" virt="virtual"><scope>pkt_get_pop_result_t</scope><name>~rpc_packet_data_t</name></member>
    </listofallmembers>
  </compounddef>
</doxygen>
