<?xml version='1.0' encoding='UTF-8' standalone='no'?>
<doxygen xmlns:xsi="http://www.w3.org/2001/XMLSchema-instance" xsi:noNamespaceSchemaLocation="compound.xsd" version="1.9.3" xml:lang="en-US">
  <compounddef id="structmacro__constructor__t" kind="struct" language="C++" prot="public" abstract="yes">
    <compoundname>macro_constructor_t</compoundname>
    <includes refid="ua_8hpp" local="no">ua.hpp</includes>
      <sectiondef kind="user-defined">
      <header>Address translation</header>
      <description><para>The following functions can be used by processor modules to map addresses from one region to another. They are especially useful for microprocessors that map the same memory region to multiple address ranges or use memory bank switching. The user can use the following techniques to desribe address translations:<itemizedlist>
<listitem><para>some processors support the segment transation feature. the user can specify the mapping in Edit, Segments, Change segment translation</para>
</listitem><listitem><para>the user can specify mapping for an individual direct call instruction by specifying it as an offset (Edit, Operand types, Offset)</para>
</listitem><listitem><para>specify the value of the data segment virtual register (ds). it will be used to calculate data addresses </para>
</listitem></itemizedlist>
</para>
</description>
      <memberdef kind="function" id="structmacro__constructor__t_1a61bfbf600211445fc5e82b7ae7369f53" prot="public" static="no" const="no" explicit="no" inline="yes" virt="non-virtual">
        <type>bool</type>
        <definition>bool macro_constructor_t::construct_macro</definition>
        <argsstring>(insn_t *insn, bool enable)</argsstring>
        <name>construct_macro</name>
        <qualifiedname>macro_constructor_t::construct_macro</qualifiedname>
        <param>
          <type><ref refid="classinsn__t" kindref="compound">insn_t</ref> *</type>
          <declname>insn</declname>
        </param>
        <param>
          <type>bool</type>
          <declname>enable</declname>
        </param>
        <briefdescription>
        </briefdescription>
        <detaileddescription>
<para>Construct a macro instruction. This function may be called from ana() to generate a macro instruction.</para>
<para>The real work is done by the &apos;<ref refid="structmacro__constructor__t_1af0496edd75a43b5048d83ef833c1b4d9" kindref="member">build_macro()</ref>&apos; virtual function. It must be defined by the processor module.</para>
<para><ref refid="structmacro__constructor__t_1a61bfbf600211445fc5e82b7ae7369f53" kindref="member">construct_macro()</ref> modifies the database using the info provided by <ref refid="structmacro__constructor__t_1af0496edd75a43b5048d83ef833c1b4d9" kindref="member">build_macro()</ref>. It verifies if the instruction can really be created (for example, that other items do not hinder), may plan to reanalyze the macro, etc. If the macro instructions are disabled by the user, <ref refid="structmacro__constructor__t_1a61bfbf600211445fc5e82b7ae7369f53" kindref="member">construct_macro()</ref> will destroy the macro instruction. Note: if INSN_MODMAC is not set in insn.flags, the database will not be modified.</para>
<para><parameterlist kind="param"><parameteritem>
<parameternamelist>
<parametername>insn</parametername>
</parameternamelist>
<parameterdescription>
<para>the instruction to modify into a macro </para>
</parameterdescription>
</parameteritem>
<parameteritem>
<parameternamelist>
<parametername>enable</parametername>
</parameternamelist>
<parameterdescription>
<para>enable macro generation </para>
</parameterdescription>
</parameteritem>
</parameterlist>
<parameterlist kind="retval"><parameteritem>
<parameternamelist>
<parametername>true</parametername>
</parameternamelist>
<parameterdescription>
<para>the macro instruction is generated in &apos;insn&apos; </para>
</parameterdescription>
</parameteritem>
<parameteritem>
<parameternamelist>
<parametername>false</parametername>
</parameternamelist>
<parameterdescription>
<para>did not create a macro </para>
</parameterdescription>
</parameteritem>
</parameterlist>
</para>
        </detaileddescription>
        <inbodydescription>
        </inbodydescription>
        <location file="obj/x64_linux_gcc_32_opt/3/idasdk/ua.hpp" line="1425" column="15" bodyfile="obj/x64_linux_gcc_32_opt/3/idasdk/ua.hpp" bodystart="1448" bodyend="1451"/>
      </memberdef>
      </sectiondef>
      <sectiondef kind="public-attrib">
      <memberdef kind="variable" id="structmacro__constructor__t_1a501b71b2fb6917e7cef2791932e8b364" prot="public" static="no" mutable="no">
        <type>size_t</type>
        <definition>size_t macro_constructor_t::reserved</definition>
        <argsstring></argsstring>
        <name>reserved</name>
        <qualifiedname>macro_constructor_t::reserved</qualifiedname>
        <initializer>= 0</initializer>
        <briefdescription>
        </briefdescription>
        <detaileddescription>
        </detaileddescription>
        <inbodydescription>
        </inbodydescription>
        <location file="obj/x64_linux_gcc_32_opt/3/idasdk/ua.hpp" line="1403" column="10" bodyfile="obj/x64_linux_gcc_32_opt/3/idasdk/ua.hpp" bodystart="1403" bodyend="-1"/>
      </memberdef>
      </sectiondef>
      <sectiondef kind="public-func">
      <memberdef kind="function" id="structmacro__constructor__t_1ac354471a85499a671df1ac302ce03eaf" prot="public" static="no" const="no" explicit="no" inline="yes" virt="virtual">
        <type></type>
        <definition>virtual macro_constructor_t::~macro_constructor_t</definition>
        <argsstring>()</argsstring>
        <name>~macro_constructor_t</name>
        <qualifiedname>macro_constructor_t::~macro_constructor_t</qualifiedname>
        <briefdescription>
        </briefdescription>
        <detaileddescription>
        </detaileddescription>
        <inbodydescription>
        </inbodydescription>
        <location file="obj/x64_linux_gcc_32_opt/3/idasdk/ua.hpp" line="1405" column="11" bodyfile="obj/x64_linux_gcc_32_opt/3/idasdk/ua.hpp" bodystart="1405" bodyend="1405"/>
      </memberdef>
      <memberdef kind="function" id="structmacro__constructor__t_1af0496edd75a43b5048d83ef833c1b4d9" prot="public" static="no" const="no" explicit="no" inline="no" virt="pure-virtual">
        <type>bool idaapi</type>
        <definition>virtual bool idaapi macro_constructor_t::build_macro</definition>
        <argsstring>(insn_t *insn, bool may_go_forward)=0</argsstring>
        <name>build_macro</name>
        <qualifiedname>macro_constructor_t::build_macro</qualifiedname>
        <param>
          <type><ref refid="classinsn__t" kindref="compound">insn_t</ref> *</type>
          <declname>insn</declname>
        </param>
        <param>
          <type>bool</type>
          <declname>may_go_forward</declname>
        </param>
        <briefdescription>
        </briefdescription>
        <detaileddescription>
<para>Try to extend the instruction. <parameterlist kind="param"><parameteritem>
<parameternamelist>
<parametername>insn</parametername>
</parameternamelist>
<parameterdescription>
<para>Instruction to modify, usually the first instruction of the macro </para>
</parameterdescription>
</parameteritem>
<parameteritem>
<parameternamelist>
<parametername>may_go_forward</parametername>
</parameternamelist>
<parameterdescription>
<para>Is it ok to consider the next instruction for the macro? This argument may be false, for example, if there is a cross reference to the end of INSN. In this case creating a macro is not desired. However, it may still be useful to perform minor tweaks to the instruction using the information about the surrounding instructions. </para>
</parameterdescription>
</parameteritem>
</parameterlist>
<simplesect kind="return"><para>true if created an macro instruction. This function may modify &apos;insn&apos; and return false; these changes will be accepted by the kernel but the instruction will not be considered as a macro. </para>
</simplesect>
</para>
        </detaileddescription>
        <inbodydescription>
        </inbodydescription>
        <location file="obj/x64_linux_gcc_32_opt/3/idasdk/ua.hpp" line="1439" column="23"/>
      </memberdef>
      </sectiondef>
    <briefdescription>
<para>Helper class for processor modules to build macro instructions. </para>
    </briefdescription>
    <detaileddescription>
    </detaileddescription>
    <location file="obj/x64_linux_gcc_32_opt/3/idasdk/ua.hpp" line="1401" column="1" bodyfile="obj/x64_linux_gcc_32_opt/3/idasdk/ua.hpp" bodystart="1402" bodyend="1440"/>
    <listofallmembers>
      <member refid="structmacro__constructor__t_1af0496edd75a43b5048d83ef833c1b4d9" prot="public" virt="pure-virtual"><scope>macro_constructor_t</scope><name>build_macro</name></member>
      <member refid="structmacro__constructor__t_1a61bfbf600211445fc5e82b7ae7369f53" prot="public" virt="non-virtual"><scope>macro_constructor_t</scope><name>construct_macro</name></member>
      <member refid="structmacro__constructor__t_1a501b71b2fb6917e7cef2791932e8b364" prot="public" virt="non-virtual"><scope>macro_constructor_t</scope><name>reserved</name></member>
      <member refid="structmacro__constructor__t_1ac354471a85499a671df1ac302ce03eaf" prot="public" virt="virtual"><scope>macro_constructor_t</scope><name>~macro_constructor_t</name></member>
    </listofallmembers>
  </compounddef>
</doxygen>
