<?xml version='1.0' encoding='UTF-8' standalone='no'?>
<doxygen xmlns:xsi="http://www.w3.org/2001/XMLSchema-instance" xsi:noNamespaceSchemaLocation="compound.xsd" version="1.9.3" xml:lang="en-US">
  <compounddef id="structmt__client__handlers__list__t" kind="struct" language="C++" prot="public">
    <compoundname>mt_client_handlers_list_t</compoundname>
    <basecompoundref refid="structclient__handlers__list__t" prot="public" virt="non-virtual">client_handlers_list_t</basecompoundref>
      <sectiondef kind="public-attrib">
      <memberdef kind="variable" id="structmt__client__handlers__list__t_1abaff57b4acf11ceaceb425dfb880c25a" prot="public" static="no" mutable="no">
        <type>qmutex_t</type>
        <definition>qmutex_t mt_client_handlers_list_t::mutex</definition>
        <argsstring></argsstring>
        <name>mutex</name>
        <qualifiedname>mt_client_handlers_list_t::mutex</qualifiedname>
        <briefdescription>
        </briefdescription>
        <detaileddescription>
        </detaileddescription>
        <inbodydescription>
        </inbodydescription>
        <location file="obj/x64_linux_gcc_32_opt_pro/idasdk/network.hpp" line="478" column="12" bodyfile="obj/x64_linux_gcc_32_opt_pro/idasdk/network.hpp" bodystart="478" bodyend="-1"/>
      </memberdef>
      </sectiondef>
      <sectiondef kind="public-func">
      <memberdef kind="function" id="structmt__client__handlers__list__t_1ab5fc919f6cb2eb91798288acf6aef291" prot="public" static="no" const="no" explicit="no" inline="yes" virt="non-virtual">
        <type></type>
        <definition>mt_client_handlers_list_t::mt_client_handlers_list_t</definition>
        <argsstring>()</argsstring>
        <name>mt_client_handlers_list_t</name>
        <qualifiedname>mt_client_handlers_list_t::mt_client_handlers_list_t</qualifiedname>
        <briefdescription>
        </briefdescription>
        <detaileddescription>
        </detaileddescription>
        <inbodydescription>
        </inbodydescription>
        <location file="obj/x64_linux_gcc_32_opt_pro/idasdk/network.hpp" line="480" column="3" bodyfile="obj/x64_linux_gcc_32_opt_pro/idasdk/network.hpp" bodystart="480" bodyend="480"/>
      </memberdef>
      <memberdef kind="function" id="structmt__client__handlers__list__t_1aee021dc7ea0f4d0fdb88414fff387f73" prot="public" static="no" const="no" explicit="no" inline="yes" virt="virtual">
        <type></type>
        <definition>virtual mt_client_handlers_list_t::~mt_client_handlers_list_t</definition>
        <argsstring>()</argsstring>
        <name>~mt_client_handlers_list_t</name>
        <qualifiedname>mt_client_handlers_list_t::~mt_client_handlers_list_t</qualifiedname>
        <briefdescription>
        </briefdescription>
        <detaileddescription>
        </detaileddescription>
        <inbodydescription>
        </inbodydescription>
        <location file="obj/x64_linux_gcc_32_opt_pro/idasdk/network.hpp" line="481" column="11" bodyfile="obj/x64_linux_gcc_32_opt_pro/idasdk/network.hpp" bodystart="481" bodyend="481"/>
      </memberdef>
      <memberdef kind="function" id="structmt__client__handlers__list__t_1ad3df85486a54a9b7d2637ea79d7a6103" prot="public" static="no" const="no" explicit="no" inline="yes" virt="virtual">
        <type>void</type>
        <definition>virtual void mt_client_handlers_list_t::lock</definition>
        <argsstring>() override</argsstring>
        <name>lock</name>
        <qualifiedname>mt_client_handlers_list_t::lock</qualifiedname>
        <reimplements refid="structclient__handlers__list__t_1a10cea54f14d86ac68f8a6315ee42c1ce">lock</reimplements>
        <briefdescription>
        </briefdescription>
        <detaileddescription>
        </detaileddescription>
        <inbodydescription>
        </inbodydescription>
        <location file="obj/x64_linux_gcc_32_opt_pro/idasdk/network.hpp" line="482" column="16" bodyfile="obj/x64_linux_gcc_32_opt_pro/idasdk/network.hpp" bodystart="482" bodyend="482"/>
      </memberdef>
      <memberdef kind="function" id="structmt__client__handlers__list__t_1a1df66bb21bb96ddad9497313b5ac5c40" prot="public" static="no" const="no" explicit="no" inline="yes" virt="virtual">
        <type>void</type>
        <definition>virtual void mt_client_handlers_list_t::unlock</definition>
        <argsstring>() override</argsstring>
        <name>unlock</name>
        <qualifiedname>mt_client_handlers_list_t::unlock</qualifiedname>
        <reimplements refid="structclient__handlers__list__t_1a89d3dadc167276dfb688f4fbf0157702">unlock</reimplements>
        <briefdescription>
        </briefdescription>
        <detaileddescription>
        </detaileddescription>
        <inbodydescription>
        </inbodydescription>
        <location file="obj/x64_linux_gcc_32_opt_pro/idasdk/network.hpp" line="483" column="16" bodyfile="obj/x64_linux_gcc_32_opt_pro/idasdk/network.hpp" bodystart="483" bodyend="483"/>
      </memberdef>
      <memberdef kind="function" id="structmt__client__handlers__list__t_1a321dfb932343b3a4200cba720d22de9d" prot="public" static="no" const="yes" explicit="no" inline="yes" virt="virtual">
        <type>bool</type>
        <definition>virtual bool mt_client_handlers_list_t::is_multi_threaded</definition>
        <argsstring>() const override</argsstring>
        <name>is_multi_threaded</name>
        <qualifiedname>mt_client_handlers_list_t::is_multi_threaded</qualifiedname>
        <reimplements refid="structclient__handlers__list__t_1a8fa5e235aea520afdd30ae5655116836">is_multi_threaded</reimplements>
        <briefdescription>
        </briefdescription>
        <detaileddescription>
        </detaileddescription>
        <inbodydescription>
        </inbodydescription>
        <location file="obj/x64_linux_gcc_32_opt_pro/idasdk/network.hpp" line="484" column="16" bodyfile="obj/x64_linux_gcc_32_opt_pro/idasdk/network.hpp" bodystart="484" bodyend="484"/>
      </memberdef>
      </sectiondef>
    <briefdescription>
    </briefdescription>
    <detaileddescription>
    </detaileddescription>
    <inheritancegraph>
      <node id="2">
        <label>client_handlers_list_t</label>
        <link refid="structclient__handlers__list__t"/>
      </node>
      <node id="1">
        <label>mt_client_handlers_list_t</label>
        <link refid="structmt__client__handlers__list__t"/>
        <childnode refid="2" relation="public-inheritance">
        </childnode>
      </node>
    </inheritancegraph>
    <collaborationgraph>
      <node id="2">
        <label>client_handlers_list_t</label>
        <link refid="structclient__handlers__list__t"/>
      </node>
      <node id="1">
        <label>mt_client_handlers_list_t</label>
        <link refid="structmt__client__handlers__list__t"/>
        <childnode refid="2" relation="public-inheritance">
        </childnode>
      </node>
    </collaborationgraph>
    <location file="obj/x64_linux_gcc_32_opt_pro/idasdk/network.hpp" line="476" column="1" bodyfile="obj/x64_linux_gcc_32_opt_pro/idasdk/network.hpp" bodystart="477" bodyend="485"/>
    <listofallmembers>
      <member refid="structmt__client__handlers__list__t_1a321dfb932343b3a4200cba720d22de9d" prot="public" virt="virtual"><scope>mt_client_handlers_list_t</scope><name>is_multi_threaded</name></member>
      <member refid="structmt__client__handlers__list__t_1ad3df85486a54a9b7d2637ea79d7a6103" prot="public" virt="virtual"><scope>mt_client_handlers_list_t</scope><name>lock</name></member>
      <member refid="structmt__client__handlers__list__t_1ab5fc919f6cb2eb91798288acf6aef291" prot="public" virt="non-virtual"><scope>mt_client_handlers_list_t</scope><name>mt_client_handlers_list_t</name></member>
      <member refid="structmt__client__handlers__list__t_1abaff57b4acf11ceaceb425dfb880c25a" prot="public" virt="non-virtual"><scope>mt_client_handlers_list_t</scope><name>mutex</name></member>
      <member refid="structclient__handlers__list__t_1a5987822d2b2e5124d05dc64e0a1ba57e" prot="public" virt="non-virtual"><scope>mt_client_handlers_list_t</scope><name>storage</name></member>
      <member refid="structclient__handlers__list__t_1a2e3e07a506fcfc16450f93a7879f21e1" prot="public" virt="non-virtual"><scope>mt_client_handlers_list_t</scope><name>storage_t</name></member>
      <member refid="structmt__client__handlers__list__t_1a1df66bb21bb96ddad9497313b5ac5c40" prot="public" virt="virtual"><scope>mt_client_handlers_list_t</scope><name>unlock</name></member>
      <member refid="structclient__handlers__list__t_1a8e7d59bb90a235b4d02e36614e3ab54e" prot="public" virt="virtual"><scope>mt_client_handlers_list_t</scope><name>~client_handlers_list_t</name></member>
      <member refid="structmt__client__handlers__list__t_1aee021dc7ea0f4d0fdb88414fff387f73" prot="public" virt="virtual"><scope>mt_client_handlers_list_t</scope><name>~mt_client_handlers_list_t</name></member>
    </listofallmembers>
  </compounddef>
</doxygen>
