<?xml version='1.0' encoding='UTF-8' standalone='no'?>
<doxygen xmlns:xsi="http://www.w3.org/2001/XMLSchema-instance" xsi:noNamespaceSchemaLocation="compound.xsd" version="1.8.15">
  <compounddef id="structui__stroff__applicator__t" kind="struct" language="C++" prot="public" abstract="yes">
    <compoundname>ui_stroff_applicator_t</compoundname>
    <includes refid="hexrays_8hpp" local="no">hexrays.hpp</includes>
      <sectiondef kind="public-func">
      <memberdef kind="function" id="structui__stroff__applicator__t_1ab91d451c90b70317e3f505550f80451d" prot="public" static="no" const="no" explicit="no" inline="no" virt="pure-virtual">
        <type>bool idaapi</type>
        <definition>virtual bool idaapi ui_stroff_applicator_t::apply</definition>
        <argsstring>(size_t opnum, const intvec_t &amp;path, const tinfo_t &amp;top_tif, const char *spath)=0</argsstring>
        <name>apply</name>
        <param>
          <type>size_t</type>
          <declname>opnum</declname>
        </param>
        <param>
          <type>const <ref refid="pro_8h_1a16a891be237a47eac68383da2ebc2fa6" kindref="member">intvec_t</ref> &amp;</type>
          <declname>path</declname>
        </param>
        <param>
          <type>const <ref refid="classtinfo__t" kindref="compound">tinfo_t</ref> &amp;</type>
          <declname>top_tif</declname>
        </param>
        <param>
          <type>const char *</type>
          <declname>spath</declname>
        </param>
        <briefdescription>
        </briefdescription>
        <detaileddescription>
<para><parameterlist kind="param"><parameteritem>
<parameternamelist>
<parametername>opnum</parametername>
</parameternamelist>
<parameterdescription>
<para>operand ordinal number, see below </para>
</parameterdescription>
</parameteritem>
<parameteritem>
<parameternamelist>
<parametername>path</parametername>
</parameternamelist>
<parameterdescription>
<para>path describing the union selection, maybe empty </para>
</parameterdescription>
</parameteritem>
<parameteritem>
<parameternamelist>
<parametername>top_tif</parametername>
</parameternamelist>
<parameterdescription>
<para><ref refid="classtinfo__t" kindref="compound">tinfo_t</ref> of the selected toplevel UDT </para>
</parameterdescription>
</parameteritem>
<parameteritem>
<parameternamelist>
<parametername>spath</parametername>
</parameternamelist>
<parameterdescription>
<para>selected path </para>
</parameterdescription>
</parameteritem>
</parameterlist>
</para>
        </detaileddescription>
        <inbodydescription>
        </inbodydescription>
        <location file="obj/x64_linux_gcc_32_opt/3/idasdk/hexrays.hpp" line="7802" column="1"/>
      </memberdef>
      </sectiondef>
    <briefdescription>
    </briefdescription>
    <detaileddescription>
<para>Callback to apply the selection <simplesect kind="return"><para>success </para>
</simplesect>
</para>
    </detaileddescription>
    <location file="obj/x64_linux_gcc_32_opt/3/idasdk/hexrays.hpp" line="7797" column="1" bodyfile="obj/x64_linux_gcc_32_opt/3/idasdk/hexrays.hpp" bodystart="7796" bodyend="7803"/>
    <listofallmembers>
      <member refid="structui__stroff__applicator__t_1ab91d451c90b70317e3f505550f80451d" prot="public" virt="pure-virtual"><scope>ui_stroff_applicator_t</scope><name>apply</name></member>
    </listofallmembers>
  </compounddef>
</doxygen>
