<?xml version='1.0' encoding='UTF-8' standalone='no'?>
<doxygen xmlns:xsi="http://www.w3.org/2001/XMLSchema-instance" xsi:noNamespaceSchemaLocation="compound.xsd" version="1.9.3" xml:lang="en-US">
  <compounddef id="structui__stroff__op__t" kind="struct" language="C++" prot="public">
    <compoundname>ui_stroff_op_t</compoundname>
    <includes refid="hexrays_8hpp" local="no">hexrays.hpp</includes>
      <sectiondef kind="public-attrib">
      <memberdef kind="variable" id="structui__stroff__op__t_1a730ec4c29fe981030f5bd6144d7a0191" prot="public" static="no" mutable="no">
        <type><ref refid="pro_8h_1a386c10c6aa4340f1d63df85f40454fce" kindref="member">qstring</ref></type>
        <definition>qstring ui_stroff_op_t::text</definition>
        <argsstring></argsstring>
        <name>text</name>
        <qualifiedname>ui_stroff_op_t::text</qualifiedname>
        <briefdescription>
<para>any text for the column &quot;Operand&quot; of widget </para>
        </briefdescription>
        <detaileddescription>
        </detaileddescription>
        <inbodydescription>
        </inbodydescription>
        <location file="obj/x64_linux_gcc_32_opt/idasdk/hexrays.hpp" line="7843" column="11" bodyfile="obj/x64_linux_gcc_32_opt/idasdk/hexrays.hpp" bodystart="7843" bodyend="-1"/>
      </memberdef>
      <memberdef kind="variable" id="structui__stroff__op__t_1a34ef2c97413a3f364ab27365cc2d2ef6" prot="public" static="no" mutable="no">
        <type><ref refid="pro_8h_1aef265b11f25357d520dcfd40aa8c18f3" kindref="member">uval_t</ref></type>
        <definition>uval_t ui_stroff_op_t::offset</definition>
        <argsstring></argsstring>
        <name>offset</name>
        <qualifiedname>ui_stroff_op_t::offset</qualifiedname>
        <briefdescription>
<para>operand offset, will be used when calculating the UDT path </para>
        </briefdescription>
        <detaileddescription>
        </detaileddescription>
        <inbodydescription>
        </inbodydescription>
        <location file="obj/x64_linux_gcc_32_opt/idasdk/hexrays.hpp" line="7844" column="10" bodyfile="obj/x64_linux_gcc_32_opt/idasdk/hexrays.hpp" bodystart="7844" bodyend="-1"/>
      </memberdef>
      </sectiondef>
      <sectiondef kind="public-func">
      <memberdef kind="function" id="structui__stroff__op__t_1a3bce0a4e0c15b124b3064663d2402b9b" prot="public" static="no" const="yes" explicit="no" inline="yes" virt="non-virtual">
        <type>bool</type>
        <definition>bool ui_stroff_op_t::operator==</definition>
        <argsstring>(const ui_stroff_op_t &amp;r) const</argsstring>
        <name>operator==</name>
        <qualifiedname>ui_stroff_op_t::operator==</qualifiedname>
        <param>
          <type>const <ref refid="structui__stroff__op__t" kindref="compound">ui_stroff_op_t</ref> &amp;</type>
          <declname>r</declname>
        </param>
        <briefdescription>
        </briefdescription>
        <detaileddescription>
        </detaileddescription>
        <inbodydescription>
        </inbodydescription>
        <location file="obj/x64_linux_gcc_32_opt/idasdk/hexrays.hpp" line="7845" column="8" bodyfile="obj/x64_linux_gcc_32_opt/idasdk/hexrays.hpp" bodystart="7845" bodyend="7848"/>
      </memberdef>
      <memberdef kind="function" id="structui__stroff__op__t_1ab984a35664cc047daead1130f292b2e5" prot="public" static="no" const="yes" explicit="no" inline="yes" virt="non-virtual">
        <type>bool</type>
        <definition>bool ui_stroff_op_t::operator!=</definition>
        <argsstring>(const ui_stroff_op_t &amp;r) const</argsstring>
        <name>operator!=</name>
        <qualifiedname>ui_stroff_op_t::operator!=</qualifiedname>
        <param>
          <type>const <ref refid="structui__stroff__op__t" kindref="compound">ui_stroff_op_t</ref> &amp;</type>
          <declname>r</declname>
        </param>
        <briefdescription>
        </briefdescription>
        <detaileddescription>
        </detaileddescription>
        <inbodydescription>
        </inbodydescription>
        <location file="obj/x64_linux_gcc_32_opt/idasdk/hexrays.hpp" line="7849" column="8" bodyfile="obj/x64_linux_gcc_32_opt/idasdk/hexrays.hpp" bodystart="7849" bodyend="7849"/>
      </memberdef>
      </sectiondef>
    <briefdescription>
<para>Select UDT for the operands using &quot;Select offsets&quot; widget. </para>
    </briefdescription>
    <detaileddescription>
<para>Operand represention </para>
    </detaileddescription>
    <collaborationgraph>
      <node id="2">
        <label>_qstring&lt; char &gt;</label>
        <link refid="class__qstring"/>
      </node>
      <node id="1">
        <label>ui_stroff_op_t</label>
        <link refid="structui__stroff__op__t"/>
        <childnode refid="2" relation="usage">
          <edgelabel>text</edgelabel>
        </childnode>
      </node>
    </collaborationgraph>
    <location file="obj/x64_linux_gcc_32_opt/idasdk/hexrays.hpp" line="7841" column="1" bodyfile="obj/x64_linux_gcc_32_opt/idasdk/hexrays.hpp" bodystart="7842" bodyend="7850"/>
    <listofallmembers>
      <member refid="structui__stroff__op__t_1a34ef2c97413a3f364ab27365cc2d2ef6" prot="public" virt="non-virtual"><scope>ui_stroff_op_t</scope><name>offset</name></member>
      <member refid="structui__stroff__op__t_1ab984a35664cc047daead1130f292b2e5" prot="public" virt="non-virtual"><scope>ui_stroff_op_t</scope><name>operator!=</name></member>
      <member refid="structui__stroff__op__t_1a3bce0a4e0c15b124b3064663d2402b9b" prot="public" virt="non-virtual"><scope>ui_stroff_op_t</scope><name>operator==</name></member>
      <member refid="structui__stroff__op__t_1a730ec4c29fe981030f5bd6144d7a0191" prot="public" virt="non-virtual"><scope>ui_stroff_op_t</scope><name>text</name></member>
    </listofallmembers>
  </compounddef>
</doxygen>
