<?xml version='1.0' encoding='UTF-8' standalone='no'?>
<doxygen xmlns:xsi="http://www.w3.org/2001/XMLSchema-instance" xsi:noNamespaceSchemaLocation="compound.xsd" version="1.9.3" xml:lang="en-US">
  <compounddef id="structtypedef__type__data__t" kind="struct" language="C++" prot="public">
    <compoundname>typedef_type_data_t</compoundname>
    <includes refid="typeinf_8hpp" local="no">typeinf.hpp</includes>
      <sectiondef kind="public-attrib">
      <memberdef kind="variable" id="structtypedef__type__data__t_1aebaf62710dded1a8434b91dbbc416362" prot="public" static="no" mutable="no">
        <type>const <ref refid="structtil__t" kindref="compound">til_t</ref> *</type>
        <definition>const til_t* typedef_type_data_t::til</definition>
        <argsstring></argsstring>
        <name>til</name>
        <qualifiedname>typedef_type_data_t::til</qualifiedname>
        <briefdescription>
<para>type library to use when resolving </para>
        </briefdescription>
        <detaileddescription>
        </detaileddescription>
        <inbodydescription>
        </inbodydescription>
        <location file="obj/x64_linux_gcc_32_opt_pro/idasdk/typeinf.hpp" line="3575" column="15" bodyfile="obj/x64_linux_gcc_32_opt_pro/idasdk/typeinf.hpp" bodystart="3575" bodyend="-1"/>
      </memberdef>
      <memberdef kind="variable" id="structtypedef__type__data__t_1ac169eada76fe749cab8cd25c5669f5ca" prot="public" static="no" mutable="no">
        <type>const char *</type>
        <definition>const char* typedef_type_data_t::name</definition>
        <argsstring></argsstring>
        <name>name</name>
        <qualifiedname>typedef_type_data_t::name</qualifiedname>
        <briefdescription>
<para>is_ordref=false: target type name. we do not own this pointer! </para>
        </briefdescription>
        <detaileddescription>
        </detaileddescription>
        <inbodydescription>
        </inbodydescription>
        <location file="obj/x64_linux_gcc_32_opt_pro/idasdk/typeinf.hpp" line="3578" column="16" bodyfile="obj/x64_linux_gcc_32_opt_pro/idasdk/typeinf.hpp" bodystart="3578" bodyend="-1"/>
      </memberdef>
      <memberdef kind="variable" id="structtypedef__type__data__t_1ab0364d3202e0c8ca63a180e466ce1cb0" prot="public" static="no" mutable="no">
        <type><ref refid="pro_8h_1a1134b580f8da4de94ca6b1de4d37975e" kindref="member">uint32</ref></type>
        <definition>uint32 typedef_type_data_t::ordinal</definition>
        <argsstring></argsstring>
        <name>ordinal</name>
        <qualifiedname>typedef_type_data_t::ordinal</qualifiedname>
        <briefdescription>
<para>is_ordref=true: type ordinal number </para>
        </briefdescription>
        <detaileddescription>
        </detaileddescription>
        <inbodydescription>
        </inbodydescription>
        <location file="obj/x64_linux_gcc_32_opt_pro/idasdk/typeinf.hpp" line="3579" column="12" bodyfile="obj/x64_linux_gcc_32_opt_pro/idasdk/typeinf.hpp" bodystart="3579" bodyend="-1"/>
      </memberdef>
      <memberdef kind="variable" id="structtypedef__type__data__t_1a23ae943cc3189d0344383cc4206a31c9" prot="public" static="no" mutable="no">
        <type>union typedef_type_data_t::@106</type>
        <definition>union typedef_type_data_t::@106 typedef_type_data_t::@107</definition>
        <argsstring></argsstring>
        <name>@107</name>
        <qualifiedname>typedef_type_data_t::@107</qualifiedname>
        <briefdescription>
        </briefdescription>
        <detaileddescription>
        </detaileddescription>
        <inbodydescription>
        </inbodydescription>
        <location file="obj/x64_linux_gcc_32_opt_pro/idasdk/typeinf.hpp" line="3580" column="3"/>
      </memberdef>
      <memberdef kind="variable" id="structtypedef__type__data__t_1adf5824ec94527c9481dc008eb8b13f22" prot="public" static="no" mutable="no">
        <type>bool</type>
        <definition>bool typedef_type_data_t::is_ordref</definition>
        <argsstring></argsstring>
        <name>is_ordref</name>
        <qualifiedname>typedef_type_data_t::is_ordref</qualifiedname>
        <briefdescription>
<para>is reference by ordinal? </para>
        </briefdescription>
        <detaileddescription>
        </detaileddescription>
        <inbodydescription>
        </inbodydescription>
        <location file="obj/x64_linux_gcc_32_opt_pro/idasdk/typeinf.hpp" line="3581" column="8" bodyfile="obj/x64_linux_gcc_32_opt_pro/idasdk/typeinf.hpp" bodystart="3581" bodyend="-1"/>
      </memberdef>
      <memberdef kind="variable" id="structtypedef__type__data__t_1a38ed7aa627d6ef273cab1b01a8057381" prot="public" static="no" mutable="no">
        <type>bool</type>
        <definition>bool typedef_type_data_t::resolve</definition>
        <argsstring></argsstring>
        <name>resolve</name>
        <qualifiedname>typedef_type_data_t::resolve</qualifiedname>
        <briefdescription>
<para>should resolve immediately? </para>
        </briefdescription>
        <detaileddescription>
        </detaileddescription>
        <inbodydescription>
        </inbodydescription>
        <location file="obj/x64_linux_gcc_32_opt_pro/idasdk/typeinf.hpp" line="3582" column="8" bodyfile="obj/x64_linux_gcc_32_opt_pro/idasdk/typeinf.hpp" bodystart="3582" bodyend="-1"/>
      </memberdef>
      </sectiondef>
      <sectiondef kind="public-func">
      <memberdef kind="function" id="structtypedef__type__data__t_1ab28af12a2c884df727b22cf7d446b65f" prot="public" static="no" const="no" explicit="no" inline="yes" virt="non-virtual">
        <type></type>
        <definition>typedef_type_data_t::typedef_type_data_t</definition>
        <argsstring>(const til_t *_til, const char *_name, bool _resolve=false)</argsstring>
        <name>typedef_type_data_t</name>
        <qualifiedname>typedef_type_data_t::typedef_type_data_t</qualifiedname>
        <param>
          <type>const <ref refid="structtil__t" kindref="compound">til_t</ref> *</type>
          <declname>_til</declname>
        </param>
        <param>
          <type>const char *</type>
          <declname>_name</declname>
        </param>
        <param>
          <type>bool</type>
          <declname>_resolve</declname>
          <defval>false</defval>
        </param>
        <briefdescription>
        </briefdescription>
        <detaileddescription>
        </detaileddescription>
        <inbodydescription>
        </inbodydescription>
        <location file="obj/x64_linux_gcc_32_opt_pro/idasdk/typeinf.hpp" line="3583" column="3" bodyfile="obj/x64_linux_gcc_32_opt_pro/idasdk/typeinf.hpp" bodystart="3583" bodyend="3584"/>
      </memberdef>
      <memberdef kind="function" id="structtypedef__type__data__t_1ac45b6be0ef5f394be0c3ba83ef4eb266" prot="public" static="no" const="no" explicit="no" inline="yes" virt="non-virtual">
        <type></type>
        <definition>typedef_type_data_t::typedef_type_data_t</definition>
        <argsstring>(const til_t *_til, uint32 ord, bool _resolve=false)</argsstring>
        <name>typedef_type_data_t</name>
        <qualifiedname>typedef_type_data_t::typedef_type_data_t</qualifiedname>
        <param>
          <type>const <ref refid="structtil__t" kindref="compound">til_t</ref> *</type>
          <declname>_til</declname>
        </param>
        <param>
          <type><ref refid="pro_8h_1a1134b580f8da4de94ca6b1de4d37975e" kindref="member">uint32</ref></type>
          <declname>ord</declname>
        </param>
        <param>
          <type>bool</type>
          <declname>_resolve</declname>
          <defval>false</defval>
        </param>
        <briefdescription>
        </briefdescription>
        <detaileddescription>
        </detaileddescription>
        <inbodydescription>
        </inbodydescription>
        <location file="obj/x64_linux_gcc_32_opt_pro/idasdk/typeinf.hpp" line="3585" column="3" bodyfile="obj/x64_linux_gcc_32_opt_pro/idasdk/typeinf.hpp" bodystart="3585" bodyend="3586"/>
      </memberdef>
      <memberdef kind="function" id="structtypedef__type__data__t_1a8fc77ef7bd77b87a6e5e244efd846fc7" prot="public" static="no" const="no" explicit="no" inline="yes" virt="non-virtual">
        <type>void</type>
        <definition>void typedef_type_data_t::swap</definition>
        <argsstring>(typedef_type_data_t &amp;r)</argsstring>
        <name>swap</name>
        <qualifiedname>typedef_type_data_t::swap</qualifiedname>
        <param>
          <type><ref refid="structtypedef__type__data__t" kindref="compound">typedef_type_data_t</ref> &amp;</type>
          <declname>r</declname>
        </param>
        <briefdescription>
        </briefdescription>
        <detaileddescription>
        </detaileddescription>
        <inbodydescription>
        </inbodydescription>
        <location file="obj/x64_linux_gcc_32_opt_pro/idasdk/typeinf.hpp" line="3588" column="8" bodyfile="obj/x64_linux_gcc_32_opt_pro/idasdk/typeinf.hpp" bodystart="3588" bodyend="3588"/>
      </memberdef>
      </sectiondef>
    <briefdescription>
<para>Type information for typedefs. </para>
    </briefdescription>
    <detaileddescription>
    </detaileddescription>
    <collaborationgraph>
      <node id="3">
        <label>compiler_info_t</label>
        <link refid="structcompiler__info__t"/>
      </node>
      <node id="2">
        <label>til_t</label>
        <link refid="structtil__t"/>
        <childnode refid="2" relation="usage">
          <edgelabel>base</edgelabel>
        </childnode>
        <childnode refid="3" relation="usage">
          <edgelabel>cc</edgelabel>
        </childnode>
      </node>
      <node id="1">
        <label>typedef_type_data_t</label>
        <link refid="structtypedef__type__data__t"/>
        <childnode refid="2" relation="usage">
          <edgelabel>til</edgelabel>
        </childnode>
      </node>
    </collaborationgraph>
    <location file="obj/x64_linux_gcc_32_opt_pro/idasdk/typeinf.hpp" line="3573" column="1" bodyfile="obj/x64_linux_gcc_32_opt_pro/idasdk/typeinf.hpp" bodystart="3574" bodyend="3589"/>
    <listofallmembers>
      <member refid="structtypedef__type__data__t_1adf5824ec94527c9481dc008eb8b13f22" prot="public" virt="non-virtual"><scope>typedef_type_data_t</scope><name>is_ordref</name></member>
      <member refid="structtypedef__type__data__t_1ac169eada76fe749cab8cd25c5669f5ca" prot="public" virt="non-virtual"><scope>typedef_type_data_t</scope><name>name</name></member>
      <member refid="structtypedef__type__data__t_1ab0364d3202e0c8ca63a180e466ce1cb0" prot="public" virt="non-virtual"><scope>typedef_type_data_t</scope><name>ordinal</name></member>
      <member refid="structtypedef__type__data__t_1a38ed7aa627d6ef273cab1b01a8057381" prot="public" virt="non-virtual"><scope>typedef_type_data_t</scope><name>resolve</name></member>
      <member refid="structtypedef__type__data__t_1a8fc77ef7bd77b87a6e5e244efd846fc7" prot="public" virt="non-virtual"><scope>typedef_type_data_t</scope><name>swap</name></member>
      <member refid="structtypedef__type__data__t_1aebaf62710dded1a8434b91dbbc416362" prot="public" virt="non-virtual"><scope>typedef_type_data_t</scope><name>til</name></member>
      <member refid="structtypedef__type__data__t_1ab28af12a2c884df727b22cf7d446b65f" prot="public" virt="non-virtual"><scope>typedef_type_data_t</scope><name>typedef_type_data_t</name></member>
      <member refid="structtypedef__type__data__t_1ac45b6be0ef5f394be0c3ba83ef4eb266" prot="public" virt="non-virtual"><scope>typedef_type_data_t</scope><name>typedef_type_data_t</name></member>
    </listofallmembers>
  </compounddef>
</doxygen>
