<?xml version='1.0' encoding='UTF-8' standalone='no'?>
<doxygen xmlns:xsi="http://www.w3.org/2001/XMLSchema-instance" xsi:noNamespaceSchemaLocation="compound.xsd" version="1.8.15">
  <compounddef id="structdirtree__visitor__t" kind="struct" language="C++" prot="public" abstract="yes">
    <compoundname>dirtree_visitor_t</compoundname>
    <includes refid="dirtree_8hpp" local="no">dirtree.hpp</includes>
      <sectiondef kind="public-func">
      <memberdef kind="function" id="structdirtree__visitor__t_1abcb5ca9c9d8e9eb31ee0cc939e9884de" prot="public" static="no" const="no" explicit="no" inline="no" virt="pure-virtual">
        <type><ref refid="pro_8h_1ab65ed42d67e6c517c746ff2a6a187016" kindref="member">ssize_t</ref></type>
        <definition>virtual ssize_t dirtree_visitor_t::visit</definition>
        <argsstring>(const dirtree_cursor_t &amp;c, const direntry_t &amp;de)=0</argsstring>
        <name>visit</name>
        <param>
          <type>const <ref refid="structdirtree__cursor__t" kindref="compound">dirtree_cursor_t</ref> &amp;</type>
          <declname>c</declname>
        </param>
        <param>
          <type>const <ref refid="structdirentry__t" kindref="compound">direntry_t</ref> &amp;</type>
          <declname>de</declname>
        </param>
        <briefdescription>
        </briefdescription>
        <detaileddescription>
<para>Will be called for each entry in the <ref refid="classdirtree__t" kindref="compound">dirtree_t</ref> If something other than 0 is returned, iteration will stop. <parameterlist kind="param"><parameteritem>
<parameternamelist>
<parametername>c</parametername>
</parameternamelist>
<parameterdescription>
<para>the current cursor </para>
</parameterdescription>
</parameteritem>
<parameteritem>
<parameternamelist>
<parametername>de</parametername>
</parameternamelist>
<parameterdescription>
<para>the current entry </para>
</parameterdescription>
</parameteritem>
</parameterlist>
<simplesect kind="return"><para>0 to keep iterating, or anything else to stop </para>
</simplesect>
</para>
        </detaileddescription>
        <inbodydescription>
        </inbodydescription>
        <location file="obj/x64_linux_gcc_32_opt/3/idasdk/dirtree.hpp" line="214" column="1"/>
      </memberdef>
      </sectiondef>
    <briefdescription>
<para>A visitor, for use with <ref refid="classdirtree__t_1a77dc7336ee3d1ffa4355a338a33de91a" kindref="member">dirtree_t::traverse</ref>. </para>
    </briefdescription>
    <detaileddescription>
    </detaileddescription>
    <location file="obj/x64_linux_gcc_32_opt/3/idasdk/dirtree.hpp" line="207" column="1" bodyfile="obj/x64_linux_gcc_32_opt/3/idasdk/dirtree.hpp" bodystart="206" bodyend="217"/>
    <listofallmembers>
      <member refid="structdirtree__visitor__t_1abcb5ca9c9d8e9eb31ee0cc939e9884de" prot="public" virt="pure-virtual"><scope>dirtree_visitor_t</scope><name>visit</name></member>
    </listofallmembers>
  </compounddef>
</doxygen>
