<?xml version='1.0' encoding='UTF-8' standalone='no'?>
<doxygen xmlns:xsi="http://www.w3.org/2001/XMLSchema-instance" xsi:noNamespaceSchemaLocation="compound.xsd" version="1.8.15">
  <compounddef id="structvalue__u_1_1dt__t" kind="struct" language="C++" prot="public">
    <compoundname>value_u::dt_t</compoundname>
      <sectiondef kind="public-attrib">
      <memberdef kind="variable" id="structvalue__u_1_1dt__t_1a324f9d89a71ffff8eb2f145882d232bc" prot="public" static="no" mutable="no">
        <type><ref refid="pro_8h_1a1134b580f8da4de94ca6b1de4d37975e" kindref="member">uint32</ref></type>
        <definition>uint32 value_u::dt_t::low</definition>
        <argsstring></argsstring>
        <name>low</name>
        <briefdescription>
        </briefdescription>
        <detaileddescription>
        </detaileddescription>
        <inbodydescription>
        </inbodydescription>
        <location file="obj/x64_linux_gcc_32_opt/idasdk/ua.hpp" line="564" column="1" bodyfile="obj/x64_linux_gcc_32_opt/idasdk/ua.hpp" bodystart="564" bodyend="-1"/>
      </memberdef>
      <memberdef kind="variable" id="structvalue__u_1_1dt__t_1a3b4d09f8d0a120c8826bf246bb1e343b" prot="public" static="no" mutable="no">
        <type><ref refid="pro_8h_1a1134b580f8da4de94ca6b1de4d37975e" kindref="member">uint32</ref></type>
        <definition>uint32 value_u::dt_t::high</definition>
        <argsstring></argsstring>
        <name>high</name>
        <briefdescription>
        </briefdescription>
        <detaileddescription>
        </detaileddescription>
        <inbodydescription>
        </inbodydescription>
        <location file="obj/x64_linux_gcc_32_opt/idasdk/ua.hpp" line="564" column="1" bodyfile="obj/x64_linux_gcc_32_opt/idasdk/ua.hpp" bodystart="564" bodyend="-1"/>
      </memberdef>
      <memberdef kind="variable" id="structvalue__u_1_1dt__t_1ab08a17012ea2ae68048b2fbe21197d7e" prot="public" static="no" mutable="no">
        <type><ref refid="pro_8h_1a05f6b0ae8f6a6e135b0e290c25fe0e4e" kindref="member">uint16</ref></type>
        <definition>uint16 value_u::dt_t::upper</definition>
        <argsstring></argsstring>
        <name>upper</name>
        <briefdescription>
        </briefdescription>
        <detaileddescription>
        </detaileddescription>
        <inbodydescription>
        </inbodydescription>
        <location file="obj/x64_linux_gcc_32_opt/idasdk/ua.hpp" line="564" column="1" bodyfile="obj/x64_linux_gcc_32_opt/idasdk/ua.hpp" bodystart="564" bodyend="-1"/>
      </memberdef>
      </sectiondef>
    <briefdescription>
    </briefdescription>
    <detaileddescription>
    </detaileddescription>
    <location file="obj/x64_linux_gcc_32_opt/idasdk/ua.hpp" line="564" column="1" bodyfile="obj/x64_linux_gcc_32_opt/idasdk/ua.hpp" bodystart="564" bodyend="564"/>
    <listofallmembers>
      <member refid="structvalue__u_1_1dt__t_1a3b4d09f8d0a120c8826bf246bb1e343b" prot="public" virt="non-virtual"><scope>value_u::dt_t</scope><name>high</name></member>
      <member refid="structvalue__u_1_1dt__t_1a324f9d89a71ffff8eb2f145882d232bc" prot="public" virt="non-virtual"><scope>value_u::dt_t</scope><name>low</name></member>
      <member refid="structvalue__u_1_1dt__t_1ab08a17012ea2ae68048b2fbe21197d7e" prot="public" virt="non-virtual"><scope>value_u::dt_t</scope><name>upper</name></member>
    </listofallmembers>
  </compounddef>
</doxygen>
