<?xml version='1.0' encoding='UTF-8' standalone='no'?>
<doxygen xmlns:xsi="http://www.w3.org/2001/XMLSchema-instance" xsi:noNamespaceSchemaLocation="compound.xsd" version="1.9.3" xml:lang="en-US">
  <compounddef id="structlumina__info__t" kind="struct" language="C++" prot="public">
    <compoundname>lumina_info_t</compoundname>
      <sectiondef kind="public-attrib">
      <memberdef kind="variable" id="structlumina__info__t_1aec2d00f6625f7576c4081e59e3ab5f94" prot="public" static="no" mutable="no">
        <type><ref refid="structpeer__conn__t" kindref="compound">peer_conn_t</ref></type>
        <definition>peer_conn_t lumina_info_t::client</definition>
        <argsstring></argsstring>
        <name>client</name>
        <qualifiedname>lumina_info_t::client</qualifiedname>
        <briefdescription>
        </briefdescription>
        <detaileddescription>
        </detaileddescription>
        <inbodydescription>
        </inbodydescription>
        <location file="obj/x64_linux_gcc_32_opt/idasdk/lumina.hpp" line="916" column="15" bodyfile="obj/x64_linux_gcc_32_opt/idasdk/lumina.hpp" bodystart="916" bodyend="-1"/>
      </memberdef>
      <memberdef kind="variable" id="structlumina__info__t_1a0be6a27d2c8e6c858760165daa06ee43" prot="public" static="no" mutable="no">
        <type><ref refid="structlumina__server__info__t" kindref="compound">lumina_server_info_t</ref></type>
        <definition>lumina_server_info_t lumina_info_t::server</definition>
        <argsstring></argsstring>
        <name>server</name>
        <qualifiedname>lumina_info_t::server</qualifiedname>
        <briefdescription>
        </briefdescription>
        <detaileddescription>
        </detaileddescription>
        <inbodydescription>
        </inbodydescription>
        <location file="obj/x64_linux_gcc_32_opt/idasdk/lumina.hpp" line="917" column="24" bodyfile="obj/x64_linux_gcc_32_opt/idasdk/lumina.hpp" bodystart="917" bodyend="-1"/>
      </memberdef>
      </sectiondef>
      <sectiondef kind="public-func">
      <memberdef kind="function" id="structlumina__info__t_1ae17a1bb61d52ea7b5c07d39028ac0517" prot="public" static="no" const="no" explicit="no" inline="yes" virt="non-virtual">
        <type></type>
        <definition>lumina_info_t::lumina_info_t</definition>
        <argsstring>(peer_conn_t __client=peer_conn_t(), lumina_server_info_t __server=lumina_server_info_t())</argsstring>
        <name>lumina_info_t</name>
        <qualifiedname>lumina_info_t::lumina_info_t</qualifiedname>
        <param>
          <type><ref refid="structpeer__conn__t" kindref="compound">peer_conn_t</ref></type>
          <declname>__client</declname>
          <defval><ref refid="structpeer__conn__t" kindref="compound">peer_conn_t</ref>()</defval>
        </param>
        <param>
          <type><ref refid="structlumina__server__info__t" kindref="compound">lumina_server_info_t</ref></type>
          <declname>__server</declname>
          <defval><ref refid="structlumina__server__info__t" kindref="compound">lumina_server_info_t</ref>()</defval>
        </param>
        <briefdescription>
        </briefdescription>
        <detaileddescription>
        </detaileddescription>
        <inbodydescription>
        </inbodydescription>
        <location file="obj/x64_linux_gcc_32_opt/idasdk/lumina.hpp" line="918" column="3" bodyfile="obj/x64_linux_gcc_32_opt/idasdk/lumina.hpp" bodystart="918" bodyend="919"/>
      </memberdef>
      <memberdef kind="function" id="structlumina__info__t_1ad4ca4522b681d08059e459e8c6b25ec4" prot="public" static="no" const="yes" explicit="no" inline="no" virt="non-virtual">
        <type>void</type>
        <definition>void lumina_info_t::serialize</definition>
        <argsstring>(bytevec_t *out, int version) const</argsstring>
        <name>serialize</name>
        <qualifiedname>lumina_info_t::serialize</qualifiedname>
        <param>
          <type><ref refid="classbytevec__t" kindref="compound">bytevec_t</ref> *</type>
          <declname>out</declname>
        </param>
        <param>
          <type>int</type>
          <declname>version</declname>
        </param>
        <briefdescription>
        </briefdescription>
        <detaileddescription>
        </detaileddescription>
        <inbodydescription>
        </inbodydescription>
        <location file="obj/x64_linux_gcc_32_opt/idasdk/lumina.hpp" line="921" column="8"/>
      </memberdef>
      <memberdef kind="function" id="structlumina__info__t_1aa96df318f0637d8dc2571e672a22ce5e" prot="public" static="no" const="no" explicit="no" inline="no" virt="non-virtual">
        <type>bool</type>
        <definition>bool lumina_info_t::deserialize</definition>
        <argsstring>(const uchar **ptr, size_t len, int version)</argsstring>
        <name>deserialize</name>
        <qualifiedname>lumina_info_t::deserialize</qualifiedname>
        <param>
          <type>const <ref refid="pro_8h_1a65f85814a8290f9797005d3b28e7e5fc" kindref="member">uchar</ref> **</type>
          <declname>ptr</declname>
        </param>
        <param>
          <type>size_t</type>
          <declname>len</declname>
        </param>
        <param>
          <type>int</type>
          <declname>version</declname>
        </param>
        <briefdescription>
        </briefdescription>
        <detaileddescription>
        </detaileddescription>
        <inbodydescription>
        </inbodydescription>
        <location file="obj/x64_linux_gcc_32_opt/idasdk/lumina.hpp" line="922" column="8"/>
      </memberdef>
      </sectiondef>
    <briefdescription>
    </briefdescription>
    <detaileddescription>
    </detaileddescription>
    <collaborationgraph>
      <node id="3">
        <label>_qstring&lt; char &gt;</label>
        <link refid="class__qstring"/>
      </node>
      <node id="1">
        <label>lumina_info_t</label>
        <link refid="structlumina__info__t"/>
        <childnode refid="2" relation="usage">
          <edgelabel>client</edgelabel>
        </childnode>
        <childnode refid="6" relation="usage">
          <edgelabel>server</edgelabel>
        </childnode>
      </node>
      <node id="6">
        <label>lumina_server_info_t</label>
        <link refid="structlumina__server__info__t"/>
        <childnode refid="3" relation="usage">
          <edgelabel>macaddr</edgelabel>
          <edgelabel>verstr</edgelabel>
        </childnode>
      </node>
      <node id="4">
        <label>lumina_user_t</label>
        <link refid="structlumina__user__t"/>
        <childnode refid="5" relation="usage">
          <edgelabel>license_info</edgelabel>
        </childnode>
        <childnode refid="3" relation="usage">
          <edgelabel>name</edgelabel>
        </childnode>
      </node>
      <node id="2">
        <label>peer_conn_t</label>
        <link refid="structpeer__conn__t"/>
        <childnode refid="3" relation="usage">
          <edgelabel>peer_name</edgelabel>
        </childnode>
        <childnode refid="4" relation="usage">
          <edgelabel>user</edgelabel>
        </childnode>
      </node>
      <node id="5">
        <label>user_license_info_t</label>
        <link refid="structuser__license__info__t"/>
        <childnode refid="3" relation="usage">
          <edgelabel>email</edgelabel>
          <edgelabel>id</edgelabel>
          <edgelabel>name</edgelabel>
        </childnode>
      </node>
    </collaborationgraph>
    <location file="obj/x64_linux_gcc_32_opt/idasdk/lumina.hpp" line="914" column="1" bodyfile="obj/x64_linux_gcc_32_opt/idasdk/lumina.hpp" bodystart="915" bodyend="923"/>
    <listofallmembers>
      <member refid="structlumina__info__t_1aec2d00f6625f7576c4081e59e3ab5f94" prot="public" virt="non-virtual"><scope>lumina_info_t</scope><name>client</name></member>
      <member refid="structlumina__info__t_1aa96df318f0637d8dc2571e672a22ce5e" prot="public" virt="non-virtual"><scope>lumina_info_t</scope><name>deserialize</name></member>
      <member refid="structlumina__info__t_1ae17a1bb61d52ea7b5c07d39028ac0517" prot="public" virt="non-virtual"><scope>lumina_info_t</scope><name>lumina_info_t</name></member>
      <member refid="structlumina__info__t_1ad4ca4522b681d08059e459e8c6b25ec4" prot="public" virt="non-virtual"><scope>lumina_info_t</scope><name>serialize</name></member>
      <member refid="structlumina__info__t_1a0be6a27d2c8e6c858760165daa06ee43" prot="public" virt="non-virtual"><scope>lumina_info_t</scope><name>server</name></member>
    </listofallmembers>
  </compounddef>
</doxygen>
