<?xml version='1.0' encoding='UTF-8' standalone='no'?>
<doxygen xmlns:xsi="http://www.w3.org/2001/XMLSchema-instance" xsi:noNamespaceSchemaLocation="compound.xsd" version="1.8.15">
  <compounddef id="structrange__item__iterator__t" kind="struct" language="C++" prot="public">
    <compoundname>range_item_iterator_t</compoundname>
    <includes refid="hexrays_8hpp" local="no">hexrays.hpp</includes>
      <sectiondef kind="public-attrib">
      <memberdef kind="variable" id="structrange__item__iterator__t_1a29988f2c10d1c239e7758d839a59ce9f" prot="public" static="no" mutable="no">
        <type>const <ref refid="structrangevec__t" kindref="compound">rangevec_t</ref> *</type>
        <definition>const rangevec_t* range_item_iterator_t::ranges</definition>
        <argsstring></argsstring>
        <name>ranges</name>
        <briefdescription>
        </briefdescription>
        <detaileddescription>
        </detaileddescription>
        <inbodydescription>
        </inbodydescription>
        <location file="obj/x64_linux_gcc_32_opt/3/idasdk/hexrays.hpp" line="4338" column="1" bodyfile="obj/x64_linux_gcc_32_opt/3/idasdk/hexrays.hpp" bodystart="4338" bodyend="-1"/>
      </memberdef>
      <memberdef kind="variable" id="structrange__item__iterator__t_1af2d01c46903def14977135b261b6b1dd" prot="public" static="no" mutable="no">
        <type>const <ref refid="structrange__t" kindref="compound">range_t</ref> *</type>
        <definition>const range_t* range_item_iterator_t::rptr</definition>
        <argsstring></argsstring>
        <name>rptr</name>
        <briefdescription>
        </briefdescription>
        <detaileddescription>
        </detaileddescription>
        <inbodydescription>
        </inbodydescription>
        <location file="obj/x64_linux_gcc_32_opt/3/idasdk/hexrays.hpp" line="4339" column="1" bodyfile="obj/x64_linux_gcc_32_opt/3/idasdk/hexrays.hpp" bodystart="4339" bodyend="-1"/>
      </memberdef>
      <memberdef kind="variable" id="structrange__item__iterator__t_1a1bbb4e946776c9118e15d8668059d576" prot="public" static="no" mutable="no">
        <type>ea_t</type>
        <definition>ea_t range_item_iterator_t::cur</definition>
        <argsstring></argsstring>
        <name>cur</name>
        <briefdescription>
        </briefdescription>
        <detaileddescription>
        </detaileddescription>
        <inbodydescription>
        </inbodydescription>
        <location file="obj/x64_linux_gcc_32_opt/3/idasdk/hexrays.hpp" line="4340" column="1" bodyfile="obj/x64_linux_gcc_32_opt/3/idasdk/hexrays.hpp" bodystart="4340" bodyend="-1"/>
      </memberdef>
      </sectiondef>
      <sectiondef kind="public-func">
      <memberdef kind="function" id="structrange__item__iterator__t_1aa0640833ca0696bbe084b1d3ebcdfa4a" prot="public" static="no" const="no" explicit="no" inline="yes" virt="non-virtual">
        <type></type>
        <definition>range_item_iterator_t::range_item_iterator_t</definition>
        <argsstring>(void)</argsstring>
        <name>range_item_iterator_t</name>
        <param>
          <type>void</type>
        </param>
        <briefdescription>
        </briefdescription>
        <detaileddescription>
        </detaileddescription>
        <inbodydescription>
        </inbodydescription>
        <location file="obj/x64_linux_gcc_32_opt/3/idasdk/hexrays.hpp" line="4341" column="1" bodyfile="obj/x64_linux_gcc_32_opt/3/idasdk/hexrays.hpp" bodystart="4341" bodyend="4341"/>
      </memberdef>
      <memberdef kind="function" id="structrange__item__iterator__t_1a7c2d8d719184634241e15dec5a8b7df1" prot="public" static="no" const="no" explicit="no" inline="no" virt="non-virtual">
        <type>bool</type>
        <definition>bool range_item_iterator_t::set</definition>
        <argsstring>(const rangevec_t &amp;r)</argsstring>
        <name>set</name>
        <param>
          <type>const <ref refid="structrangevec__t" kindref="compound">rangevec_t</ref> &amp;</type>
          <declname>r</declname>
        </param>
        <briefdescription>
        </briefdescription>
        <detaileddescription>
        </detaileddescription>
        <inbodydescription>
        </inbodydescription>
        <location file="obj/x64_linux_gcc_32_opt/3/idasdk/hexrays.hpp" line="4342" column="1"/>
      </memberdef>
      <memberdef kind="function" id="structrange__item__iterator__t_1a6b0dd71228a638b6503bee7b21f7db23" prot="public" static="no" const="no" explicit="no" inline="no" virt="non-virtual">
        <type>bool</type>
        <definition>bool range_item_iterator_t::next_code</definition>
        <argsstring>(void)</argsstring>
        <name>next_code</name>
        <param>
          <type>void</type>
        </param>
        <briefdescription>
        </briefdescription>
        <detaileddescription>
        </detaileddescription>
        <inbodydescription>
        </inbodydescription>
        <location file="obj/x64_linux_gcc_32_opt/3/idasdk/hexrays.hpp" line="4343" column="1"/>
      </memberdef>
      <memberdef kind="function" id="structrange__item__iterator__t_1af996a7891f235fbad01f598bc035bf9d" prot="public" static="no" const="yes" explicit="no" inline="yes" virt="non-virtual">
        <type>ea_t</type>
        <definition>ea_t range_item_iterator_t::current</definition>
        <argsstring>(void) const</argsstring>
        <name>current</name>
        <param>
          <type>void</type>
        </param>
        <briefdescription>
        </briefdescription>
        <detaileddescription>
        </detaileddescription>
        <inbodydescription>
        </inbodydescription>
        <location file="obj/x64_linux_gcc_32_opt/3/idasdk/hexrays.hpp" line="4344" column="1" bodyfile="obj/x64_linux_gcc_32_opt/3/idasdk/hexrays.hpp" bodystart="4344" bodyend="4344"/>
      </memberdef>
      </sectiondef>
    <briefdescription>
<para>Item iterator of arbitrary rangevec items. </para>
    </briefdescription>
    <detaileddescription>
    </detaileddescription>
    <collaborationgraph>
      <node id="3252">
        <label>rangevec_base_t</label>
        <link refid="classqvector"/>
      </node>
      <node id="3249">
        <label>range_item_iterator_t</label>
        <link refid="structrange__item__iterator__t"/>
        <childnode refid="3250" relation="usage">
          <edgelabel>rptr</edgelabel>
        </childnode>
        <childnode refid="3251" relation="usage">
          <edgelabel>ranges</edgelabel>
        </childnode>
      </node>
      <node id="3250">
        <label>range_t</label>
        <link refid="structrange__t"/>
      </node>
      <node id="3251">
        <label>rangevec_t</label>
        <link refid="structrangevec__t"/>
        <childnode refid="3252" relation="public-inheritance">
        </childnode>
      </node>
    </collaborationgraph>
    <location file="obj/x64_linux_gcc_32_opt/3/idasdk/hexrays.hpp" line="4337" column="1" bodyfile="obj/x64_linux_gcc_32_opt/3/idasdk/hexrays.hpp" bodystart="4336" bodyend="4345"/>
    <listofallmembers>
      <member refid="structrange__item__iterator__t_1a1bbb4e946776c9118e15d8668059d576" prot="public" virt="non-virtual"><scope>range_item_iterator_t</scope><name>cur</name></member>
      <member refid="structrange__item__iterator__t_1af996a7891f235fbad01f598bc035bf9d" prot="public" virt="non-virtual"><scope>range_item_iterator_t</scope><name>current</name></member>
      <member refid="structrange__item__iterator__t_1a6b0dd71228a638b6503bee7b21f7db23" prot="public" virt="non-virtual"><scope>range_item_iterator_t</scope><name>next_code</name></member>
      <member refid="structrange__item__iterator__t_1aa0640833ca0696bbe084b1d3ebcdfa4a" prot="public" virt="non-virtual"><scope>range_item_iterator_t</scope><name>range_item_iterator_t</name></member>
      <member refid="structrange__item__iterator__t_1a29988f2c10d1c239e7758d839a59ce9f" prot="public" virt="non-virtual"><scope>range_item_iterator_t</scope><name>ranges</name></member>
      <member refid="structrange__item__iterator__t_1af2d01c46903def14977135b261b6b1dd" prot="public" virt="non-virtual"><scope>range_item_iterator_t</scope><name>rptr</name></member>
      <member refid="structrange__item__iterator__t_1a7c2d8d719184634241e15dec5a8b7df1" prot="public" virt="non-virtual"><scope>range_item_iterator_t</scope><name>set</name></member>
    </listofallmembers>
  </compounddef>
</doxygen>
