<?xml version='1.0' encoding='UTF-8' standalone='no'?>
<doxygen xmlns:xsi="http://www.w3.org/2001/XMLSchema-instance" xsi:noNamespaceSchemaLocation="compound.xsd" version="1.9.3" xml:lang="en-US">
  <compounddef id="structclient__handlers__list__t" kind="struct" language="C++" prot="public">
    <compoundname>client_handlers_list_t</compoundname>
    <derivedcompoundref refid="structmt__client__handlers__list__t" prot="public" virt="non-virtual">mt_client_handlers_list_t</derivedcompoundref>
      <sectiondef kind="public-type">
      <memberdef kind="typedef" id="structclient__handlers__list__t_1a2e3e07a506fcfc16450f93a7879f21e1" prot="public" static="no">
        <type>std::map&lt; <ref refid="structnetwork__client__handler__t" kindref="compound">network_client_handler_t</ref> *, qthread_t &gt;</type>
        <definition>typedef std::map&lt;network_client_handler_t *, qthread_t&gt; client_handlers_list_t::storage_t</definition>
        <argsstring></argsstring>
        <name>storage_t</name>
        <qualifiedname>client_handlers_list_t::storage_t</qualifiedname>
        <briefdescription>
        </briefdescription>
        <detaileddescription>
        </detaileddescription>
        <inbodydescription>
        </inbodydescription>
        <location file="obj/x64_linux_gcc_32_opt/idasdk/network.hpp" line="303" column="20" bodyfile="obj/x64_linux_gcc_32_opt/idasdk/network.hpp" bodystart="303" bodyend="-1"/>
      </memberdef>
      </sectiondef>
      <sectiondef kind="public-attrib">
      <memberdef kind="variable" id="structclient__handlers__list__t_1a5987822d2b2e5124d05dc64e0a1ba57e" prot="public" static="no" mutable="no">
        <type>storage_t</type>
        <definition>storage_t client_handlers_list_t::storage</definition>
        <argsstring></argsstring>
        <name>storage</name>
        <qualifiedname>client_handlers_list_t::storage</qualifiedname>
        <briefdescription>
        </briefdescription>
        <detaileddescription>
        </detaileddescription>
        <inbodydescription>
        </inbodydescription>
        <location file="obj/x64_linux_gcc_32_opt/idasdk/network.hpp" line="304" column="13" bodyfile="obj/x64_linux_gcc_32_opt/idasdk/network.hpp" bodystart="304" bodyend="-1"/>
      </memberdef>
      </sectiondef>
      <sectiondef kind="public-func">
      <memberdef kind="function" id="structclient__handlers__list__t_1a8e7d59bb90a235b4d02e36614e3ab54e" prot="public" static="no" const="no" explicit="no" inline="yes" virt="virtual">
        <type></type>
        <definition>virtual client_handlers_list_t::~client_handlers_list_t</definition>
        <argsstring>()</argsstring>
        <name>~client_handlers_list_t</name>
        <qualifiedname>client_handlers_list_t::~client_handlers_list_t</qualifiedname>
        <briefdescription>
        </briefdescription>
        <detaileddescription>
        </detaileddescription>
        <inbodydescription>
        </inbodydescription>
        <location file="obj/x64_linux_gcc_32_opt/idasdk/network.hpp" line="306" column="11" bodyfile="obj/x64_linux_gcc_32_opt/idasdk/network.hpp" bodystart="306" bodyend="306"/>
      </memberdef>
      <memberdef kind="function" id="structclient__handlers__list__t_1a10cea54f14d86ac68f8a6315ee42c1ce" prot="public" static="no" const="no" explicit="no" inline="yes" virt="virtual">
        <type>void</type>
        <definition>virtual void client_handlers_list_t::lock</definition>
        <argsstring>()</argsstring>
        <name>lock</name>
        <qualifiedname>client_handlers_list_t::lock</qualifiedname>
        <reimplementedby refid="structmt__client__handlers__list__t_1ad3df85486a54a9b7d2637ea79d7a6103">lock</reimplementedby>
        <briefdescription>
        </briefdescription>
        <detaileddescription>
        </detaileddescription>
        <inbodydescription>
        </inbodydescription>
        <location file="obj/x64_linux_gcc_32_opt/idasdk/network.hpp" line="307" column="16" bodyfile="obj/x64_linux_gcc_32_opt/idasdk/network.hpp" bodystart="307" bodyend="307"/>
      </memberdef>
      <memberdef kind="function" id="structclient__handlers__list__t_1a89d3dadc167276dfb688f4fbf0157702" prot="public" static="no" const="no" explicit="no" inline="yes" virt="virtual">
        <type>void</type>
        <definition>virtual void client_handlers_list_t::unlock</definition>
        <argsstring>()</argsstring>
        <name>unlock</name>
        <qualifiedname>client_handlers_list_t::unlock</qualifiedname>
        <reimplementedby refid="structmt__client__handlers__list__t_1a1df66bb21bb96ddad9497313b5ac5c40">unlock</reimplementedby>
        <briefdescription>
        </briefdescription>
        <detaileddescription>
        </detaileddescription>
        <inbodydescription>
        </inbodydescription>
        <location file="obj/x64_linux_gcc_32_opt/idasdk/network.hpp" line="308" column="16" bodyfile="obj/x64_linux_gcc_32_opt/idasdk/network.hpp" bodystart="308" bodyend="308"/>
      </memberdef>
      <memberdef kind="function" id="structclient__handlers__list__t_1a8fa5e235aea520afdd30ae5655116836" prot="public" static="no" const="yes" explicit="no" inline="yes" virt="virtual">
        <type>bool</type>
        <definition>virtual bool client_handlers_list_t::is_multi_threaded</definition>
        <argsstring>() const</argsstring>
        <name>is_multi_threaded</name>
        <qualifiedname>client_handlers_list_t::is_multi_threaded</qualifiedname>
        <reimplementedby refid="structmt__client__handlers__list__t_1a321dfb932343b3a4200cba720d22de9d">is_multi_threaded</reimplementedby>
        <briefdescription>
        </briefdescription>
        <detaileddescription>
        </detaileddescription>
        <inbodydescription>
        </inbodydescription>
        <location file="obj/x64_linux_gcc_32_opt/idasdk/network.hpp" line="309" column="16" bodyfile="obj/x64_linux_gcc_32_opt/idasdk/network.hpp" bodystart="309" bodyend="309"/>
      </memberdef>
      </sectiondef>
    <briefdescription>
    </briefdescription>
    <detaileddescription>
    </detaileddescription>
    <inheritancegraph>
      <node id="1">
        <label>client_handlers_list_t</label>
        <link refid="structclient__handlers__list__t"/>
      </node>
      <node id="2">
        <label>mt_client_handlers_list_t</label>
        <link refid="structmt__client__handlers__list__t"/>
        <childnode refid="1" relation="public-inheritance">
        </childnode>
      </node>
    </inheritancegraph>
    <location file="obj/x64_linux_gcc_32_opt/idasdk/network.hpp" line="301" column="1" bodyfile="obj/x64_linux_gcc_32_opt/idasdk/network.hpp" bodystart="302" bodyend="310"/>
    <listofallmembers>
      <member refid="structclient__handlers__list__t_1a8fa5e235aea520afdd30ae5655116836" prot="public" virt="virtual"><scope>client_handlers_list_t</scope><name>is_multi_threaded</name></member>
      <member refid="structclient__handlers__list__t_1a10cea54f14d86ac68f8a6315ee42c1ce" prot="public" virt="virtual"><scope>client_handlers_list_t</scope><name>lock</name></member>
      <member refid="structclient__handlers__list__t_1a5987822d2b2e5124d05dc64e0a1ba57e" prot="public" virt="non-virtual"><scope>client_handlers_list_t</scope><name>storage</name></member>
      <member refid="structclient__handlers__list__t_1a2e3e07a506fcfc16450f93a7879f21e1" prot="public" virt="non-virtual"><scope>client_handlers_list_t</scope><name>storage_t</name></member>
      <member refid="structclient__handlers__list__t_1a89d3dadc167276dfb688f4fbf0157702" prot="public" virt="virtual"><scope>client_handlers_list_t</scope><name>unlock</name></member>
      <member refid="structclient__handlers__list__t_1a8e7d59bb90a235b4d02e36614e3ab54e" prot="public" virt="virtual"><scope>client_handlers_list_t</scope><name>~client_handlers_list_t</name></member>
    </listofallmembers>
  </compounddef>
</doxygen>
