<?xml version='1.0' encoding='UTF-8' standalone='no'?>
<doxygen xmlns:xsi="http://www.w3.org/2001/XMLSchema-instance" xsi:noNamespaceSchemaLocation="compound.xsd" version="1.9.3" xml:lang="en-US">
  <compounddef id="structinsn__ops__repr__t" kind="struct" language="C++" prot="public">
    <compoundname>insn_ops_repr_t</compoundname>
    <basecompoundref refid="structinsn__site__t" prot="public" virt="non-virtual">insn_site_t</basecompoundref>
      <sectiondef kind="public-attrib">
      <memberdef kind="variable" id="structinsn__ops__repr__t_1a35d9c72bd1a6bdaf3d0999c03089543f" prot="public" static="no" mutable="no">
        <type><ref refid="pro_8h_1aa0929693b8649ee524795605e66a6533" kindref="member">flags64_t</ref></type>
        <definition>flags64_t insn_ops_repr_t::flags</definition>
        <argsstring></argsstring>
        <name>flags</name>
        <qualifiedname>insn_ops_repr_t::flags</qualifiedname>
        <briefdescription>
        </briefdescription>
        <detaileddescription>
        </detaileddescription>
        <inbodydescription>
        </inbodydescription>
        <location file="obj/x64_linux_gcc_32_opt/idasdk/lumina.hpp" line="201" column="13" bodyfile="obj/x64_linux_gcc_32_opt/idasdk/lumina.hpp" bodystart="201" bodyend="-1"/>
      </memberdef>
      <memberdef kind="variable" id="structinsn__ops__repr__t_1ab08035805365bb8c8ab3dcfdc68e56f0" prot="public" static="no" mutable="no">
        <type><ref refid="unionopinfo__t" kindref="compound">opinfo_t</ref></type>
        <definition>opinfo_t insn_ops_repr_t::op0</definition>
        <argsstring></argsstring>
        <name>op0</name>
        <qualifiedname>insn_ops_repr_t::op0</qualifiedname>
        <briefdescription>
        </briefdescription>
        <detaileddescription>
        </detaileddescription>
        <inbodydescription>
        </inbodydescription>
        <location file="obj/x64_linux_gcc_32_opt/idasdk/lumina.hpp" line="202" column="12" bodyfile="obj/x64_linux_gcc_32_opt/idasdk/lumina.hpp" bodystart="202" bodyend="-1"/>
      </memberdef>
      <memberdef kind="variable" id="structinsn__ops__repr__t_1ac295d6b5ecfa725ce256b8a1b4d27e2d" prot="public" static="no" mutable="no">
        <type><ref refid="unionopinfo__t" kindref="compound">opinfo_t</ref></type>
        <definition>opinfo_t insn_ops_repr_t::op1</definition>
        <argsstring></argsstring>
        <name>op1</name>
        <qualifiedname>insn_ops_repr_t::op1</qualifiedname>
        <briefdescription>
        </briefdescription>
        <detaileddescription>
        </detaileddescription>
        <inbodydescription>
        </inbodydescription>
        <location file="obj/x64_linux_gcc_32_opt/idasdk/lumina.hpp" line="203" column="12" bodyfile="obj/x64_linux_gcc_32_opt/idasdk/lumina.hpp" bodystart="203" bodyend="-1"/>
      </memberdef>
      </sectiondef>
      <sectiondef kind="public-func">
      <memberdef kind="function" id="structinsn__ops__repr__t_1aebdd47893fdfb70b84fef301819c21b8" prot="public" static="no" const="no" explicit="no" inline="yes" virt="non-virtual">
        <type></type>
        <definition>insn_ops_repr_t::insn_ops_repr_t</definition>
        <argsstring>()</argsstring>
        <name>insn_ops_repr_t</name>
        <qualifiedname>insn_ops_repr_t::insn_ops_repr_t</qualifiedname>
        <briefdescription>
        </briefdescription>
        <detaileddescription>
        </detaileddescription>
        <inbodydescription>
        </inbodydescription>
        <location file="obj/x64_linux_gcc_32_opt/idasdk/lumina.hpp" line="199" column="3" bodyfile="obj/x64_linux_gcc_32_opt/idasdk/lumina.hpp" bodystart="199" bodyend="199"/>
      </memberdef>
      </sectiondef>
    <briefdescription>
    </briefdescription>
    <detaileddescription>
    </detaileddescription>
    <inheritancegraph>
      <node id="1">
        <label>insn_ops_repr_t</label>
        <link refid="structinsn__ops__repr__t"/>
        <childnode refid="2" relation="public-inheritance">
        </childnode>
      </node>
      <node id="2">
        <label>insn_site_t</label>
        <link refid="structinsn__site__t"/>
      </node>
    </inheritancegraph>
    <collaborationgraph>
      <node id="7">
        <label>custom_data_type_ids_t</label>
        <link refid="structcustom__data__type__ids__t"/>
      </node>
      <node id="6">
        <label>enum_const_t</label>
        <link refid="structenum__const__t"/>
      </node>
      <node id="1">
        <label>insn_ops_repr_t</label>
        <link refid="structinsn__ops__repr__t"/>
        <childnode refid="2" relation="public-inheritance">
        </childnode>
        <childnode refid="3" relation="usage">
          <edgelabel>op0</edgelabel>
          <edgelabel>op1</edgelabel>
        </childnode>
      </node>
      <node id="2">
        <label>insn_site_t</label>
        <link refid="structinsn__site__t"/>
      </node>
      <node id="3">
        <label>opinfo_t</label>
        <link refid="unionopinfo__t"/>
        <childnode refid="4" relation="usage">
          <edgelabel>ri</edgelabel>
        </childnode>
        <childnode refid="5" relation="usage">
          <edgelabel>path</edgelabel>
        </childnode>
        <childnode refid="6" relation="usage">
          <edgelabel>ec</edgelabel>
        </childnode>
        <childnode refid="7" relation="usage">
          <edgelabel>cd</edgelabel>
        </childnode>
      </node>
      <node id="4">
        <label>refinfo_t</label>
        <link refid="structrefinfo__t"/>
      </node>
      <node id="5">
        <label>strpath_t</label>
        <link refid="structstrpath__t"/>
      </node>
    </collaborationgraph>
    <location file="obj/x64_linux_gcc_32_opt/idasdk/lumina.hpp" line="197" column="1" bodyfile="obj/x64_linux_gcc_32_opt/idasdk/lumina.hpp" bodystart="198" bodyend="204"/>
    <listofallmembers>
      <member refid="structinsn__site__t_1a7c4bfdc0c62de9e8a5e5d3ecf46aff3c" prot="public" virt="non-virtual"><scope>insn_ops_repr_t</scope><name>fchunk_nr</name></member>
      <member refid="structinsn__site__t_1a280efb59e1660a48d675bffe09b7bd0c" prot="public" virt="non-virtual"><scope>insn_ops_repr_t</scope><name>fchunk_off</name></member>
      <member refid="structinsn__ops__repr__t_1a35d9c72bd1a6bdaf3d0999c03089543f" prot="public" virt="non-virtual"><scope>insn_ops_repr_t</scope><name>flags</name></member>
      <member refid="structinsn__ops__repr__t_1aebdd47893fdfb70b84fef301819c21b8" prot="public" virt="non-virtual"><scope>insn_ops_repr_t</scope><name>insn_ops_repr_t</name></member>
      <member refid="structinsn__ops__repr__t_1ab08035805365bb8c8ab3dcfdc68e56f0" prot="public" virt="non-virtual"><scope>insn_ops_repr_t</scope><name>op0</name></member>
      <member refid="structinsn__ops__repr__t_1ac295d6b5ecfa725ce256b8a1b4d27e2d" prot="public" virt="non-virtual"><scope>insn_ops_repr_t</scope><name>op1</name></member>
      <member refid="structinsn__site__t_1aa0904e9348ff33b62efbaeb71e5e43d1" prot="public" virt="non-virtual"><scope>insn_ops_repr_t</scope><name>toea</name></member>
    </listofallmembers>
  </compounddef>
</doxygen>
