<?xml version='1.0' encoding='UTF-8' standalone='no'?>
<doxygen xmlns:xsi="http://www.w3.org/2001/XMLSchema-instance" xsi:noNamespaceSchemaLocation="compound.xsd" version="1.9.3" xml:lang="en-US">
  <compounddef id="structedge__segment__t" kind="struct" language="C++" prot="public">
    <compoundname>edge_segment_t</compoundname>
    <includes refid="graph_8hpp" local="no">graph.hpp</includes>
      <sectiondef kind="public-attrib">
      <memberdef kind="variable" id="structedge__segment__t_1a0807da19ac187fb25788601b0c78cffa" prot="public" static="no" mutable="no">
        <type><ref refid="structedge__t" kindref="compound">edge_t</ref></type>
        <definition>edge_t edge_segment_t::e</definition>
        <argsstring></argsstring>
        <name>e</name>
        <qualifiedname>edge_segment_t::e</qualifiedname>
        <briefdescription>
        </briefdescription>
        <detaileddescription>
        </detaileddescription>
        <inbodydescription>
        </inbodydescription>
        <location file="obj/x64_linux_gcc_64_opt/idasdk/graph.hpp" line="491" column="10" bodyfile="obj/x64_linux_gcc_64_opt/idasdk/graph.hpp" bodystart="491" bodyend="-1"/>
      </memberdef>
      <memberdef kind="variable" id="structedge__segment__t_1a5d2f3ec49431aee098e0699d561a6f81" prot="public" static="no" mutable="no">
        <type>int</type>
        <definition>int edge_segment_t::nseg</definition>
        <argsstring></argsstring>
        <name>nseg</name>
        <qualifiedname>edge_segment_t::nseg</qualifiedname>
        <briefdescription>
        </briefdescription>
        <detaileddescription>
        </detaileddescription>
        <inbodydescription>
        </inbodydescription>
        <location file="obj/x64_linux_gcc_64_opt/idasdk/graph.hpp" line="492" column="7" bodyfile="obj/x64_linux_gcc_64_opt/idasdk/graph.hpp" bodystart="492" bodyend="-1"/>
      </memberdef>
      <memberdef kind="variable" id="structedge__segment__t_1aebeb40068968a87d953859d7ef85290f" prot="public" static="no" mutable="no">
        <type>int</type>
        <definition>int edge_segment_t::x0</definition>
        <argsstring></argsstring>
        <name>x0</name>
        <qualifiedname>edge_segment_t::x0</qualifiedname>
        <briefdescription>
        </briefdescription>
        <detaileddescription>
        </detaileddescription>
        <inbodydescription>
        </inbodydescription>
        <location file="obj/x64_linux_gcc_64_opt/idasdk/graph.hpp" line="493" column="7" bodyfile="obj/x64_linux_gcc_64_opt/idasdk/graph.hpp" bodystart="493" bodyend="-1"/>
      </memberdef>
      <memberdef kind="variable" id="structedge__segment__t_1aa0df36fcca47bf763c1d9a0addefe32a" prot="public" static="no" mutable="no">
        <type>int</type>
        <definition>int edge_segment_t::x1</definition>
        <argsstring></argsstring>
        <name>x1</name>
        <qualifiedname>edge_segment_t::x1</qualifiedname>
        <briefdescription>
        </briefdescription>
        <detaileddescription>
        </detaileddescription>
        <inbodydescription>
        </inbodydescription>
        <location file="obj/x64_linux_gcc_64_opt/idasdk/graph.hpp" line="493" column="10" bodyfile="obj/x64_linux_gcc_64_opt/idasdk/graph.hpp" bodystart="493" bodyend="-1"/>
      </memberdef>
      </sectiondef>
      <sectiondef kind="public-func">
      <memberdef kind="function" id="structedge__segment__t_1a6da2464301d7bb773692bade94c7be94" prot="public" static="no" const="yes" explicit="no" inline="yes" virt="non-virtual">
        <type>size_t idaapi</type>
        <definition>size_t idaapi edge_segment_t::length</definition>
        <argsstring>() const</argsstring>
        <name>length</name>
        <qualifiedname>edge_segment_t::length</qualifiedname>
        <briefdescription>
        </briefdescription>
        <detaileddescription>
        </detaileddescription>
        <inbodydescription>
        </inbodydescription>
        <location file="obj/x64_linux_gcc_64_opt/idasdk/graph.hpp" line="494" column="17" bodyfile="obj/x64_linux_gcc_64_opt/idasdk/graph.hpp" bodystart="494" bodyend="494"/>
      </memberdef>
      <memberdef kind="function" id="structedge__segment__t_1a21352b8a22fa8facdd02713d5a2cba71" prot="public" static="no" const="yes" explicit="no" inline="yes" virt="non-virtual">
        <type>bool idaapi</type>
        <definition>bool idaapi edge_segment_t::toright</definition>
        <argsstring>() const</argsstring>
        <name>toright</name>
        <qualifiedname>edge_segment_t::toright</qualifiedname>
        <briefdescription>
        </briefdescription>
        <detaileddescription>
        </detaileddescription>
        <inbodydescription>
        </inbodydescription>
        <location file="obj/x64_linux_gcc_64_opt/idasdk/graph.hpp" line="495" column="15" bodyfile="obj/x64_linux_gcc_64_opt/idasdk/graph.hpp" bodystart="495" bodyend="495"/>
      </memberdef>
      <memberdef kind="function" id="structedge__segment__t_1aa6cf681ae7653a2f871c8563cd0e9e4c" prot="public" static="no" const="yes" explicit="no" inline="yes" virt="non-virtual">
        <type>bool idaapi</type>
        <definition>bool idaapi edge_segment_t::operator&lt;</definition>
        <argsstring>(const edge_segment_t &amp;r) const</argsstring>
        <name>operator&lt;</name>
        <qualifiedname>edge_segment_t::operator&lt;</qualifiedname>
        <param>
          <type>const <ref refid="structedge__segment__t" kindref="compound">edge_segment_t</ref> &amp;</type>
          <declname>r</declname>
        </param>
        <briefdescription>
        </briefdescription>
        <detaileddescription>
        </detaileddescription>
        <inbodydescription>
        </inbodydescription>
        <location file="obj/x64_linux_gcc_64_opt/idasdk/graph.hpp" line="496" column="8" bodyfile="obj/x64_linux_gcc_64_opt/idasdk/graph.hpp" bodystart="496" bodyend="507"/>
      </memberdef>
      </sectiondef>
    <briefdescription>
<para>Sub-segment of a graph edge. </para>
    </briefdescription>
    <detaileddescription>
    </detaileddescription>
    <collaborationgraph>
      <node id="1">
        <label>edge_segment_t</label>
        <link refid="structedge__segment__t"/>
        <childnode refid="2" relation="usage">
          <edgelabel>e</edgelabel>
        </childnode>
      </node>
      <node id="2">
        <label>edge_t</label>
        <link refid="structedge__t"/>
      </node>
    </collaborationgraph>
    <location file="obj/x64_linux_gcc_64_opt/idasdk/graph.hpp" line="489" column="1" bodyfile="obj/x64_linux_gcc_64_opt/idasdk/graph.hpp" bodystart="490" bodyend="508"/>
    <listofallmembers>
      <member refid="structedge__segment__t_1a0807da19ac187fb25788601b0c78cffa" prot="public" virt="non-virtual"><scope>edge_segment_t</scope><name>e</name></member>
      <member refid="structedge__segment__t_1a6da2464301d7bb773692bade94c7be94" prot="public" virt="non-virtual"><scope>edge_segment_t</scope><name>length</name></member>
      <member refid="structedge__segment__t_1a5d2f3ec49431aee098e0699d561a6f81" prot="public" virt="non-virtual"><scope>edge_segment_t</scope><name>nseg</name></member>
      <member refid="structedge__segment__t_1aa6cf681ae7653a2f871c8563cd0e9e4c" prot="public" virt="non-virtual"><scope>edge_segment_t</scope><name>operator&lt;</name></member>
      <member refid="structedge__segment__t_1a21352b8a22fa8facdd02713d5a2cba71" prot="public" virt="non-virtual"><scope>edge_segment_t</scope><name>toright</name></member>
      <member refid="structedge__segment__t_1aebeb40068968a87d953859d7ef85290f" prot="public" virt="non-virtual"><scope>edge_segment_t</scope><name>x0</name></member>
      <member refid="structedge__segment__t_1aa0df36fcca47bf763c1d9a0addefe32a" prot="public" virt="non-virtual"><scope>edge_segment_t</scope><name>x1</name></member>
    </listofallmembers>
  </compounddef>
</doxygen>
