<?xml version='1.0' encoding='UTF-8' standalone='no'?>
<doxygen xmlns:xsi="http://www.w3.org/2001/XMLSchema-instance" xsi:noNamespaceSchemaLocation="compound.xsd" version="1.9.3" xml:lang="en-US">
  <compounddef id="structedge__t" kind="struct" language="C++" prot="public">
    <compoundname>edge_t</compoundname>
    <includes refid="graph_8hpp" local="no">graph.hpp</includes>
      <sectiondef kind="public-attrib">
      <memberdef kind="variable" id="structedge__t_1ad3fbc02038512de616fd225f8befc1bb" prot="public" static="no" mutable="no">
        <type>int</type>
        <definition>int edge_t::src</definition>
        <argsstring></argsstring>
        <name>src</name>
        <qualifiedname>edge_t::src</qualifiedname>
        <briefdescription>
<para>source node number </para>
        </briefdescription>
        <detaileddescription>
        </detaileddescription>
        <inbodydescription>
        </inbodydescription>
        <location file="obj/x64_linux_gcc_32_opt/3/idasdk/graph.hpp" line="229" column="7" bodyfile="obj/x64_linux_gcc_32_opt/3/idasdk/graph.hpp" bodystart="229" bodyend="-1"/>
      </memberdef>
      <memberdef kind="variable" id="structedge__t_1ab27b8d9564a8fa25de6f41248e135ddf" prot="public" static="no" mutable="no">
        <type>int</type>
        <definition>int edge_t::dst</definition>
        <argsstring></argsstring>
        <name>dst</name>
        <qualifiedname>edge_t::dst</qualifiedname>
        <briefdescription>
<para>destination node number </para>
        </briefdescription>
        <detaileddescription>
        </detaileddescription>
        <inbodydescription>
        </inbodydescription>
        <location file="obj/x64_linux_gcc_32_opt/3/idasdk/graph.hpp" line="230" column="7" bodyfile="obj/x64_linux_gcc_32_opt/3/idasdk/graph.hpp" bodystart="230" bodyend="-1"/>
      </memberdef>
      </sectiondef>
      <sectiondef kind="public-func">
      <memberdef kind="function" id="structedge__t_1a9ea5e09af38d1d713a0fc752cdef509e" prot="public" static="no" const="no" explicit="no" inline="yes" virt="non-virtual">
        <type>idaapi</type>
        <definition>idaapi edge_t::edge_t</definition>
        <argsstring>(void)</argsstring>
        <name>edge_t</name>
        <qualifiedname>edge_t::edge_t</qualifiedname>
        <param>
          <type>void</type>
        </param>
        <briefdescription>
        </briefdescription>
        <detaileddescription>
        </detaileddescription>
        <inbodydescription>
        </inbodydescription>
        <location file="obj/x64_linux_gcc_32_opt/3/idasdk/graph.hpp" line="231" column="10" bodyfile="obj/x64_linux_gcc_32_opt/3/idasdk/graph.hpp" bodystart="231" bodyend="231"/>
      </memberdef>
      <memberdef kind="function" id="structedge__t_1a1bd99dcefe92c184d5cb3c9b1379f4aa" prot="public" static="no" const="no" explicit="no" inline="yes" virt="non-virtual">
        <type>idaapi</type>
        <definition>idaapi edge_t::edge_t</definition>
        <argsstring>(int x, int y)</argsstring>
        <name>edge_t</name>
        <qualifiedname>edge_t::edge_t</qualifiedname>
        <param>
          <type>int</type>
          <declname>x</declname>
        </param>
        <param>
          <type>int</type>
          <declname>y</declname>
        </param>
        <briefdescription>
        </briefdescription>
        <detaileddescription>
        </detaileddescription>
        <inbodydescription>
        </inbodydescription>
        <location file="obj/x64_linux_gcc_32_opt/3/idasdk/graph.hpp" line="232" column="10" bodyfile="obj/x64_linux_gcc_32_opt/3/idasdk/graph.hpp" bodystart="232" bodyend="232"/>
      </memberdef>
      <memberdef kind="function" id="structedge__t_1a266f22a0cfd2836fca441b585f54dc6d" prot="public" static="no" const="yes" explicit="no" inline="yes" virt="non-virtual">
        <type>bool idaapi</type>
        <definition>bool idaapi edge_t::operator&lt;</definition>
        <argsstring>(const edge_t &amp;y) const</argsstring>
        <name>operator&lt;</name>
        <qualifiedname>edge_t::operator&lt;</qualifiedname>
        <param>
          <type>const <ref refid="structedge__t" kindref="compound">edge_t</ref> &amp;</type>
          <declname>y</declname>
        </param>
        <briefdescription>
        </briefdescription>
        <detaileddescription>
        </detaileddescription>
        <inbodydescription>
        </inbodydescription>
        <location file="obj/x64_linux_gcc_32_opt/3/idasdk/graph.hpp" line="233" column="8" bodyfile="obj/x64_linux_gcc_32_opt/3/idasdk/graph.hpp" bodystart="233" bodyend="234"/>
      </memberdef>
      <memberdef kind="function" id="structedge__t_1ac6c0a424923196634d6c8fe75c09e940" prot="public" static="no" const="yes" explicit="no" inline="yes" virt="non-virtual">
        <type>bool idaapi</type>
        <definition>bool idaapi edge_t::operator==</definition>
        <argsstring>(const edge_t &amp;y) const</argsstring>
        <name>operator==</name>
        <qualifiedname>edge_t::operator==</qualifiedname>
        <param>
          <type>const <ref refid="structedge__t" kindref="compound">edge_t</ref> &amp;</type>
          <declname>y</declname>
        </param>
        <briefdescription>
        </briefdescription>
        <detaileddescription>
        </detaileddescription>
        <inbodydescription>
        </inbodydescription>
        <location file="obj/x64_linux_gcc_32_opt/3/idasdk/graph.hpp" line="235" column="15" bodyfile="obj/x64_linux_gcc_32_opt/3/idasdk/graph.hpp" bodystart="235" bodyend="236"/>
      </memberdef>
      <memberdef kind="function" id="structedge__t_1a8b0a41fe44fc8d247fb85b4a88be1d3a" prot="public" static="no" const="yes" explicit="no" inline="yes" virt="non-virtual">
        <type>bool idaapi</type>
        <definition>bool idaapi edge_t::operator!=</definition>
        <argsstring>(const edge_t &amp;y) const</argsstring>
        <name>operator!=</name>
        <qualifiedname>edge_t::operator!=</qualifiedname>
        <param>
          <type>const <ref refid="structedge__t" kindref="compound">edge_t</ref> &amp;</type>
          <declname>y</declname>
        </param>
        <briefdescription>
        </briefdescription>
        <detaileddescription>
        </detaileddescription>
        <inbodydescription>
        </inbodydescription>
        <location file="obj/x64_linux_gcc_32_opt/3/idasdk/graph.hpp" line="237" column="15" bodyfile="obj/x64_linux_gcc_32_opt/3/idasdk/graph.hpp" bodystart="237" bodyend="238"/>
      </memberdef>
      </sectiondef>
    <briefdescription>
<para>Edge connecting two graph nodes. </para>
    </briefdescription>
    <detaileddescription>
    </detaileddescription>
    <location file="obj/x64_linux_gcc_32_opt/3/idasdk/graph.hpp" line="227" column="1" bodyfile="obj/x64_linux_gcc_32_opt/3/idasdk/graph.hpp" bodystart="228" bodyend="239"/>
    <listofallmembers>
      <member refid="structedge__t_1ab27b8d9564a8fa25de6f41248e135ddf" prot="public" virt="non-virtual"><scope>edge_t</scope><name>dst</name></member>
      <member refid="structedge__t_1a9ea5e09af38d1d713a0fc752cdef509e" prot="public" virt="non-virtual"><scope>edge_t</scope><name>edge_t</name></member>
      <member refid="structedge__t_1a1bd99dcefe92c184d5cb3c9b1379f4aa" prot="public" virt="non-virtual"><scope>edge_t</scope><name>edge_t</name></member>
      <member refid="structedge__t_1a8b0a41fe44fc8d247fb85b4a88be1d3a" prot="public" virt="non-virtual"><scope>edge_t</scope><name>operator!=</name></member>
      <member refid="structedge__t_1a266f22a0cfd2836fca441b585f54dc6d" prot="public" virt="non-virtual"><scope>edge_t</scope><name>operator&lt;</name></member>
      <member refid="structedge__t_1ac6c0a424923196634d6c8fe75c09e940" prot="public" virt="non-virtual"><scope>edge_t</scope><name>operator==</name></member>
      <member refid="structedge__t_1ad3fbc02038512de616fd225f8befc1bb" prot="public" virt="non-virtual"><scope>edge_t</scope><name>src</name></member>
    </listofallmembers>
  </compounddef>
</doxygen>
