<?xml version='1.0' encoding='UTF-8' standalone='no'?>
<doxygen xmlns:xsi="http://www.w3.org/2001/XMLSchema-instance" xsi:noNamespaceSchemaLocation="compound.xsd" version="1.9.3" xml:lang="en-US">
  <compounddef id="structenum__member__t" kind="struct" language="C++" prot="public">
    <compoundname>enum_member_t</compoundname>
    <includes refid="typeinf_8hpp" local="no">typeinf.hpp</includes>
      <sectiondef kind="public-attrib">
      <memberdef kind="variable" id="structenum__member__t_1a546a72b576210ec49a9c4389eee72aed" prot="public" static="no" mutable="no">
        <type><ref refid="pro_8h_1a386c10c6aa4340f1d63df85f40454fce" kindref="member">qstring</ref></type>
        <definition>qstring enum_member_t::name</definition>
        <argsstring></argsstring>
        <name>name</name>
        <qualifiedname>enum_member_t::name</qualifiedname>
        <briefdescription>
        </briefdescription>
        <detaileddescription>
        </detaileddescription>
        <inbodydescription>
        </inbodydescription>
        <location file="obj/x64_linux_gcc_32_opt/idasdk/typeinf.hpp" line="3523" column="11" bodyfile="obj/x64_linux_gcc_32_opt/idasdk/typeinf.hpp" bodystart="3523" bodyend="-1"/>
      </memberdef>
      <memberdef kind="variable" id="structenum__member__t_1ac007e00c140d0faa25b40048243aae6a" prot="public" static="no" mutable="no">
        <type><ref refid="pro_8h_1a386c10c6aa4340f1d63df85f40454fce" kindref="member">qstring</ref></type>
        <definition>qstring enum_member_t::cmt</definition>
        <argsstring></argsstring>
        <name>cmt</name>
        <qualifiedname>enum_member_t::cmt</qualifiedname>
        <briefdescription>
        </briefdescription>
        <detaileddescription>
        </detaileddescription>
        <inbodydescription>
        </inbodydescription>
        <location file="obj/x64_linux_gcc_32_opt/idasdk/typeinf.hpp" line="3524" column="11" bodyfile="obj/x64_linux_gcc_32_opt/idasdk/typeinf.hpp" bodystart="3524" bodyend="-1"/>
      </memberdef>
      <memberdef kind="variable" id="structenum__member__t_1a5b97baec30f4b6790288c19e53fb9417" prot="public" static="no" mutable="no">
        <type>uint64</type>
        <definition>uint64 enum_member_t::value</definition>
        <argsstring></argsstring>
        <name>value</name>
        <qualifiedname>enum_member_t::value</qualifiedname>
        <briefdescription>
        </briefdescription>
        <detaileddescription>
        </detaileddescription>
        <inbodydescription>
        </inbodydescription>
        <location file="obj/x64_linux_gcc_32_opt/idasdk/typeinf.hpp" line="3525" column="10" bodyfile="obj/x64_linux_gcc_32_opt/idasdk/typeinf.hpp" bodystart="3525" bodyend="-1"/>
      </memberdef>
      </sectiondef>
      <sectiondef kind="public-func">
      <memberdef kind="function" id="structenum__member__t_1a65b36d43e82c31ca5229914b14edb41f" prot="public" static="no" const="yes" explicit="no" inline="yes" virt="non-virtual">
        <type>bool</type>
        <definition>bool enum_member_t::operator==</definition>
        <argsstring>(const enum_member_t &amp;r) const</argsstring>
        <name>operator==</name>
        <qualifiedname>enum_member_t::operator==</qualifiedname>
        <param>
          <type>const <ref refid="structenum__member__t" kindref="compound">enum_member_t</ref> &amp;</type>
          <declname>r</declname>
        </param>
        <briefdescription>
        </briefdescription>
        <detaileddescription>
        </detaileddescription>
        <inbodydescription>
        </inbodydescription>
        <location file="obj/x64_linux_gcc_32_opt/idasdk/typeinf.hpp" line="3527" column="8" bodyfile="obj/x64_linux_gcc_32_opt/idasdk/typeinf.hpp" bodystart="3527" bodyend="3532"/>
      </memberdef>
      <memberdef kind="function" id="structenum__member__t_1af1788cd5669a3b78954b40147a9456d9" prot="public" static="no" const="yes" explicit="no" inline="yes" virt="non-virtual">
        <type>bool</type>
        <definition>bool enum_member_t::operator!=</definition>
        <argsstring>(const enum_member_t &amp;r) const</argsstring>
        <name>operator!=</name>
        <qualifiedname>enum_member_t::operator!=</qualifiedname>
        <param>
          <type>const <ref refid="structenum__member__t" kindref="compound">enum_member_t</ref> &amp;</type>
          <declname>r</declname>
        </param>
        <briefdescription>
        </briefdescription>
        <detaileddescription>
        </detaileddescription>
        <inbodydescription>
        </inbodydescription>
        <location file="obj/x64_linux_gcc_32_opt/idasdk/typeinf.hpp" line="3533" column="8" bodyfile="obj/x64_linux_gcc_32_opt/idasdk/typeinf.hpp" bodystart="3533" bodyend="3533"/>
      </memberdef>
      <memberdef kind="function" id="structenum__member__t_1a2b7c563ff31c89726a927bc9f4c7a97d" prot="public" static="no" const="no" explicit="no" inline="yes" virt="non-virtual">
        <type>void</type>
        <definition>void enum_member_t::swap</definition>
        <argsstring>(enum_member_t &amp;r)</argsstring>
        <name>swap</name>
        <qualifiedname>enum_member_t::swap</qualifiedname>
        <param>
          <type><ref refid="structenum__member__t" kindref="compound">enum_member_t</ref> &amp;</type>
          <declname>r</declname>
        </param>
        <briefdescription>
        </briefdescription>
        <detaileddescription>
        </detaileddescription>
        <inbodydescription>
        </inbodydescription>
        <location file="obj/x64_linux_gcc_32_opt/idasdk/typeinf.hpp" line="3534" column="8" bodyfile="obj/x64_linux_gcc_32_opt/idasdk/typeinf.hpp" bodystart="3534" bodyend="3534"/>
      </memberdef>
      </sectiondef>
    <briefdescription>
<para>Describes an enum value. </para>
    </briefdescription>
    <detaileddescription>
    </detaileddescription>
    <collaborationgraph>
      <node id="2">
        <label>_qstring&lt; char &gt;</label>
        <link refid="class__qstring"/>
      </node>
      <node id="1">
        <label>enum_member_t</label>
        <link refid="structenum__member__t"/>
        <childnode refid="2" relation="usage">
          <edgelabel>cmt</edgelabel>
          <edgelabel>name</edgelabel>
        </childnode>
      </node>
    </collaborationgraph>
    <location file="obj/x64_linux_gcc_32_opt/idasdk/typeinf.hpp" line="3521" column="1" bodyfile="obj/x64_linux_gcc_32_opt/idasdk/typeinf.hpp" bodystart="3522" bodyend="3535"/>
    <listofallmembers>
      <member refid="structenum__member__t_1ac007e00c140d0faa25b40048243aae6a" prot="public" virt="non-virtual"><scope>enum_member_t</scope><name>cmt</name></member>
      <member refid="structenum__member__t_1a546a72b576210ec49a9c4389eee72aed" prot="public" virt="non-virtual"><scope>enum_member_t</scope><name>name</name></member>
      <member refid="structenum__member__t_1af1788cd5669a3b78954b40147a9456d9" prot="public" virt="non-virtual"><scope>enum_member_t</scope><name>operator!=</name></member>
      <member refid="structenum__member__t_1a65b36d43e82c31ca5229914b14edb41f" prot="public" virt="non-virtual"><scope>enum_member_t</scope><name>operator==</name></member>
      <member refid="structenum__member__t_1a2b7c563ff31c89726a927bc9f4c7a97d" prot="public" virt="non-virtual"><scope>enum_member_t</scope><name>swap</name></member>
      <member refid="structenum__member__t_1a5b97baec30f4b6790288c19e53fb9417" prot="public" virt="non-virtual"><scope>enum_member_t</scope><name>value</name></member>
    </listofallmembers>
  </compounddef>
</doxygen>
