<?xml version='1.0' encoding='UTF-8' standalone='no'?>
<doxygen xmlns:xsi="http://www.w3.org/2001/XMLSchema-instance" xsi:noNamespaceSchemaLocation="compound.xsd" version="1.9.3" xml:lang="en-US">
  <compounddef id="structformat__data__info__t" kind="struct" language="C++" prot="public">
    <compoundname>format_data_info_t</compoundname>
    <includes refid="typeinf_8hpp" local="no">typeinf.hpp</includes>
      <sectiondef kind="public-attrib">
      <memberdef kind="variable" id="structformat__data__info__t_1a8126db951e81f28c115181dca0d8271a" prot="public" static="no" mutable="no">
        <type>int</type>
        <definition>int format_data_info_t::ptvf</definition>
        <argsstring></argsstring>
        <name>ptvf</name>
        <qualifiedname>format_data_info_t::ptvf</qualifiedname>
        <briefdescription>
        </briefdescription>
        <detaileddescription>
        </detaileddescription>
        <inbodydescription>
        </inbodydescription>
        <location file="obj/x64_linux_gcc_32_opt_pro/idasdk/typeinf.hpp" line="4219" column="7" bodyfile="obj/x64_linux_gcc_32_opt_pro/idasdk/typeinf.hpp" bodystart="4219" bodyend="-1"/>
      </memberdef>
      <memberdef kind="variable" id="structformat__data__info__t_1ae9ab158a09cdfc12e1777d1068d6297f" prot="public" static="no" mutable="no">
        <type>int</type>
        <definition>int format_data_info_t::radix</definition>
        <argsstring></argsstring>
        <name>radix</name>
        <qualifiedname>format_data_info_t::radix</qualifiedname>
        <briefdescription>
<para>number representation (8,10,16) </para>
        </briefdescription>
        <detaileddescription>
        </detaileddescription>
        <inbodydescription>
        </inbodydescription>
        <location file="obj/x64_linux_gcc_32_opt_pro/idasdk/typeinf.hpp" line="4242" column="7" bodyfile="obj/x64_linux_gcc_32_opt_pro/idasdk/typeinf.hpp" bodystart="4242" bodyend="-1"/>
      </memberdef>
      <memberdef kind="variable" id="structformat__data__info__t_1aa26ac5420ec7757631d627d0836f6e30" prot="public" static="no" mutable="no">
        <type>int</type>
        <definition>int format_data_info_t::max_length</definition>
        <argsstring></argsstring>
        <name>max_length</name>
        <qualifiedname>format_data_info_t::max_length</qualifiedname>
        <briefdescription>
        </briefdescription>
        <detaileddescription>
<para>max length of the formatted text (0 means no limit) should be used to format huge arrays for the screen, we cannot display the whole array anyway if this limit is hit, the function returns false and qerrno is set to eMaxLengthExceeded </para>
        </detaileddescription>
        <inbodydescription>
        </inbodydescription>
        <location file="obj/x64_linux_gcc_32_opt_pro/idasdk/typeinf.hpp" line="4243" column="7" bodyfile="obj/x64_linux_gcc_32_opt_pro/idasdk/typeinf.hpp" bodystart="4243" bodyend="-1"/>
      </memberdef>
      <memberdef kind="variable" id="structformat__data__info__t_1aab6240ea5270cc4fe31f1f05545410d4" prot="public" static="no" mutable="no">
        <type>int</type>
        <definition>int format_data_info_t::arrbase</definition>
        <argsstring></argsstring>
        <name>arrbase</name>
        <qualifiedname>format_data_info_t::arrbase</qualifiedname>
        <briefdescription>
<para>for arrays: the first element of array to print </para>
        </briefdescription>
        <detaileddescription>
        </detaileddescription>
        <inbodydescription>
        </inbodydescription>
        <location file="obj/x64_linux_gcc_32_opt_pro/idasdk/typeinf.hpp" line="4248" column="7" bodyfile="obj/x64_linux_gcc_32_opt_pro/idasdk/typeinf.hpp" bodystart="4248" bodyend="-1"/>
      </memberdef>
      <memberdef kind="variable" id="structformat__data__info__t_1a2dc1e139051f7ceaa88f26010415944d" prot="public" static="no" mutable="no">
        <type>int</type>
        <definition>int format_data_info_t::arrnelems</definition>
        <argsstring></argsstring>
        <name>arrnelems</name>
        <qualifiedname>format_data_info_t::arrnelems</qualifiedname>
        <briefdescription>
<para>for arrays: number of elements to print </para>
        </briefdescription>
        <detaileddescription>
        </detaileddescription>
        <inbodydescription>
        </inbodydescription>
        <location file="obj/x64_linux_gcc_32_opt_pro/idasdk/typeinf.hpp" line="4249" column="7" bodyfile="obj/x64_linux_gcc_32_opt_pro/idasdk/typeinf.hpp" bodystart="4249" bodyend="-1"/>
      </memberdef>
      <memberdef kind="variable" id="structformat__data__info__t_1ab3117443521ecc930475c04002f25a8a" prot="public" static="no" mutable="no">
        <type>int</type>
        <definition>int format_data_info_t::margin</definition>
        <argsstring></argsstring>
        <name>margin</name>
        <qualifiedname>format_data_info_t::margin</qualifiedname>
        <briefdescription>
        </briefdescription>
        <detaileddescription>
<para>length of one line (0 means to print everything on one line) if an item cannot be printed in a shorter way, some output lines can be considerably longer 1 means each item on its own line </para>
        </detaileddescription>
        <inbodydescription>
        </inbodydescription>
        <location file="obj/x64_linux_gcc_32_opt_pro/idasdk/typeinf.hpp" line="4250" column="7" bodyfile="obj/x64_linux_gcc_32_opt_pro/idasdk/typeinf.hpp" bodystart="4250" bodyend="-1"/>
      </memberdef>
      <memberdef kind="variable" id="structformat__data__info__t_1a9b64df28e4d74f761fe3cd15e9a9ae48" prot="public" static="no" mutable="no">
        <type>int</type>
        <definition>int format_data_info_t::indent</definition>
        <argsstring></argsstring>
        <name>indent</name>
        <qualifiedname>format_data_info_t::indent</qualifiedname>
        <briefdescription>
<para>how many spaces to use to indent nested structures/arrays </para>
        </briefdescription>
        <detaileddescription>
        </detaileddescription>
        <inbodydescription>
        </inbodydescription>
        <location file="obj/x64_linux_gcc_32_opt_pro/idasdk/typeinf.hpp" line="4254" column="7" bodyfile="obj/x64_linux_gcc_32_opt_pro/idasdk/typeinf.hpp" bodystart="4254" bodyend="-1"/>
      </memberdef>
      </sectiondef>
      <sectiondef kind="public-func">
      <memberdef kind="function" id="structformat__data__info__t_1a3bf271b9e6315839949b644114947375" prot="public" static="no" const="no" explicit="no" inline="yes" virt="non-virtual">
        <type></type>
        <definition>format_data_info_t::format_data_info_t</definition>
        <argsstring>(void)</argsstring>
        <name>format_data_info_t</name>
        <qualifiedname>format_data_info_t::format_data_info_t</qualifiedname>
        <param>
          <type>void</type>
        </param>
        <briefdescription>
        </briefdescription>
        <detaileddescription>
        </detaileddescription>
        <inbodydescription>
        </inbodydescription>
        <location file="obj/x64_linux_gcc_32_opt_pro/idasdk/typeinf.hpp" line="4256" column="3" bodyfile="obj/x64_linux_gcc_32_opt_pro/idasdk/typeinf.hpp" bodystart="4256" bodyend="4259"/>
      </memberdef>
      </sectiondef>
    <briefdescription>
<para>See <ref refid="typeinf_8hpp_1ae2724af804f94383fa884c10d8774425" kindref="member">format_cdata()</ref> </para>
    </briefdescription>
    <detaileddescription>
    </detaileddescription>
    <location file="obj/x64_linux_gcc_32_opt_pro/idasdk/typeinf.hpp" line="4217" column="1" bodyfile="obj/x64_linux_gcc_32_opt_pro/idasdk/typeinf.hpp" bodystart="4218" bodyend="4260"/>
    <listofallmembers>
      <member refid="structformat__data__info__t_1aab6240ea5270cc4fe31f1f05545410d4" prot="public" virt="non-virtual"><scope>format_data_info_t</scope><name>arrbase</name></member>
      <member refid="structformat__data__info__t_1a2dc1e139051f7ceaa88f26010415944d" prot="public" virt="non-virtual"><scope>format_data_info_t</scope><name>arrnelems</name></member>
      <member refid="structformat__data__info__t_1a3bf271b9e6315839949b644114947375" prot="public" virt="non-virtual"><scope>format_data_info_t</scope><name>format_data_info_t</name></member>
      <member refid="structformat__data__info__t_1a9b64df28e4d74f761fe3cd15e9a9ae48" prot="public" virt="non-virtual"><scope>format_data_info_t</scope><name>indent</name></member>
      <member refid="structformat__data__info__t_1ab3117443521ecc930475c04002f25a8a" prot="public" virt="non-virtual"><scope>format_data_info_t</scope><name>margin</name></member>
      <member refid="structformat__data__info__t_1aa26ac5420ec7757631d627d0836f6e30" prot="public" virt="non-virtual"><scope>format_data_info_t</scope><name>max_length</name></member>
      <member refid="structformat__data__info__t_1a8126db951e81f28c115181dca0d8271a" prot="public" virt="non-virtual"><scope>format_data_info_t</scope><name>ptvf</name></member>
      <member refid="structformat__data__info__t_1ae9ab158a09cdfc12e1777d1068d6297f" prot="public" virt="non-virtual"><scope>format_data_info_t</scope><name>radix</name></member>
    </listofallmembers>
  </compounddef>
</doxygen>
