<?xml version='1.0' encoding='UTF-8' standalone='no'?>
<doxygen xmlns:xsi="http://www.w3.org/2001/XMLSchema-instance" xsi:noNamespaceSchemaLocation="compound.xsd" version="1.9.3" xml:lang="en-US">
  <compounddef id="structstrarray__t" kind="struct" language="C++" prot="public">
    <compoundname>strarray_t</compoundname>
    <includes refid="kernwin_8hpp" local="no">kernwin.hpp</includes>
      <sectiondef kind="public-attrib">
      <memberdef kind="variable" id="structstrarray__t_1a112891e2800180f2d3b266bfd3b8965f" prot="public" static="no" mutable="no">
        <type>int</type>
        <definition>int strarray_t::code</definition>
        <argsstring></argsstring>
        <name>code</name>
        <qualifiedname>strarray_t::code</qualifiedname>
        <briefdescription>
        </briefdescription>
        <detaileddescription>
        </detaileddescription>
        <inbodydescription>
        </inbodydescription>
        <location file="obj/x64_linux_gcc_32_opt/idasdk/kernwin.hpp" line="7613" column="7" bodyfile="obj/x64_linux_gcc_32_opt/idasdk/kernwin.hpp" bodystart="7613" bodyend="-1"/>
      </memberdef>
      <memberdef kind="variable" id="structstrarray__t_1ab05a5c5b806d2f76c1876f5e79212160" prot="public" static="no" mutable="no">
        <type>const char *</type>
        <definition>const char* strarray_t::text</definition>
        <argsstring></argsstring>
        <name>text</name>
        <qualifiedname>strarray_t::text</qualifiedname>
        <briefdescription>
        </briefdescription>
        <detaileddescription>
        </detaileddescription>
        <inbodydescription>
        </inbodydescription>
        <location file="obj/x64_linux_gcc_32_opt/idasdk/kernwin.hpp" line="7614" column="14" bodyfile="obj/x64_linux_gcc_32_opt/idasdk/kernwin.hpp" bodystart="7614" bodyend="-1"/>
      </memberdef>
      </sectiondef>
    <briefdescription>
<para>Map strings to integer values - see <ref refid="kernwin_8hpp_1a672a00c6da59b047a82f97044272f37e" kindref="member">strarray()</ref> </para>
    </briefdescription>
    <detaileddescription>
    </detaileddescription>
    <location file="obj/x64_linux_gcc_32_opt/idasdk/kernwin.hpp" line="7611" column="1" bodyfile="obj/x64_linux_gcc_32_opt/idasdk/kernwin.hpp" bodystart="7612" bodyend="7615"/>
    <listofallmembers>
      <member refid="structstrarray__t_1a112891e2800180f2d3b266bfd3b8965f" prot="public" virt="non-virtual"><scope>strarray_t</scope><name>code</name></member>
      <member refid="structstrarray__t_1ab05a5c5b806d2f76c1876f5e79212160" prot="public" virt="non-virtual"><scope>strarray_t</scope><name>text</name></member>
    </listofallmembers>
  </compounddef>
</doxygen>
