<?xml version='1.0' encoding='UTF-8' standalone='no'?>
<doxygen xmlns:xsi="http://www.w3.org/2001/XMLSchema-instance" xsi:noNamespaceSchemaLocation="compound.xsd" version="1.8.15">
  <compounddef id="structctree__anchor__t" kind="struct" language="C++" prot="public">
    <compoundname>ctree_anchor_t</compoundname>
    <includes refid="hexrays_8hpp" local="no">hexrays.hpp</includes>
      <sectiondef kind="public-attrib">
      <memberdef kind="variable" id="structctree__anchor__t_1a0d61fbfcd1efe04c2debab4fecda1feb" prot="public" static="no" mutable="no">
        <type><ref refid="pro_8h_1aef265b11f25357d520dcfd40aa8c18f3" kindref="member">uval_t</ref></type>
        <definition>uval_t ctree_anchor_t::value</definition>
        <argsstring></argsstring>
        <name>value</name>
        <briefdescription>
        </briefdescription>
        <detaileddescription>
        </detaileddescription>
        <inbodydescription>
        </inbodydescription>
        <location file="obj/x64_linux_gcc_32_opt/3/idasdk/hexrays.hpp" line="6564" column="1" bodyfile="obj/x64_linux_gcc_32_opt/3/idasdk/hexrays.hpp" bodystart="6564" bodyend="-1"/>
      </memberdef>
      </sectiondef>
      <sectiondef kind="public-func">
      <memberdef kind="function" id="structctree__anchor__t_1a094c2462895758198934a7e115ff7351" prot="public" static="no" const="no" explicit="no" inline="yes" virt="non-virtual">
        <type></type>
        <definition>ctree_anchor_t::ctree_anchor_t</definition>
        <argsstring>(void)</argsstring>
        <name>ctree_anchor_t</name>
        <param>
          <type>void</type>
        </param>
        <briefdescription>
        </briefdescription>
        <detaileddescription>
        </detaileddescription>
        <inbodydescription>
        </inbodydescription>
        <location file="obj/x64_linux_gcc_32_opt/3/idasdk/hexrays.hpp" line="6571" column="1" bodyfile="obj/x64_linux_gcc_32_opt/3/idasdk/hexrays.hpp" bodystart="6571" bodyend="6571"/>
      </memberdef>
      <memberdef kind="function" id="structctree__anchor__t_1a3ff28ce409152603225bfbdbbea5443a" prot="public" static="no" const="yes" explicit="no" inline="yes" virt="non-virtual">
        <type>int</type>
        <definition>int ctree_anchor_t::get_index</definition>
        <argsstring>(void) const</argsstring>
        <name>get_index</name>
        <param>
          <type>void</type>
        </param>
        <briefdescription>
        </briefdescription>
        <detaileddescription>
        </detaileddescription>
        <inbodydescription>
        </inbodydescription>
        <location file="obj/x64_linux_gcc_32_opt/3/idasdk/hexrays.hpp" line="6572" column="1" bodyfile="obj/x64_linux_gcc_32_opt/3/idasdk/hexrays.hpp" bodystart="6572" bodyend="6572"/>
      </memberdef>
      <memberdef kind="function" id="structctree__anchor__t_1a849fa6e2e9c036a4e159c59eedd26486" prot="public" static="no" const="yes" explicit="no" inline="yes" virt="non-virtual">
        <type>item_preciser_t</type>
        <definition>item_preciser_t ctree_anchor_t::get_itp</definition>
        <argsstring>(void) const</argsstring>
        <name>get_itp</name>
        <param>
          <type>void</type>
        </param>
        <briefdescription>
        </briefdescription>
        <detaileddescription>
        </detaileddescription>
        <inbodydescription>
        </inbodydescription>
        <location file="obj/x64_linux_gcc_32_opt/3/idasdk/hexrays.hpp" line="6573" column="1" bodyfile="obj/x64_linux_gcc_32_opt/3/idasdk/hexrays.hpp" bodystart="6573" bodyend="6573"/>
      </memberdef>
      <memberdef kind="function" id="structctree__anchor__t_1a75b07376aacb386123f778241d6d14fe" prot="public" static="no" const="yes" explicit="no" inline="yes" virt="non-virtual">
        <type>bool</type>
        <definition>bool ctree_anchor_t::is_valid_anchor</definition>
        <argsstring>(void) const</argsstring>
        <name>is_valid_anchor</name>
        <param>
          <type>void</type>
        </param>
        <briefdescription>
        </briefdescription>
        <detaileddescription>
        </detaileddescription>
        <inbodydescription>
        </inbodydescription>
        <location file="obj/x64_linux_gcc_32_opt/3/idasdk/hexrays.hpp" line="6574" column="1" bodyfile="obj/x64_linux_gcc_32_opt/3/idasdk/hexrays.hpp" bodystart="6574" bodyend="6574"/>
      </memberdef>
      <memberdef kind="function" id="structctree__anchor__t_1a3e839bded9755a617b87a6426c28d9a5" prot="public" static="no" const="yes" explicit="no" inline="yes" virt="non-virtual">
        <type>bool</type>
        <definition>bool ctree_anchor_t::is_citem_anchor</definition>
        <argsstring>(void) const</argsstring>
        <name>is_citem_anchor</name>
        <param>
          <type>void</type>
        </param>
        <briefdescription>
        </briefdescription>
        <detaileddescription>
        </detaileddescription>
        <inbodydescription>
        </inbodydescription>
        <location file="obj/x64_linux_gcc_32_opt/3/idasdk/hexrays.hpp" line="6575" column="1" bodyfile="obj/x64_linux_gcc_32_opt/3/idasdk/hexrays.hpp" bodystart="6575" bodyend="6575"/>
      </memberdef>
      <memberdef kind="function" id="structctree__anchor__t_1a0c46ad0d391659fe6ff8c8bd42f7d463" prot="public" static="no" const="yes" explicit="no" inline="yes" virt="non-virtual">
        <type>bool</type>
        <definition>bool ctree_anchor_t::is_lvar_anchor</definition>
        <argsstring>(void) const</argsstring>
        <name>is_lvar_anchor</name>
        <param>
          <type>void</type>
        </param>
        <briefdescription>
        </briefdescription>
        <detaileddescription>
        </detaileddescription>
        <inbodydescription>
        </inbodydescription>
        <location file="obj/x64_linux_gcc_32_opt/3/idasdk/hexrays.hpp" line="6576" column="1" bodyfile="obj/x64_linux_gcc_32_opt/3/idasdk/hexrays.hpp" bodystart="6576" bodyend="6576"/>
      </memberdef>
      <memberdef kind="function" id="structctree__anchor__t_1aa44c782840c5dbcfb6b15eb6ceb82347" prot="public" static="no" const="yes" explicit="no" inline="yes" virt="non-virtual">
        <type>bool</type>
        <definition>bool ctree_anchor_t::is_itp_anchor</definition>
        <argsstring>(void) const</argsstring>
        <name>is_itp_anchor</name>
        <param>
          <type>void</type>
        </param>
        <briefdescription>
        </briefdescription>
        <detaileddescription>
        </detaileddescription>
        <inbodydescription>
        </inbodydescription>
        <location file="obj/x64_linux_gcc_32_opt/3/idasdk/hexrays.hpp" line="6577" column="1" bodyfile="obj/x64_linux_gcc_32_opt/3/idasdk/hexrays.hpp" bodystart="6577" bodyend="6577"/>
      </memberdef>
      <memberdef kind="function" id="structctree__anchor__t_1a91cdfe306f5123fada5cc1e4f6ad7fee" prot="public" static="no" const="yes" explicit="no" inline="yes" virt="non-virtual">
        <type>bool</type>
        <definition>bool ctree_anchor_t::is_blkcmt_anchor</definition>
        <argsstring>(void) const</argsstring>
        <name>is_blkcmt_anchor</name>
        <param>
          <type>void</type>
        </param>
        <briefdescription>
        </briefdescription>
        <detaileddescription>
        </detaileddescription>
        <inbodydescription>
        </inbodydescription>
        <location file="obj/x64_linux_gcc_32_opt/3/idasdk/hexrays.hpp" line="6578" column="1" bodyfile="obj/x64_linux_gcc_32_opt/3/idasdk/hexrays.hpp" bodystart="6578" bodyend="6578"/>
      </memberdef>
      </sectiondef>
    <briefdescription>
<para>Invisible COLOR_ADDR tags in the output text are used to refer to ctree items and variables. </para>
    </briefdescription>
    <detaileddescription>
    </detaileddescription>
    <location file="obj/x64_linux_gcc_32_opt/3/idasdk/hexrays.hpp" line="6563" column="1" bodyfile="obj/x64_linux_gcc_32_opt/3/idasdk/hexrays.hpp" bodystart="6562" bodyend="6579"/>
    <listofallmembers>
      <member refid="structctree__anchor__t_1a094c2462895758198934a7e115ff7351" prot="public" virt="non-virtual"><scope>ctree_anchor_t</scope><name>ctree_anchor_t</name></member>
      <member refid="structctree__anchor__t_1a3ff28ce409152603225bfbdbbea5443a" prot="public" virt="non-virtual"><scope>ctree_anchor_t</scope><name>get_index</name></member>
      <member refid="structctree__anchor__t_1a849fa6e2e9c036a4e159c59eedd26486" prot="public" virt="non-virtual"><scope>ctree_anchor_t</scope><name>get_itp</name></member>
      <member refid="structctree__anchor__t_1a91cdfe306f5123fada5cc1e4f6ad7fee" prot="public" virt="non-virtual"><scope>ctree_anchor_t</scope><name>is_blkcmt_anchor</name></member>
      <member refid="structctree__anchor__t_1a3e839bded9755a617b87a6426c28d9a5" prot="public" virt="non-virtual"><scope>ctree_anchor_t</scope><name>is_citem_anchor</name></member>
      <member refid="structctree__anchor__t_1aa44c782840c5dbcfb6b15eb6ceb82347" prot="public" virt="non-virtual"><scope>ctree_anchor_t</scope><name>is_itp_anchor</name></member>
      <member refid="structctree__anchor__t_1a0c46ad0d391659fe6ff8c8bd42f7d463" prot="public" virt="non-virtual"><scope>ctree_anchor_t</scope><name>is_lvar_anchor</name></member>
      <member refid="structctree__anchor__t_1a75b07376aacb386123f778241d6d14fe" prot="public" virt="non-virtual"><scope>ctree_anchor_t</scope><name>is_valid_anchor</name></member>
      <member refid="structctree__anchor__t_1a0d61fbfcd1efe04c2debab4fecda1feb" prot="public" virt="non-virtual"><scope>ctree_anchor_t</scope><name>value</name></member>
    </listofallmembers>
  </compounddef>
</doxygen>
