<?xml version='1.0' encoding='UTF-8' standalone='no'?>
<doxygen xmlns:xsi="http://www.w3.org/2001/XMLSchema-instance" xsi:noNamespaceSchemaLocation="compound.xsd" version="1.9.3" xml:lang="en-US">
  <compounddef id="structmba__range__iterator__t" kind="struct" language="C++" prot="public">
    <compoundname>mba_range_iterator_t</compoundname>
    <includes refid="hexrays_8hpp" local="no">hexrays.hpp</includes>
      <sectiondef kind="public-attrib">
      <memberdef kind="variable" id="structmba__range__iterator__t_1a7e95d9ab4cc021e844944161de251770" prot="public" static="no" mutable="no">
        <type><ref refid="structrange__chunk__iterator__t" kindref="compound">range_chunk_iterator_t</ref></type>
        <definition>range_chunk_iterator_t mba_range_iterator_t::rii</definition>
        <argsstring></argsstring>
        <name>rii</name>
        <qualifiedname>mba_range_iterator_t::rii</qualifiedname>
        <briefdescription>
        </briefdescription>
        <detaileddescription>
        </detaileddescription>
        <inbodydescription>
        </inbodydescription>
        <location file="obj/x64_linux_gcc_32_opt/3/idasdk/hexrays.hpp" line="4390" column="26" bodyfile="obj/x64_linux_gcc_32_opt/3/idasdk/hexrays.hpp" bodystart="4390" bodyend="-1"/>
      </memberdef>
      <memberdef kind="variable" id="structmba__range__iterator__t_1ae6d5d862e361a382fb6726be01a4d234" prot="public" static="no" mutable="no">
        <type><ref refid="classfunc__tail__iterator__t" kindref="compound">func_tail_iterator_t</ref></type>
        <definition>func_tail_iterator_t mba_range_iterator_t::fii</definition>
        <argsstring></argsstring>
        <name>fii</name>
        <qualifiedname>mba_range_iterator_t::fii</qualifiedname>
        <briefdescription>
        </briefdescription>
        <detaileddescription>
        </detaileddescription>
        <inbodydescription>
        </inbodydescription>
        <location file="obj/x64_linux_gcc_32_opt/3/idasdk/hexrays.hpp" line="4391" column="24" bodyfile="obj/x64_linux_gcc_32_opt/3/idasdk/hexrays.hpp" bodystart="4391" bodyend="-1"/>
      </memberdef>
      </sectiondef>
      <sectiondef kind="public-func">
      <memberdef kind="function" id="structmba__range__iterator__t_1ae0c8ffe7bb2d93f75fda82b174d4f88a" prot="public" static="no" const="yes" explicit="no" inline="yes" virt="non-virtual">
        <type>bool</type>
        <definition>bool mba_range_iterator_t::is_snippet</definition>
        <argsstring>(void) const</argsstring>
        <name>is_snippet</name>
        <qualifiedname>mba_range_iterator_t::is_snippet</qualifiedname>
        <param>
          <type>void</type>
        </param>
        <briefdescription>
        </briefdescription>
        <detaileddescription>
        </detaileddescription>
        <inbodydescription>
        </inbodydescription>
        <location file="obj/x64_linux_gcc_32_opt/3/idasdk/hexrays.hpp" line="4392" column="8" bodyfile="obj/x64_linux_gcc_32_opt/3/idasdk/hexrays.hpp" bodystart="4392" bodyend="4392"/>
      </memberdef>
      <memberdef kind="function" id="structmba__range__iterator__t_1ad1549d9d3473ca6fd38b521cad778a18" prot="public" static="no" const="no" explicit="no" inline="yes" virt="non-virtual">
        <type>bool</type>
        <definition>bool mba_range_iterator_t::set</definition>
        <argsstring>(const mba_ranges_t &amp;mbr)</argsstring>
        <name>set</name>
        <qualifiedname>mba_range_iterator_t::set</qualifiedname>
        <param>
          <type>const <ref refid="structmba__ranges__t" kindref="compound">mba_ranges_t</ref> &amp;</type>
          <declname>mbr</declname>
        </param>
        <briefdescription>
        </briefdescription>
        <detaileddescription>
        </detaileddescription>
        <inbodydescription>
        </inbodydescription>
        <location file="obj/x64_linux_gcc_32_opt/3/idasdk/hexrays.hpp" line="4393" column="8" bodyfile="obj/x64_linux_gcc_32_opt/3/idasdk/hexrays.hpp" bodystart="4393" bodyend="4399"/>
      </memberdef>
      <memberdef kind="function" id="structmba__range__iterator__t_1af052a56cecd68feee76441d8ea13db71" prot="public" static="no" const="no" explicit="no" inline="yes" virt="non-virtual">
        <type>bool</type>
        <definition>bool mba_range_iterator_t::next</definition>
        <argsstring>(void)</argsstring>
        <name>next</name>
        <qualifiedname>mba_range_iterator_t::next</qualifiedname>
        <param>
          <type>void</type>
        </param>
        <briefdescription>
        </briefdescription>
        <detaileddescription>
        </detaileddescription>
        <inbodydescription>
        </inbodydescription>
        <location file="obj/x64_linux_gcc_32_opt/3/idasdk/hexrays.hpp" line="4400" column="8" bodyfile="obj/x64_linux_gcc_32_opt/3/idasdk/hexrays.hpp" bodystart="4400" bodyend="4406"/>
      </memberdef>
      <memberdef kind="function" id="structmba__range__iterator__t_1a3a1f5d7ea5aa0ffe2bfb8561ebc5de37" prot="public" static="no" const="yes" explicit="no" inline="yes" virt="non-virtual">
        <type>const <ref refid="structrange__t" kindref="compound">range_t</ref> &amp;</type>
        <definition>const range_t &amp; mba_range_iterator_t::chunk</definition>
        <argsstring>(void) const</argsstring>
        <name>chunk</name>
        <qualifiedname>mba_range_iterator_t::chunk</qualifiedname>
        <param>
          <type>void</type>
        </param>
        <briefdescription>
        </briefdescription>
        <detaileddescription>
        </detaileddescription>
        <inbodydescription>
        </inbodydescription>
        <location file="obj/x64_linux_gcc_32_opt/3/idasdk/hexrays.hpp" line="4407" column="17" bodyfile="obj/x64_linux_gcc_32_opt/3/idasdk/hexrays.hpp" bodystart="4407" bodyend="4410"/>
      </memberdef>
      </sectiondef>
    <briefdescription>
<para>Chunk iterator for <ref refid="structmba__ranges__t" kindref="compound">mba_ranges_t</ref>. </para>
    </briefdescription>
    <detaileddescription>
    </detaileddescription>
    <collaborationgraph>
      <node id="4">
        <label>func_tail_iterator_t</label>
        <link refid="classfunc__tail__iterator__t"/>
      </node>
      <node id="1">
        <label>mba_range_iterator_t</label>
        <link refid="structmba__range__iterator__t"/>
        <childnode refid="2" relation="usage">
          <edgelabel>rii</edgelabel>
        </childnode>
        <childnode refid="4" relation="usage">
          <edgelabel>fii</edgelabel>
        </childnode>
      </node>
      <node id="2">
        <label>range_chunk_iterator_t</label>
        <link refid="structrange__chunk__iterator__t"/>
        <childnode refid="3" relation="usage">
          <edgelabel>rend</edgelabel>
          <edgelabel>rptr</edgelabel>
        </childnode>
      </node>
      <node id="3">
        <label>range_t</label>
        <link refid="structrange__t"/>
      </node>
    </collaborationgraph>
    <location file="obj/x64_linux_gcc_32_opt/3/idasdk/hexrays.hpp" line="4388" column="1" bodyfile="obj/x64_linux_gcc_32_opt/3/idasdk/hexrays.hpp" bodystart="4389" bodyend="4411"/>
    <listofallmembers>
      <member refid="structmba__range__iterator__t_1a3a1f5d7ea5aa0ffe2bfb8561ebc5de37" prot="public" virt="non-virtual"><scope>mba_range_iterator_t</scope><name>chunk</name></member>
      <member refid="structmba__range__iterator__t_1ae6d5d862e361a382fb6726be01a4d234" prot="public" virt="non-virtual"><scope>mba_range_iterator_t</scope><name>fii</name></member>
      <member refid="structmba__range__iterator__t_1ae0c8ffe7bb2d93f75fda82b174d4f88a" prot="public" virt="non-virtual"><scope>mba_range_iterator_t</scope><name>is_snippet</name></member>
      <member refid="structmba__range__iterator__t_1af052a56cecd68feee76441d8ea13db71" prot="public" virt="non-virtual"><scope>mba_range_iterator_t</scope><name>next</name></member>
      <member refid="structmba__range__iterator__t_1a7e95d9ab4cc021e844944161de251770" prot="public" virt="non-virtual"><scope>mba_range_iterator_t</scope><name>rii</name></member>
      <member refid="structmba__range__iterator__t_1ad1549d9d3473ca6fd38b521cad778a18" prot="public" virt="non-virtual"><scope>mba_range_iterator_t</scope><name>set</name></member>
    </listofallmembers>
  </compounddef>
</doxygen>
