<?xml version='1.0' encoding='UTF-8' standalone='no'?>
<doxygen xmlns:xsi="http://www.w3.org/2001/XMLSchema-instance" xsi:noNamespaceSchemaLocation="compound.xsd" version="1.8.15">
  <compounddef id="structskipped__func__t" kind="struct" language="C++" prot="public">
    <compoundname>skipped_func_t</compoundname>
      <sectiondef kind="public-attrib">
      <memberdef kind="variable" id="structskipped__func__t_1a056cf527d848e40541e467a91e0aca9b" prot="public" static="no" mutable="no">
        <type><ref refid="structpattern__id__t" kindref="compound">pattern_id_t</ref></type>
        <definition>pattern_id_t skipped_func_t::pattern_id</definition>
        <argsstring></argsstring>
        <name>pattern_id</name>
        <briefdescription>
        </briefdescription>
        <detaileddescription>
        </detaileddescription>
        <inbodydescription>
        </inbodydescription>
        <location file="obj/x64_linux_gcc_32_opt/3/idasdk/lumina.hpp" line="755" column="1" bodyfile="obj/x64_linux_gcc_32_opt/3/idasdk/lumina.hpp" bodystart="755" bodyend="-1"/>
      </memberdef>
      <memberdef kind="variable" id="structskipped__func__t_1aa39b14c6686477e5de943300704d148d" prot="public" static="no" mutable="no">
        <type><ref refid="pro_8h_1a1134b580f8da4de94ca6b1de4d37975e" kindref="member">uint32</ref></type>
        <definition>uint32 skipped_func_t::count</definition>
        <argsstring></argsstring>
        <name>count</name>
        <briefdescription>
        </briefdescription>
        <detaileddescription>
        </detaileddescription>
        <inbodydescription>
        </inbodydescription>
        <location file="obj/x64_linux_gcc_32_opt/3/idasdk/lumina.hpp" line="756" column="1" bodyfile="obj/x64_linux_gcc_32_opt/3/idasdk/lumina.hpp" bodystart="756" bodyend="-1"/>
      </memberdef>
      </sectiondef>
      <sectiondef kind="public-func">
      <memberdef kind="function" id="structskipped__func__t_1a1ff3aea6b5c6cbdc802df6f32f34ddeb" prot="public" static="no" const="no" explicit="no" inline="yes" virt="non-virtual">
        <type></type>
        <definition>skipped_func_t::skipped_func_t</definition>
        <argsstring>()</argsstring>
        <name>skipped_func_t</name>
        <briefdescription>
        </briefdescription>
        <detaileddescription>
        </detaileddescription>
        <inbodydescription>
        </inbodydescription>
        <location file="obj/x64_linux_gcc_32_opt/3/idasdk/lumina.hpp" line="757" column="1" bodyfile="obj/x64_linux_gcc_32_opt/3/idasdk/lumina.hpp" bodystart="757" bodyend="758"/>
      </memberdef>
      <memberdef kind="function" id="structskipped__func__t_1ac91cf097daf3d49839ef4f5c4fcc54c5" prot="public" static="no" const="yes" explicit="no" inline="no" virt="non-virtual">
        <type>void</type>
        <definition>void skipped_func_t::serialize</definition>
        <argsstring>(bytevec_t *out, int version) const</argsstring>
        <name>serialize</name>
        <param>
          <type><ref refid="classbytevec__t" kindref="compound">bytevec_t</ref> *</type>
          <declname>out</declname>
        </param>
        <param>
          <type>int</type>
          <declname>version</declname>
        </param>
        <briefdescription>
        </briefdescription>
        <detaileddescription>
        </detaileddescription>
        <inbodydescription>
        </inbodydescription>
        <location file="obj/x64_linux_gcc_32_opt/3/idasdk/lumina.hpp" line="760" column="1"/>
      </memberdef>
      <memberdef kind="function" id="structskipped__func__t_1a6719103e57e1645646eb3f33ec18caf7" prot="public" static="no" const="no" explicit="no" inline="no" virt="non-virtual">
        <type>bool</type>
        <definition>bool skipped_func_t::deserialize</definition>
        <argsstring>(const uchar **ptr, size_t len, int version)</argsstring>
        <name>deserialize</name>
        <param>
          <type>const <ref refid="pro_8h_1a65f85814a8290f9797005d3b28e7e5fc" kindref="member">uchar</ref> **</type>
          <declname>ptr</declname>
        </param>
        <param>
          <type>size_t</type>
          <declname>len</declname>
        </param>
        <param>
          <type>int</type>
          <declname>version</declname>
        </param>
        <briefdescription>
        </briefdescription>
        <detaileddescription>
        </detaileddescription>
        <inbodydescription>
        </inbodydescription>
        <location file="obj/x64_linux_gcc_32_opt/3/idasdk/lumina.hpp" line="761" column="1"/>
      </memberdef>
      </sectiondef>
    <briefdescription>
    </briefdescription>
    <detaileddescription>
    </detaileddescription>
    <collaborationgraph>
      <node id="3475">
        <label>pattern_id_t</label>
        <link refid="structpattern__id__t"/>
        <childnode refid="3476" relation="usage">
          <edgelabel>data</edgelabel>
        </childnode>
      </node>
      <node id="3477">
        <label>qvector&lt; uchar &gt;</label>
        <link refid="classqvector"/>
      </node>
      <node id="3476">
        <label>bytevec_t</label>
        <link refid="classbytevec__t"/>
        <childnode refid="3477" relation="public-inheritance">
        </childnode>
      </node>
      <node id="3474">
        <label>skipped_func_t</label>
        <link refid="structskipped__func__t"/>
        <childnode refid="3475" relation="usage">
          <edgelabel>pattern_id</edgelabel>
        </childnode>
      </node>
    </collaborationgraph>
    <location file="obj/x64_linux_gcc_32_opt/3/idasdk/lumina.hpp" line="754" column="1" bodyfile="obj/x64_linux_gcc_32_opt/3/idasdk/lumina.hpp" bodystart="753" bodyend="762"/>
    <listofallmembers>
      <member refid="structskipped__func__t_1aa39b14c6686477e5de943300704d148d" prot="public" virt="non-virtual"><scope>skipped_func_t</scope><name>count</name></member>
      <member refid="structskipped__func__t_1a6719103e57e1645646eb3f33ec18caf7" prot="public" virt="non-virtual"><scope>skipped_func_t</scope><name>deserialize</name></member>
      <member refid="structskipped__func__t_1a056cf527d848e40541e467a91e0aca9b" prot="public" virt="non-virtual"><scope>skipped_func_t</scope><name>pattern_id</name></member>
      <member refid="structskipped__func__t_1ac91cf097daf3d49839ef4f5c4fcc54c5" prot="public" virt="non-virtual"><scope>skipped_func_t</scope><name>serialize</name></member>
      <member refid="structskipped__func__t_1a1ff3aea6b5c6cbdc802df6f32f34ddeb" prot="public" virt="non-virtual"><scope>skipped_func_t</scope><name>skipped_func_t</name></member>
    </listofallmembers>
  </compounddef>
</doxygen>
