<?xml version='1.0' encoding='UTF-8' standalone='no'?>
<doxygen xmlns:xsi="http://www.w3.org/2001/XMLSchema-instance" xsi:noNamespaceSchemaLocation="compound.xsd" version="1.9.3" xml:lang="en-US">
  <compounddef id="structrenderer__pos__info__t" kind="struct" language="C++" prot="public">
    <compoundname>renderer_pos_info_t</compoundname>
    <includes refid="kernwin_8hpp" local="no">kernwin.hpp</includes>
      <sectiondef kind="public-attrib">
      <memberdef kind="variable" id="structrenderer__pos__info__t_1ac605c57e33bf469c49f591f1736a7941" prot="public" static="no" mutable="no">
        <type>int</type>
        <definition>int renderer_pos_info_t::node</definition>
        <argsstring></argsstring>
        <name>node</name>
        <qualifiedname>renderer_pos_info_t::node</qualifiedname>
        <briefdescription>
        </briefdescription>
        <detaileddescription>
<para>the node, or -1 if the current renderer is not a graph renderer. </para>
        </detaileddescription>
        <inbodydescription>
        </inbodydescription>
        <location file="obj/x64_linux_gcc_32_opt/idasdk/kernwin.hpp" line="3590" column="7" bodyfile="obj/x64_linux_gcc_32_opt/idasdk/kernwin.hpp" bodystart="3590" bodyend="-1"/>
      </memberdef>
      <memberdef kind="variable" id="structrenderer__pos__info__t_1a62f2eaa48af50345f01cde8696709b4a" prot="public" static="no" mutable="no">
        <type>short</type>
        <definition>short renderer_pos_info_t::cx</definition>
        <argsstring></argsstring>
        <name>cx</name>
        <qualifiedname>renderer_pos_info_t::cx</qualifiedname>
        <briefdescription>
        </briefdescription>
        <detaileddescription>
<para>the X coords of the character in the current line. When in graph mode: X coords of the character in &apos;node&apos;. <linebreak/>
When in flat mode: X coords of the character in the line, w/o <linebreak/>
taking scrolling into consideration. </para>
        </detaileddescription>
        <inbodydescription>
        </inbodydescription>
        <location file="obj/x64_linux_gcc_32_opt/idasdk/kernwin.hpp" line="3593" column="9" bodyfile="obj/x64_linux_gcc_32_opt/idasdk/kernwin.hpp" bodystart="3593" bodyend="-1"/>
      </memberdef>
      <memberdef kind="variable" id="structrenderer__pos__info__t_1a5a83cb05ef5aec651b1f6d7745847ee3" prot="public" static="no" mutable="no">
        <type>short</type>
        <definition>short renderer_pos_info_t::cy</definition>
        <argsstring></argsstring>
        <name>cy</name>
        <qualifiedname>renderer_pos_info_t::cy</qualifiedname>
        <briefdescription>
        </briefdescription>
        <detaileddescription>
<para>the Y coords of the character. When in graph mode: Y coords of the character in &apos;node&apos;. <linebreak/>
When in flat mode: Line number, starting from the top. </para>
        </detaileddescription>
        <inbodydescription>
        </inbodydescription>
        <location file="obj/x64_linux_gcc_32_opt/idasdk/kernwin.hpp" line="3598" column="9" bodyfile="obj/x64_linux_gcc_32_opt/idasdk/kernwin.hpp" bodystart="3598" bodyend="-1"/>
      </memberdef>
      <memberdef kind="variable" id="structrenderer__pos__info__t_1a52f7d68c384110a74f115b0aba7605d1" prot="public" static="no" mutable="no">
        <type>short</type>
        <definition>short renderer_pos_info_t::sx</definition>
        <argsstring></argsstring>
        <name>sx</name>
        <qualifiedname>renderer_pos_info_t::sx</qualifiedname>
        <briefdescription>
<para>the number of chars that are scrolled (flat mode only) </para>
        </briefdescription>
        <detaileddescription>
        </detaileddescription>
        <inbodydescription>
        </inbodydescription>
        <location file="obj/x64_linux_gcc_32_opt/idasdk/kernwin.hpp" line="3602" column="9" bodyfile="obj/x64_linux_gcc_32_opt/idasdk/kernwin.hpp" bodystart="3602" bodyend="-1"/>
      </memberdef>
      </sectiondef>
      <sectiondef kind="public-func">
      <memberdef kind="function" id="structrenderer__pos__info__t_1aca3db40c6383fe73f0894170ecc29384" prot="public" static="no" const="no" explicit="no" inline="yes" virt="non-virtual">
        <type></type>
        <definition>renderer_pos_info_t::renderer_pos_info_t</definition>
        <argsstring>()</argsstring>
        <name>renderer_pos_info_t</name>
        <qualifiedname>renderer_pos_info_t::renderer_pos_info_t</qualifiedname>
        <briefdescription>
<para>Constructor. </para>
        </briefdescription>
        <detaileddescription>
        </detaileddescription>
        <inbodydescription>
        </inbodydescription>
        <location file="obj/x64_linux_gcc_32_opt/idasdk/kernwin.hpp" line="3588" column="3" bodyfile="obj/x64_linux_gcc_32_opt/idasdk/kernwin.hpp" bodystart="3588" bodyend="3588"/>
      </memberdef>
      <memberdef kind="function" id="structrenderer__pos__info__t_1a07def3ad0f06b06a84b3a464066a36b5" prot="public" static="no" const="yes" explicit="no" inline="yes" virt="non-virtual">
        <type>bool</type>
        <definition>bool renderer_pos_info_t::operator==</definition>
        <argsstring>(const renderer_pos_info_t &amp;r) const</argsstring>
        <name>operator==</name>
        <qualifiedname>renderer_pos_info_t::operator==</qualifiedname>
        <param>
          <type>const <ref refid="structrenderer__pos__info__t" kindref="compound">renderer_pos_info_t</ref> &amp;</type>
          <declname>r</declname>
        </param>
        <briefdescription>
        </briefdescription>
        <detaileddescription>
        </detaileddescription>
        <inbodydescription>
        </inbodydescription>
        <location file="obj/x64_linux_gcc_32_opt/idasdk/kernwin.hpp" line="3604" column="8" bodyfile="obj/x64_linux_gcc_32_opt/idasdk/kernwin.hpp" bodystart="3604" bodyend="3605"/>
      </memberdef>
      <memberdef kind="function" id="structrenderer__pos__info__t_1ad4cccda20e12776e7b1f72a42bea0ccc" prot="public" static="no" const="yes" explicit="no" inline="yes" virt="non-virtual">
        <type>bool</type>
        <definition>bool renderer_pos_info_t::operator!=</definition>
        <argsstring>(const renderer_pos_info_t &amp;r) const</argsstring>
        <name>operator!=</name>
        <qualifiedname>renderer_pos_info_t::operator!=</qualifiedname>
        <param>
          <type>const <ref refid="structrenderer__pos__info__t" kindref="compound">renderer_pos_info_t</ref> &amp;</type>
          <declname>r</declname>
        </param>
        <briefdescription>
        </briefdescription>
        <detaileddescription>
        </detaileddescription>
        <inbodydescription>
        </inbodydescription>
        <location file="obj/x64_linux_gcc_32_opt/idasdk/kernwin.hpp" line="3606" column="8" bodyfile="obj/x64_linux_gcc_32_opt/idasdk/kernwin.hpp" bodystart="3606" bodyend="3607"/>
      </memberdef>
      </sectiondef>
    <briefdescription>
<para>Information about a position relative to the renderer. </para>
    </briefdescription>
    <detaileddescription>
    </detaileddescription>
    <location file="obj/x64_linux_gcc_32_opt/idasdk/kernwin.hpp" line="3585" column="1" bodyfile="obj/x64_linux_gcc_32_opt/idasdk/kernwin.hpp" bodystart="3586" bodyend="3608"/>
    <listofallmembers>
      <member refid="structrenderer__pos__info__t_1a62f2eaa48af50345f01cde8696709b4a" prot="public" virt="non-virtual"><scope>renderer_pos_info_t</scope><name>cx</name></member>
      <member refid="structrenderer__pos__info__t_1a5a83cb05ef5aec651b1f6d7745847ee3" prot="public" virt="non-virtual"><scope>renderer_pos_info_t</scope><name>cy</name></member>
      <member refid="structrenderer__pos__info__t_1ac605c57e33bf469c49f591f1736a7941" prot="public" virt="non-virtual"><scope>renderer_pos_info_t</scope><name>node</name></member>
      <member refid="structrenderer__pos__info__t_1ad4cccda20e12776e7b1f72a42bea0ccc" prot="public" virt="non-virtual"><scope>renderer_pos_info_t</scope><name>operator!=</name></member>
      <member refid="structrenderer__pos__info__t_1a07def3ad0f06b06a84b3a464066a36b5" prot="public" virt="non-virtual"><scope>renderer_pos_info_t</scope><name>operator==</name></member>
      <member refid="structrenderer__pos__info__t_1aca3db40c6383fe73f0894170ecc29384" prot="public" virt="non-virtual"><scope>renderer_pos_info_t</scope><name>renderer_pos_info_t</name></member>
      <member refid="structrenderer__pos__info__t_1a52f7d68c384110a74f115b0aba7605d1" prot="public" virt="non-virtual"><scope>renderer_pos_info_t</scope><name>sx</name></member>
    </listofallmembers>
  </compounddef>
</doxygen>
