<?xml version='1.0' encoding='UTF-8' standalone='no'?>
<doxygen xmlns:xsi="http://www.w3.org/2001/XMLSchema-instance" xsi:noNamespaceSchemaLocation="compound.xsd" version="1.9.3" xml:lang="en-US">
  <compounddef id="structirs__server__opts__t" kind="struct" language="C++" prot="public">
    <compoundname>irs_server_opts_t</compoundname>
      <sectiondef kind="public-attrib">
      <memberdef kind="variable" id="structirs__server__opts__t_1aa18f5d56a34f8560dca0abdd71cdf0b5" prot="public" static="no" mutable="no">
        <type>size_t</type>
        <definition>size_t irs_server_opts_t::cb</definition>
        <argsstring></argsstring>
        <name>cb</name>
        <qualifiedname>irs_server_opts_t::cb</qualifiedname>
        <initializer>= sizeof(*this)</initializer>
        <briefdescription>
        </briefdescription>
        <detaileddescription>
        </detaileddescription>
        <inbodydescription>
        </inbodydescription>
        <location file="obj/x64_linux_gcc_32_opt_pro/idasdk/network.hpp" line="339" column="10" bodyfile="obj/x64_linux_gcc_32_opt_pro/idasdk/network.hpp" bodystart="339" bodyend="-1"/>
      </memberdef>
      <memberdef kind="variable" id="structirs__server__opts__t_1aa19d947eeeff1e3fb05d59136336b7dd" prot="public" static="no" mutable="no">
        <type><ref refid="structhost__port__t" kindref="compound">host_port_t</ref></type>
        <definition>host_port_t irs_server_opts_t::bind</definition>
        <argsstring></argsstring>
        <name>bind</name>
        <qualifiedname>irs_server_opts_t::bind</qualifiedname>
        <briefdescription>
        </briefdescription>
        <detaileddescription>
        </detaileddescription>
        <inbodydescription>
        </inbodydescription>
        <location file="obj/x64_linux_gcc_32_opt_pro/idasdk/network.hpp" line="340" column="15" bodyfile="obj/x64_linux_gcc_32_opt_pro/idasdk/network.hpp" bodystart="340" bodyend="-1"/>
      </memberdef>
      <memberdef kind="variable" id="structirs__server__opts__t_1a9185c7cac1eabbf90d217b0248f2eac4" prot="public" static="no" mutable="no">
        <type><ref refid="pro_8h_1a386c10c6aa4340f1d63df85f40454fce" kindref="member">qstring</ref></type>
        <definition>qstring irs_server_opts_t::certchain_path</definition>
        <argsstring></argsstring>
        <name>certchain_path</name>
        <qualifiedname>irs_server_opts_t::certchain_path</qualifiedname>
        <briefdescription>
        </briefdescription>
        <detaileddescription>
        </detaileddescription>
        <inbodydescription>
        </inbodydescription>
        <location file="obj/x64_linux_gcc_32_opt_pro/idasdk/network.hpp" line="341" column="11" bodyfile="obj/x64_linux_gcc_32_opt_pro/idasdk/network.hpp" bodystart="341" bodyend="-1"/>
      </memberdef>
      <memberdef kind="variable" id="structirs__server__opts__t_1a1149cd23ba2795d0a10cae424bda3ccf" prot="public" static="no" mutable="no">
        <type><ref refid="pro_8h_1a386c10c6aa4340f1d63df85f40454fce" kindref="member">qstring</ref></type>
        <definition>qstring irs_server_opts_t::privkey_path</definition>
        <argsstring></argsstring>
        <name>privkey_path</name>
        <qualifiedname>irs_server_opts_t::privkey_path</qualifiedname>
        <briefdescription>
        </briefdescription>
        <detaileddescription>
        </detaileddescription>
        <inbodydescription>
        </inbodydescription>
        <location file="obj/x64_linux_gcc_32_opt_pro/idasdk/network.hpp" line="342" column="11" bodyfile="obj/x64_linux_gcc_32_opt_pro/idasdk/network.hpp" bodystart="342" bodyend="-1"/>
      </memberdef>
      </sectiondef>
      <sectiondef kind="public-func">
      <memberdef kind="function" id="structirs__server__opts__t_1a488d5ecd8c36f622c7427dee65709863" prot="public" static="no" const="no" explicit="no" inline="yes" virt="non-virtual">
        <type></type>
        <definition>irs_server_opts_t::irs_server_opts_t</definition>
        <argsstring>()</argsstring>
        <name>irs_server_opts_t</name>
        <qualifiedname>irs_server_opts_t::irs_server_opts_t</qualifiedname>
        <briefdescription>
        </briefdescription>
        <detaileddescription>
        </detaileddescription>
        <inbodydescription>
        </inbodydescription>
        <location file="obj/x64_linux_gcc_32_opt_pro/idasdk/network.hpp" line="344" column="3" bodyfile="obj/x64_linux_gcc_32_opt_pro/idasdk/network.hpp" bodystart="344" bodyend="344"/>
      </memberdef>
      <memberdef kind="function" id="structirs__server__opts__t_1a95b680dfe1b9e0d7c0c4fbce68200381" prot="public" static="no" const="no" explicit="no" inline="yes" virt="non-virtual">
        <type></type>
        <definition>irs_server_opts_t::irs_server_opts_t</definition>
        <argsstring>(const qstring &amp;_host, int _port)</argsstring>
        <name>irs_server_opts_t</name>
        <qualifiedname>irs_server_opts_t::irs_server_opts_t</qualifiedname>
        <param>
          <type>const <ref refid="pro_8h_1a386c10c6aa4340f1d63df85f40454fce" kindref="member">qstring</ref> &amp;</type>
          <declname>_host</declname>
        </param>
        <param>
          <type>int</type>
          <declname>_port</declname>
        </param>
        <briefdescription>
        </briefdescription>
        <detaileddescription>
        </detaileddescription>
        <inbodydescription>
        </inbodydescription>
        <location file="obj/x64_linux_gcc_32_opt_pro/idasdk/network.hpp" line="345" column="3" bodyfile="obj/x64_linux_gcc_32_opt_pro/idasdk/network.hpp" bodystart="345" bodyend="346"/>
      </memberdef>
      </sectiondef>
    <briefdescription>
    </briefdescription>
    <detaileddescription>
    </detaileddescription>
    <collaborationgraph>
      <node id="3">
        <label>_qstring&lt; char &gt;</label>
        <link refid="class__qstring"/>
      </node>
      <node id="2">
        <label>host_port_t</label>
        <link refid="structhost__port__t"/>
        <childnode refid="3" relation="usage">
          <edgelabel>host</edgelabel>
        </childnode>
      </node>
      <node id="1">
        <label>irs_server_opts_t</label>
        <link refid="structirs__server__opts__t"/>
        <childnode refid="2" relation="usage">
          <edgelabel>bind</edgelabel>
        </childnode>
        <childnode refid="3" relation="usage">
          <edgelabel>certchain_path</edgelabel>
          <edgelabel>privkey_path</edgelabel>
        </childnode>
      </node>
    </collaborationgraph>
    <location file="obj/x64_linux_gcc_32_opt_pro/idasdk/network.hpp" line="337" column="1" bodyfile="obj/x64_linux_gcc_32_opt_pro/idasdk/network.hpp" bodystart="338" bodyend="347"/>
    <listofallmembers>
      <member refid="structirs__server__opts__t_1aa19d947eeeff1e3fb05d59136336b7dd" prot="public" virt="non-virtual"><scope>irs_server_opts_t</scope><name>bind</name></member>
      <member refid="structirs__server__opts__t_1aa18f5d56a34f8560dca0abdd71cdf0b5" prot="public" virt="non-virtual"><scope>irs_server_opts_t</scope><name>cb</name></member>
      <member refid="structirs__server__opts__t_1a9185c7cac1eabbf90d217b0248f2eac4" prot="public" virt="non-virtual"><scope>irs_server_opts_t</scope><name>certchain_path</name></member>
      <member refid="structirs__server__opts__t_1a488d5ecd8c36f622c7427dee65709863" prot="public" virt="non-virtual"><scope>irs_server_opts_t</scope><name>irs_server_opts_t</name></member>
      <member refid="structirs__server__opts__t_1a95b680dfe1b9e0d7c0c4fbce68200381" prot="public" virt="non-virtual"><scope>irs_server_opts_t</scope><name>irs_server_opts_t</name></member>
      <member refid="structirs__server__opts__t_1a1149cd23ba2795d0a10cae424bda3ccf" prot="public" virt="non-virtual"><scope>irs_server_opts_t</scope><name>privkey_path</name></member>
    </listofallmembers>
  </compounddef>
</doxygen>
