<?xml version='1.0' encoding='UTF-8' standalone='no'?>
<doxygen xmlns:xsi="http://www.w3.org/2001/XMLSchema-instance" xsi:noNamespaceSchemaLocation="compound.xsd" version="1.8.15">
  <compounddef id="structbase__dispatcher__t" kind="struct" language="C++" prot="public" abstract="yes">
    <compoundname>base_dispatcher_t</compoundname>
      <sectiondef kind="public-attrib">
      <memberdef kind="variable" id="structbase__dispatcher__t_1aef27710c9c5a3c41a8a91151c66a631a" prot="public" static="no" mutable="no">
        <type><ref refid="pro_8h_1a386c10c6aa4340f1d63df85f40454fce" kindref="member">qstring</ref></type>
        <definition>qstring base_dispatcher_t::ipv4_address</definition>
        <argsstring></argsstring>
        <name>ipv4_address</name>
        <briefdescription>
        </briefdescription>
        <detaileddescription>
        </detaileddescription>
        <inbodydescription>
        </inbodydescription>
        <location file="obj/x64_linux_gcc_32_opt/3/idasdk/network.hpp" line="320" column="1" bodyfile="obj/x64_linux_gcc_32_opt/3/idasdk/network.hpp" bodystart="320" bodyend="-1"/>
      </memberdef>
      <memberdef kind="variable" id="structbase__dispatcher__t_1ad3e7f2b4c8352ef7b7da3b014b3e2cac" prot="public" static="no" mutable="no">
        <type><ref refid="pro_8h_1a386c10c6aa4340f1d63df85f40454fce" kindref="member">qstring</ref></type>
        <definition>qstring base_dispatcher_t::certchain</definition>
        <argsstring></argsstring>
        <name>certchain</name>
        <briefdescription>
        </briefdescription>
        <detaileddescription>
        </detaileddescription>
        <inbodydescription>
        </inbodydescription>
        <location file="obj/x64_linux_gcc_32_opt/3/idasdk/network.hpp" line="321" column="1" bodyfile="obj/x64_linux_gcc_32_opt/3/idasdk/network.hpp" bodystart="321" bodyend="-1"/>
      </memberdef>
      <memberdef kind="variable" id="structbase__dispatcher__t_1a82a584242dbb2f454b2c4d80875b90d8" prot="public" static="no" mutable="no">
        <type><ref refid="pro_8h_1a386c10c6aa4340f1d63df85f40454fce" kindref="member">qstring</ref></type>
        <definition>qstring base_dispatcher_t::privkey</definition>
        <argsstring></argsstring>
        <name>privkey</name>
        <briefdescription>
        </briefdescription>
        <detaileddescription>
        </detaileddescription>
        <inbodydescription>
        </inbodydescription>
        <location file="obj/x64_linux_gcc_32_opt/3/idasdk/network.hpp" line="322" column="1" bodyfile="obj/x64_linux_gcc_32_opt/3/idasdk/network.hpp" bodystart="322" bodyend="-1"/>
      </memberdef>
      <memberdef kind="variable" id="structbase__dispatcher__t_1ac2bc2a6d384cdb24667889afa6f2e3dd" prot="public" static="no" mutable="no">
        <type>idarpc_stream_t *</type>
        <definition>idarpc_stream_t* base_dispatcher_t::irs</definition>
        <argsstring></argsstring>
        <name>irs</name>
        <initializer>= nullptr</initializer>
        <briefdescription>
        </briefdescription>
        <detaileddescription>
        </detaileddescription>
        <inbodydescription>
        </inbodydescription>
        <location file="obj/x64_linux_gcc_32_opt/3/idasdk/network.hpp" line="323" column="1" bodyfile="obj/x64_linux_gcc_32_opt/3/idasdk/network.hpp" bodystart="323" bodyend="-1"/>
      </memberdef>
      <memberdef kind="variable" id="structbase__dispatcher__t_1ac7e8c84e62a8cceec0eca280fd944627" prot="public" static="no" mutable="no">
        <type><ref refid="structclient__handlers__list__t" kindref="compound">client_handlers_list_t</ref> *</type>
        <definition>client_handlers_list_t* base_dispatcher_t::clients_list</definition>
        <argsstring></argsstring>
        <name>clients_list</name>
        <initializer>= nullptr</initializer>
        <briefdescription>
        </briefdescription>
        <detaileddescription>
        </detaileddescription>
        <inbodydescription>
        </inbodydescription>
        <location file="obj/x64_linux_gcc_32_opt/3/idasdk/network.hpp" line="324" column="1" bodyfile="obj/x64_linux_gcc_32_opt/3/idasdk/network.hpp" bodystart="324" bodyend="-1"/>
      </memberdef>
      <memberdef kind="variable" id="structbase__dispatcher__t_1ae1c562f8bf7b58726898396dcec8e417" prot="public" static="no" mutable="no">
        <type><ref refid="pro_8h_1ab95f123a6c9bcfee6a343170ef8c5f69" kindref="member">ushort</ref></type>
        <definition>ushort base_dispatcher_t::port_number</definition>
        <argsstring></argsstring>
        <name>port_number</name>
        <initializer>= -1</initializer>
        <briefdescription>
        </briefdescription>
        <detaileddescription>
        </detaileddescription>
        <inbodydescription>
        </inbodydescription>
        <location file="obj/x64_linux_gcc_32_opt/3/idasdk/network.hpp" line="325" column="1" bodyfile="obj/x64_linux_gcc_32_opt/3/idasdk/network.hpp" bodystart="325" bodyend="-1"/>
      </memberdef>
      <memberdef kind="variable" id="structbase__dispatcher__t_1aeb3468490501b7afafb7c878271a8ae3" prot="public" static="no" mutable="no">
        <type>bool</type>
        <definition>bool base_dispatcher_t::use_tls</definition>
        <argsstring></argsstring>
        <name>use_tls</name>
        <initializer>= false</initializer>
        <briefdescription>
        </briefdescription>
        <detaileddescription>
        </detaileddescription>
        <inbodydescription>
        </inbodydescription>
        <location file="obj/x64_linux_gcc_32_opt/3/idasdk/network.hpp" line="326" column="1" bodyfile="obj/x64_linux_gcc_32_opt/3/idasdk/network.hpp" bodystart="326" bodyend="-1"/>
      </memberdef>
      <memberdef kind="variable" id="structbase__dispatcher__t_1ad72b5ab6450e71c1bfb704d72535aa7f" prot="public" static="no" mutable="no">
        <type>bool</type>
        <definition>bool base_dispatcher_t::verbose</definition>
        <argsstring></argsstring>
        <name>verbose</name>
        <initializer>= false</initializer>
        <briefdescription>
        </briefdescription>
        <detaileddescription>
        </detaileddescription>
        <inbodydescription>
        </inbodydescription>
        <location file="obj/x64_linux_gcc_32_opt/3/idasdk/network.hpp" line="327" column="1" bodyfile="obj/x64_linux_gcc_32_opt/3/idasdk/network.hpp" bodystart="327" bodyend="-1"/>
      </memberdef>
      </sectiondef>
      <sectiondef kind="public-func">
      <memberdef kind="function" id="structbase__dispatcher__t_1af3f1bded08bb90970005655901926922" prot="public" static="no" const="no" explicit="no" inline="no" virt="non-virtual">
        <type></type>
        <definition>base_dispatcher_t::base_dispatcher_t</definition>
        <argsstring>(bool multi_threaded)</argsstring>
        <name>base_dispatcher_t</name>
        <param>
          <type>bool</type>
          <declname>multi_threaded</declname>
        </param>
        <briefdescription>
        </briefdescription>
        <detaileddescription>
        </detaileddescription>
        <inbodydescription>
        </inbodydescription>
        <location file="obj/x64_linux_gcc_32_opt/3/idasdk/network.hpp" line="329" column="1"/>
      </memberdef>
      <memberdef kind="function" id="structbase__dispatcher__t_1ac0f2b04fc8e2c91aa3a2164e3d2bae27" prot="public" static="no" const="no" explicit="no" inline="no" virt="virtual">
        <type></type>
        <definition>virtual base_dispatcher_t::~base_dispatcher_t</definition>
        <argsstring>()</argsstring>
        <name>~base_dispatcher_t</name>
        <briefdescription>
        </briefdescription>
        <detaileddescription>
        </detaileddescription>
        <inbodydescription>
        </inbodydescription>
        <location file="obj/x64_linux_gcc_32_opt/3/idasdk/network.hpp" line="330" column="1"/>
      </memberdef>
      <memberdef kind="function" id="structbase__dispatcher__t_1ae7444a4fcb100b88590216c2555f32ff" prot="public" static="no" const="no" explicit="no" inline="no" virt="non-virtual">
        <type>NORETURN void</type>
        <definition>NORETURN void base_dispatcher_t::dispatch</definition>
        <argsstring>()</argsstring>
        <name>dispatch</name>
        <briefdescription>
        </briefdescription>
        <detaileddescription>
        </detaileddescription>
        <inbodydescription>
        </inbodydescription>
        <location file="obj/x64_linux_gcc_32_opt/3/idasdk/network.hpp" line="331" column="1"/>
      </memberdef>
      <memberdef kind="function" id="structbase__dispatcher__t_1a74823c3433450dd50bf06c688e969826" prot="public" static="no" const="no" explicit="no" inline="no" virt="virtual">
        <type>void</type>
        <definition>virtual void base_dispatcher_t::collect_cliopts</definition>
        <argsstring>(cliopts_t *out)</argsstring>
        <name>collect_cliopts</name>
        <param>
          <type><ref refid="structcliopts__t" kindref="compound">cliopts_t</ref> *</type>
          <declname>out</declname>
        </param>
        <briefdescription>
        </briefdescription>
        <detaileddescription>
        </detaileddescription>
        <inbodydescription>
        </inbodydescription>
        <location file="obj/x64_linux_gcc_32_opt/3/idasdk/network.hpp" line="333" column="1"/>
      </memberdef>
      <memberdef kind="function" id="structbase__dispatcher__t_1ae2b154c9fd03bb167cf19f8403ba10c7" prot="public" static="no" const="no" explicit="no" inline="no" virt="non-virtual">
        <type>void</type>
        <definition>void base_dispatcher_t::install_signal_handlers</definition>
        <argsstring>()</argsstring>
        <name>install_signal_handlers</name>
        <briefdescription>
        </briefdescription>
        <detaileddescription>
        </detaileddescription>
        <inbodydescription>
        </inbodydescription>
        <location file="obj/x64_linux_gcc_32_opt/3/idasdk/network.hpp" line="336" column="1"/>
      </memberdef>
      <memberdef kind="function" id="structbase__dispatcher__t_1a10a37f6fcc57b3d7544180b6709e94a9" prot="public" static="no" const="no" explicit="no" inline="no" virt="pure-virtual">
        <type><ref refid="structclient__handler__t" kindref="compound">client_handler_t</ref> *</type>
        <definition>virtual client_handler_t* base_dispatcher_t::new_client_handler</definition>
        <argsstring>(idarpc_stream_t *_irs)=0</argsstring>
        <name>new_client_handler</name>
        <param>
          <type>idarpc_stream_t *</type>
          <declname>_irs</declname>
        </param>
        <briefdescription>
        </briefdescription>
        <detaileddescription>
        </detaileddescription>
        <inbodydescription>
        </inbodydescription>
        <location file="obj/x64_linux_gcc_32_opt/3/idasdk/network.hpp" line="339" column="1"/>
      </memberdef>
      <memberdef kind="function" id="structbase__dispatcher__t_1a75a936552494714577ea987be477be5d" prot="public" static="no" const="no" explicit="no" inline="no" virt="non-virtual">
        <type>void</type>
        <definition>void base_dispatcher_t::delete_client_handler</definition>
        <argsstring>(client_handler_t *inst)</argsstring>
        <name>delete_client_handler</name>
        <param>
          <type><ref refid="structclient__handler__t" kindref="compound">client_handler_t</ref> *</type>
          <declname>inst</declname>
        </param>
        <briefdescription>
        </briefdescription>
        <detaileddescription>
        </detaileddescription>
        <inbodydescription>
        </inbodydescription>
        <location file="obj/x64_linux_gcc_32_opt/3/idasdk/network.hpp" line="340" column="1"/>
      </memberdef>
      <memberdef kind="function" id="structbase__dispatcher__t_1ab12a0d202a616e59c550cd27ad64da52" prot="public" static="no" const="no" explicit="no" inline="no" virt="virtual">
        <type>void</type>
        <definition>virtual void base_dispatcher_t::shutdown_gracefully</definition>
        <argsstring>(int signum)</argsstring>
        <name>shutdown_gracefully</name>
        <param>
          <type>int</type>
          <declname>signum</declname>
        </param>
        <briefdescription>
        </briefdescription>
        <detaileddescription>
        </detaileddescription>
        <inbodydescription>
        </inbodydescription>
        <location file="obj/x64_linux_gcc_32_opt/3/idasdk/network.hpp" line="342" column="1"/>
      </memberdef>
      </sectiondef>
      <sectiondef kind="private-func">
      <memberdef kind="function" id="structbase__dispatcher__t_1a1a2505e016e397d0d76c3db54736ffa8" prot="private" static="no" const="no" explicit="no" inline="no" virt="non-virtual">
        <type>void</type>
        <definition>void base_dispatcher_t::handle_session</definition>
        <argsstring>(client_handler_t *handler)</argsstring>
        <name>handle_session</name>
        <param>
          <type><ref refid="structclient__handler__t" kindref="compound">client_handler_t</ref> *</type>
          <declname>handler</declname>
        </param>
        <briefdescription>
        </briefdescription>
        <detaileddescription>
        </detaileddescription>
        <inbodydescription>
        </inbodydescription>
        <location file="obj/x64_linux_gcc_32_opt/3/idasdk/network.hpp" line="346" column="1"/>
      </memberdef>
      <memberdef kind="function" id="structbase__dispatcher__t_1a340fdc55e300e844efb5bc60837c5a77" prot="private" static="no" const="no" explicit="no" inline="no" virt="non-virtual">
        <type>void</type>
        <definition>void base_dispatcher_t::add_to_clients_list</definition>
        <argsstring>(client_handler_t *handler, qthread_t t)</argsstring>
        <name>add_to_clients_list</name>
        <param>
          <type><ref refid="structclient__handler__t" kindref="compound">client_handler_t</ref> *</type>
          <declname>handler</declname>
        </param>
        <param>
          <type>qthread_t</type>
          <declname>t</declname>
        </param>
        <briefdescription>
        </briefdescription>
        <detaileddescription>
        </detaileddescription>
        <inbodydescription>
        </inbodydescription>
        <location file="obj/x64_linux_gcc_32_opt/3/idasdk/network.hpp" line="347" column="1"/>
      </memberdef>
      <memberdef kind="function" id="structbase__dispatcher__t_1a3ad4d8c45561fc700b5023c56edf5d3f" prot="private" static="no" const="no" explicit="no" inline="no" virt="non-virtual">
        <type></type>
        <definition>base_dispatcher_t::DECLARE_UNCOPYABLE</definition>
        <argsstring>(base_dispatcher_t)</argsstring>
        <name>DECLARE_UNCOPYABLE</name>
        <param>
          <type><ref refid="structbase__dispatcher__t" kindref="compound">base_dispatcher_t</ref></type>
        </param>
        <briefdescription>
        </briefdescription>
        <detaileddescription>
        </detaileddescription>
        <inbodydescription>
        </inbodydescription>
        <location file="obj/x64_linux_gcc_32_opt/3/idasdk/network.hpp" line="348" column="1"/>
      </memberdef>
      </sectiondef>
    <briefdescription>
    </briefdescription>
    <detaileddescription>
    </detaileddescription>
    <collaborationgraph>
      <node id="88">
        <label>base_dispatcher_t</label>
        <link refid="structbase__dispatcher__t"/>
        <childnode refid="89" relation="usage">
          <edgelabel>privkey</edgelabel>
          <edgelabel>certchain</edgelabel>
          <edgelabel>ipv4_address</edgelabel>
        </childnode>
        <childnode refid="90" relation="usage">
          <edgelabel>clients_list</edgelabel>
        </childnode>
      </node>
      <node id="90">
        <label>client_handlers_list_t</label>
        <link refid="structclient__handlers__list__t"/>
      </node>
      <node id="89">
        <label>_qstring&lt; char &gt;</label>
        <link refid="class__qstring"/>
      </node>
    </collaborationgraph>
    <location file="obj/x64_linux_gcc_32_opt/3/idasdk/network.hpp" line="319" column="1" bodyfile="obj/x64_linux_gcc_32_opt/3/idasdk/network.hpp" bodystart="318" bodyend="349"/>
    <listofallmembers>
      <member refid="structbase__dispatcher__t_1a340fdc55e300e844efb5bc60837c5a77" prot="private" virt="non-virtual"><scope>base_dispatcher_t</scope><name>add_to_clients_list</name></member>
      <member refid="structbase__dispatcher__t_1af3f1bded08bb90970005655901926922" prot="public" virt="non-virtual"><scope>base_dispatcher_t</scope><name>base_dispatcher_t</name></member>
      <member refid="structbase__dispatcher__t_1ad3e7f2b4c8352ef7b7da3b014b3e2cac" prot="public" virt="non-virtual"><scope>base_dispatcher_t</scope><name>certchain</name></member>
      <member refid="structbase__dispatcher__t_1ac7e8c84e62a8cceec0eca280fd944627" prot="public" virt="non-virtual"><scope>base_dispatcher_t</scope><name>clients_list</name></member>
      <member refid="structbase__dispatcher__t_1a74823c3433450dd50bf06c688e969826" prot="public" virt="virtual"><scope>base_dispatcher_t</scope><name>collect_cliopts</name></member>
      <member refid="structbase__dispatcher__t_1a3ad4d8c45561fc700b5023c56edf5d3f" prot="private" virt="non-virtual"><scope>base_dispatcher_t</scope><name>DECLARE_UNCOPYABLE</name></member>
      <member refid="structbase__dispatcher__t_1a75a936552494714577ea987be477be5d" prot="public" virt="non-virtual"><scope>base_dispatcher_t</scope><name>delete_client_handler</name></member>
      <member refid="structbase__dispatcher__t_1ae7444a4fcb100b88590216c2555f32ff" prot="public" virt="non-virtual"><scope>base_dispatcher_t</scope><name>dispatch</name></member>
      <member refid="structbase__dispatcher__t_1a1a2505e016e397d0d76c3db54736ffa8" prot="private" virt="non-virtual"><scope>base_dispatcher_t</scope><name>handle_session</name></member>
      <member refid="structbase__dispatcher__t_1ae2b154c9fd03bb167cf19f8403ba10c7" prot="public" virt="non-virtual"><scope>base_dispatcher_t</scope><name>install_signal_handlers</name></member>
      <member refid="structbase__dispatcher__t_1aef27710c9c5a3c41a8a91151c66a631a" prot="public" virt="non-virtual"><scope>base_dispatcher_t</scope><name>ipv4_address</name></member>
      <member refid="structbase__dispatcher__t_1ac2bc2a6d384cdb24667889afa6f2e3dd" prot="public" virt="non-virtual"><scope>base_dispatcher_t</scope><name>irs</name></member>
      <member refid="structbase__dispatcher__t_1a10a37f6fcc57b3d7544180b6709e94a9" prot="public" virt="pure-virtual"><scope>base_dispatcher_t</scope><name>new_client_handler</name></member>
      <member refid="structbase__dispatcher__t_1ae1c562f8bf7b58726898396dcec8e417" prot="public" virt="non-virtual"><scope>base_dispatcher_t</scope><name>port_number</name></member>
      <member refid="structbase__dispatcher__t_1a82a584242dbb2f454b2c4d80875b90d8" prot="public" virt="non-virtual"><scope>base_dispatcher_t</scope><name>privkey</name></member>
      <member refid="structbase__dispatcher__t_1ab12a0d202a616e59c550cd27ad64da52" prot="public" virt="virtual"><scope>base_dispatcher_t</scope><name>shutdown_gracefully</name></member>
      <member refid="structbase__dispatcher__t_1aeb3468490501b7afafb7c878271a8ae3" prot="public" virt="non-virtual"><scope>base_dispatcher_t</scope><name>use_tls</name></member>
      <member refid="structbase__dispatcher__t_1ad72b5ab6450e71c1bfb704d72535aa7f" prot="public" virt="non-virtual"><scope>base_dispatcher_t</scope><name>verbose</name></member>
      <member refid="structbase__dispatcher__t_1ac0f2b04fc8e2c91aa3a2164e3d2bae27" prot="public" virt="virtual"><scope>base_dispatcher_t</scope><name>~base_dispatcher_t</name></member>
    </listofallmembers>
  </compounddef>
</doxygen>
