<?xml version='1.0' encoding='UTF-8' standalone='no'?>
<doxygen xmlns:xsi="http://www.w3.org/2001/XMLSchema-instance" xsi:noNamespaceSchemaLocation="compound.xsd" version="1.9.3" xml:lang="en-US">
  <compounddef id="structnetwork__client__handler__t" kind="struct" language="C++" prot="public" abstract="yes">
    <compoundname>network_client_handler_t</compoundname>
      <sectiondef kind="public-attrib">
      <memberdef kind="variable" id="structnetwork__client__handler__t_1ab2315ea9cdfaea02bff90be448c479bd" prot="public" static="no" mutable="no">
        <type>FILE *</type>
        <definition>FILE* network_client_handler_t::channels[16]</definition>
        <argsstring>[16]</argsstring>
        <name>channels</name>
        <qualifiedname>network_client_handler_t::channels</qualifiedname>
        <briefdescription>
        </briefdescription>
        <detaileddescription>
        </detaileddescription>
        <inbodydescription>
        </inbodydescription>
        <location file="obj/x64_linux_gcc_32_opt_pro/idasdk/network.hpp" line="430" column="8" bodyfile="obj/x64_linux_gcc_32_opt_pro/idasdk/network.hpp" bodystart="430" bodyend="-1"/>
      </memberdef>
      <memberdef kind="variable" id="structnetwork__client__handler__t_1aa220c03a4ca544684278e0e28e44c2e6" prot="public" static="no" mutable="no">
        <type>idarpc_stream_t *</type>
        <definition>idarpc_stream_t* network_client_handler_t::irs</definition>
        <argsstring></argsstring>
        <name>irs</name>
        <qualifiedname>network_client_handler_t::irs</qualifiedname>
        <briefdescription>
        </briefdescription>
        <detaileddescription>
        </detaileddescription>
        <inbodydescription>
        </inbodydescription>
        <location file="obj/x64_linux_gcc_32_opt_pro/idasdk/network.hpp" line="431" column="19" bodyfile="obj/x64_linux_gcc_32_opt_pro/idasdk/network.hpp" bodystart="431" bodyend="-1"/>
      </memberdef>
      <memberdef kind="variable" id="structnetwork__client__handler__t_1a7244422b13533956febf7a98e3f59b6d" prot="public" static="no" mutable="no">
        <type><ref refid="pro_8h_1a386c10c6aa4340f1d63df85f40454fce" kindref="member">qstring</ref></type>
        <definition>qstring network_client_handler_t::peer_name</definition>
        <argsstring></argsstring>
        <name>peer_name</name>
        <qualifiedname>network_client_handler_t::peer_name</qualifiedname>
        <briefdescription>
        </briefdescription>
        <detaileddescription>
        </detaileddescription>
        <inbodydescription>
        </inbodydescription>
        <location file="obj/x64_linux_gcc_32_opt_pro/idasdk/network.hpp" line="432" column="11" bodyfile="obj/x64_linux_gcc_32_opt_pro/idasdk/network.hpp" bodystart="432" bodyend="-1"/>
      </memberdef>
      <memberdef kind="variable" id="structnetwork__client__handler__t_1ad6dca9db97712e30d4ec395607a2d785" prot="public" static="no" mutable="no">
        <type><ref refid="pro_8h_1a1134b580f8da4de94ca6b1de4d37975e" kindref="member">uint32</ref></type>
        <definition>uint32 network_client_handler_t::session_id</definition>
        <argsstring></argsstring>
        <name>session_id</name>
        <qualifiedname>network_client_handler_t::session_id</qualifiedname>
        <briefdescription>
        </briefdescription>
        <detaileddescription>
        </detaileddescription>
        <inbodydescription>
        </inbodydescription>
        <location file="obj/x64_linux_gcc_32_opt_pro/idasdk/network.hpp" line="433" column="10" bodyfile="obj/x64_linux_gcc_32_opt_pro/idasdk/network.hpp" bodystart="433" bodyend="-1"/>
      </memberdef>
      <memberdef kind="variable" id="structnetwork__client__handler__t_1a9407658a6996d9cb7d7b04ec80a779dd" prot="public" static="no" mutable="no">
        <type>utc_timestamp_t</type>
        <definition>utc_timestamp_t network_client_handler_t::session_start</definition>
        <argsstring></argsstring>
        <name>session_start</name>
        <qualifiedname>network_client_handler_t::session_start</qualifiedname>
        <briefdescription>
        </briefdescription>
        <detaileddescription>
        </detaileddescription>
        <inbodydescription>
        </inbodydescription>
        <location file="obj/x64_linux_gcc_32_opt_pro/idasdk/network.hpp" line="434" column="19" bodyfile="obj/x64_linux_gcc_32_opt_pro/idasdk/network.hpp" bodystart="434" bodyend="-1"/>
      </memberdef>
      <memberdef kind="variable" id="structnetwork__client__handler__t_1ab91bccc3d4824af596f7ef87b437a8fb" prot="public" static="no" mutable="no">
        <type>bool</type>
        <definition>bool network_client_handler_t::verbose</definition>
        <argsstring></argsstring>
        <name>verbose</name>
        <qualifiedname>network_client_handler_t::verbose</qualifiedname>
        <briefdescription>
        </briefdescription>
        <detaileddescription>
        </detaileddescription>
        <inbodydescription>
        </inbodydescription>
        <location file="obj/x64_linux_gcc_32_opt_pro/idasdk/network.hpp" line="435" column="8" bodyfile="obj/x64_linux_gcc_32_opt_pro/idasdk/network.hpp" bodystart="435" bodyend="-1"/>
      </memberdef>
      </sectiondef>
      <sectiondef kind="public-func">
      <memberdef kind="function" id="structnetwork__client__handler__t_1a02d763e8271e90071f70d026666705f5" prot="public" static="no" const="no" explicit="no" inline="no" virt="non-virtual">
        <type>void</type>
        <definition>void network_client_handler_t::close_all_channels</definition>
        <argsstring>()</argsstring>
        <name>close_all_channels</name>
        <qualifiedname>network_client_handler_t::close_all_channels</qualifiedname>
        <briefdescription>
        </briefdescription>
        <detaileddescription>
        </detaileddescription>
        <inbodydescription>
        </inbodydescription>
        <location file="obj/x64_linux_gcc_32_opt_pro/idasdk/network.hpp" line="437" column="8"/>
      </memberdef>
      <memberdef kind="function" id="structnetwork__client__handler__t_1a207e0857e8344ad24e4798a03ea391d1" prot="public" static="no" const="no" explicit="no" inline="no" virt="non-virtual">
        <type>void</type>
        <definition>void network_client_handler_t::clear_channels</definition>
        <argsstring>()</argsstring>
        <name>clear_channels</name>
        <qualifiedname>network_client_handler_t::clear_channels</qualifiedname>
        <briefdescription>
        </briefdescription>
        <detaileddescription>
        </detaileddescription>
        <inbodydescription>
        </inbodydescription>
        <location file="obj/x64_linux_gcc_32_opt_pro/idasdk/network.hpp" line="438" column="8"/>
      </memberdef>
      <memberdef kind="function" id="structnetwork__client__handler__t_1ad413d5cc80cfdcb446f00d4afdef708a" prot="public" static="no" const="yes" explicit="no" inline="no" virt="non-virtual">
        <type>int</type>
        <definition>int network_client_handler_t::find_free_channel</definition>
        <argsstring>() const</argsstring>
        <name>find_free_channel</name>
        <qualifiedname>network_client_handler_t::find_free_channel</qualifiedname>
        <briefdescription>
        </briefdescription>
        <detaileddescription>
        </detaileddescription>
        <inbodydescription>
        </inbodydescription>
        <location file="obj/x64_linux_gcc_32_opt_pro/idasdk/network.hpp" line="439" column="7"/>
      </memberdef>
      <memberdef kind="function" id="structnetwork__client__handler__t_1ab0986a3fe4eb2572554ff7d4915c3657" prot="public" static="no" const="no" explicit="no" inline="no" virt="non-virtual">
        <type></type>
        <definition>network_client_handler_t::network_client_handler_t</definition>
        <argsstring>(idarpc_stream_t *_irs, bool _verbose)</argsstring>
        <name>network_client_handler_t</name>
        <qualifiedname>network_client_handler_t::network_client_handler_t</qualifiedname>
        <param>
          <type>idarpc_stream_t *</type>
          <declname>_irs</declname>
        </param>
        <param>
          <type>bool</type>
          <declname>_verbose</declname>
        </param>
        <briefdescription>
        </briefdescription>
        <detaileddescription>
        </detaileddescription>
        <inbodydescription>
        </inbodydescription>
        <location file="obj/x64_linux_gcc_32_opt_pro/idasdk/network.hpp" line="441" column="3"/>
      </memberdef>
      <memberdef kind="function" id="structnetwork__client__handler__t_1a271bfb0d192d1ebea3455a34eb108737" prot="public" static="no" const="no" explicit="no" inline="no" virt="virtual">
        <type></type>
        <definition>virtual network_client_handler_t::~network_client_handler_t</definition>
        <argsstring>()</argsstring>
        <name>~network_client_handler_t</name>
        <qualifiedname>network_client_handler_t::~network_client_handler_t</qualifiedname>
        <briefdescription>
        </briefdescription>
        <detaileddescription>
        </detaileddescription>
        <inbodydescription>
        </inbodydescription>
        <location file="obj/x64_linux_gcc_32_opt_pro/idasdk/network.hpp" line="442" column="11"/>
      </memberdef>
      <memberdef kind="function" id="structnetwork__client__handler__t_1a250795761dd194829755af360d50f270" prot="public" static="no" const="no" explicit="no" inline="no" virt="pure-virtual">
        <type>bool</type>
        <definition>virtual bool network_client_handler_t::handle</definition>
        <argsstring>()=0</argsstring>
        <name>handle</name>
        <qualifiedname>network_client_handler_t::handle</qualifiedname>
        <briefdescription>
        </briefdescription>
        <detaileddescription>
        </detaileddescription>
        <inbodydescription>
        </inbodydescription>
        <location file="obj/x64_linux_gcc_32_opt_pro/idasdk/network.hpp" line="444" column="16"/>
      </memberdef>
      <memberdef kind="function" id="structnetwork__client__handler__t_1a09727ee96c8c4e7f900974036dd880a0" prot="public" static="no" const="no" explicit="no" inline="no" virt="pure-virtual">
        <type>void</type>
        <definition>virtual void network_client_handler_t::shutdown_gracefully</definition>
        <argsstring>(int signum)=0</argsstring>
        <name>shutdown_gracefully</name>
        <qualifiedname>network_client_handler_t::shutdown_gracefully</qualifiedname>
        <param>
          <type>int</type>
          <declname>signum</declname>
        </param>
        <briefdescription>
        </briefdescription>
        <detaileddescription>
        </detaileddescription>
        <inbodydescription>
        </inbodydescription>
        <location file="obj/x64_linux_gcc_32_opt_pro/idasdk/network.hpp" line="445" column="16"/>
      </memberdef>
      <memberdef kind="function" id="structnetwork__client__handler__t_1a79f1ea6a43a0ea26d82dad9df8fa5d15" prot="public" static="no" const="no" explicit="no" inline="no" virt="non-virtual">
        <type>void</type>
        <definition>void network_client_handler_t::term_irs</definition>
        <argsstring>()</argsstring>
        <name>term_irs</name>
        <qualifiedname>network_client_handler_t::term_irs</qualifiedname>
        <briefdescription>
        </briefdescription>
        <detaileddescription>
        </detaileddescription>
        <inbodydescription>
        </inbodydescription>
        <location file="obj/x64_linux_gcc_32_opt_pro/idasdk/network.hpp" line="447" column="8"/>
      </memberdef>
      <memberdef kind="function" id="structnetwork__client__handler__t_1ad6f909911845497ef0103c940d0397b4" prot="public" static="no" const="yes" explicit="no" inline="yes" virt="non-virtual">
        <type>int</type>
        <definition>int network_client_handler_t::lprintf</definition>
        <argsstring>(const char *format,...) const</argsstring>
        <name>lprintf</name>
        <qualifiedname>network_client_handler_t::lprintf</qualifiedname>
        <param>
          <type>const char *</type>
          <declname>format</declname>
        </param>
        <param>
          <type>...</type>
        </param>
        <briefdescription>
        </briefdescription>
        <detaileddescription>
        </detaileddescription>
        <inbodydescription>
        </inbodydescription>
        <location file="obj/x64_linux_gcc_32_opt_pro/idasdk/network.hpp" line="449" column="8" bodyfile="obj/x64_linux_gcc_32_opt_pro/idasdk/network.hpp" bodystart="449" bodyend="456"/>
      </memberdef>
      <memberdef kind="function" id="structnetwork__client__handler__t_1a18b0458e1fc9f129ae466be7fa181f88" prot="public" static="no" const="yes" explicit="no" inline="no" virt="non-virtual">
        <type>int</type>
        <definition>int network_client_handler_t::vlprintf</definition>
        <argsstring>(const char *format, va_list va) const</argsstring>
        <name>vlprintf</name>
        <qualifiedname>network_client_handler_t::vlprintf</qualifiedname>
        <param>
          <type>const char *</type>
          <declname>format</declname>
        </param>
        <param>
          <type>va_list</type>
          <declname>va</declname>
        </param>
        <briefdescription>
        </briefdescription>
        <detaileddescription>
        </detaileddescription>
        <inbodydescription>
        </inbodydescription>
        <location file="obj/x64_linux_gcc_32_opt_pro/idasdk/network.hpp" line="457" column="8"/>
      </memberdef>
      </sectiondef>
      <sectiondef kind="private-func">
      <memberdef kind="function" id="structnetwork__client__handler__t_1a2029069a6f2eb3401021da78696203a9" prot="private" static="no" const="no" explicit="no" inline="no" virt="non-virtual">
        <type></type>
        <definition>network_client_handler_t::DECLARE_UNCOPYABLE</definition>
        <argsstring>(network_client_handler_t)</argsstring>
        <name>DECLARE_UNCOPYABLE</name>
        <qualifiedname>network_client_handler_t::DECLARE_UNCOPYABLE</qualifiedname>
        <param>
          <type><ref refid="structnetwork__client__handler__t" kindref="compound">network_client_handler_t</ref></type>
        </param>
        <briefdescription>
        </briefdescription>
        <detaileddescription>
        </detaileddescription>
        <inbodydescription>
        </inbodydescription>
        <location file="obj/x64_linux_gcc_32_opt_pro/idasdk/network.hpp" line="460" column="3"/>
      </memberdef>
      </sectiondef>
    <briefdescription>
    </briefdescription>
    <detaileddescription>
    </detaileddescription>
    <collaborationgraph>
      <node id="2">
        <label>_qstring&lt; char &gt;</label>
        <link refid="class__qstring"/>
      </node>
      <node id="1">
        <label>network_client_handler_t</label>
        <link refid="structnetwork__client__handler__t"/>
        <childnode refid="2" relation="usage">
          <edgelabel>peer_name</edgelabel>
        </childnode>
      </node>
    </collaborationgraph>
    <location file="obj/x64_linux_gcc_32_opt_pro/idasdk/network.hpp" line="428" column="1" bodyfile="obj/x64_linux_gcc_32_opt_pro/idasdk/network.hpp" bodystart="429" bodyend="461"/>
    <listofallmembers>
      <member refid="structnetwork__client__handler__t_1ab2315ea9cdfaea02bff90be448c479bd" prot="public" virt="non-virtual"><scope>network_client_handler_t</scope><name>channels</name></member>
      <member refid="structnetwork__client__handler__t_1a207e0857e8344ad24e4798a03ea391d1" prot="public" virt="non-virtual"><scope>network_client_handler_t</scope><name>clear_channels</name></member>
      <member refid="structnetwork__client__handler__t_1a02d763e8271e90071f70d026666705f5" prot="public" virt="non-virtual"><scope>network_client_handler_t</scope><name>close_all_channels</name></member>
      <member refid="structnetwork__client__handler__t_1a2029069a6f2eb3401021da78696203a9" prot="private" virt="non-virtual"><scope>network_client_handler_t</scope><name>DECLARE_UNCOPYABLE</name></member>
      <member refid="structnetwork__client__handler__t_1ad413d5cc80cfdcb446f00d4afdef708a" prot="public" virt="non-virtual"><scope>network_client_handler_t</scope><name>find_free_channel</name></member>
      <member refid="structnetwork__client__handler__t_1a250795761dd194829755af360d50f270" prot="public" virt="pure-virtual"><scope>network_client_handler_t</scope><name>handle</name></member>
      <member refid="structnetwork__client__handler__t_1aa220c03a4ca544684278e0e28e44c2e6" prot="public" virt="non-virtual"><scope>network_client_handler_t</scope><name>irs</name></member>
      <member refid="structnetwork__client__handler__t_1ad6f909911845497ef0103c940d0397b4" prot="public" virt="non-virtual"><scope>network_client_handler_t</scope><name>lprintf</name></member>
      <member refid="structnetwork__client__handler__t_1ab0986a3fe4eb2572554ff7d4915c3657" prot="public" virt="non-virtual"><scope>network_client_handler_t</scope><name>network_client_handler_t</name></member>
      <member refid="structnetwork__client__handler__t_1a7244422b13533956febf7a98e3f59b6d" prot="public" virt="non-virtual"><scope>network_client_handler_t</scope><name>peer_name</name></member>
      <member refid="structnetwork__client__handler__t_1ad6dca9db97712e30d4ec395607a2d785" prot="public" virt="non-virtual"><scope>network_client_handler_t</scope><name>session_id</name></member>
      <member refid="structnetwork__client__handler__t_1a9407658a6996d9cb7d7b04ec80a779dd" prot="public" virt="non-virtual"><scope>network_client_handler_t</scope><name>session_start</name></member>
      <member refid="structnetwork__client__handler__t_1a09727ee96c8c4e7f900974036dd880a0" prot="public" virt="pure-virtual"><scope>network_client_handler_t</scope><name>shutdown_gracefully</name></member>
      <member refid="structnetwork__client__handler__t_1a79f1ea6a43a0ea26d82dad9df8fa5d15" prot="public" virt="non-virtual"><scope>network_client_handler_t</scope><name>term_irs</name></member>
      <member refid="structnetwork__client__handler__t_1ab91bccc3d4824af596f7ef87b437a8fb" prot="public" virt="non-virtual"><scope>network_client_handler_t</scope><name>verbose</name></member>
      <member refid="structnetwork__client__handler__t_1a18b0458e1fc9f129ae466be7fa181f88" prot="public" virt="non-virtual"><scope>network_client_handler_t</scope><name>vlprintf</name></member>
      <member refid="structnetwork__client__handler__t_1a271bfb0d192d1ebea3455a34eb108737" prot="public" virt="virtual"><scope>network_client_handler_t</scope><name>~network_client_handler_t</name></member>
    </listofallmembers>
  </compounddef>
</doxygen>
