<?xml version='1.0' encoding='UTF-8' standalone='no'?>
<doxygen xmlns:xsi="http://www.w3.org/2001/XMLSchema-instance" xsi:noNamespaceSchemaLocation="compound.xsd" version="1.9.3" xml:lang="en-US">
  <compounddef id="structload__info__t" kind="struct" language="C++" prot="public">
    <compoundname>load_info_t</compoundname>
    <includes refid="loader_8hpp" local="no">loader.hpp</includes>
      <sectiondef kind="public-attrib">
      <memberdef kind="variable" id="structload__info__t_1a5b4e38caee030bb68057de8f9c0f45e0" prot="public" static="no" mutable="no">
        <type><ref refid="structload__info__t" kindref="compound">load_info_t</ref> *</type>
        <definition>load_info_t* load_info_t::next</definition>
        <argsstring></argsstring>
        <name>next</name>
        <qualifiedname>load_info_t::next</qualifiedname>
        <briefdescription>
        </briefdescription>
        <detaileddescription>
        </detaileddescription>
        <inbodydescription>
        </inbodydescription>
        <location file="obj/x64_linux_gcc_32_opt/idasdk/loader.hpp" line="227" column="15" bodyfile="obj/x64_linux_gcc_32_opt/idasdk/loader.hpp" bodystart="227" bodyend="-1"/>
      </memberdef>
      <memberdef kind="variable" id="structload__info__t_1a405bbb71e8bd33675f2ba5f26c3e4069" prot="public" static="no" mutable="no">
        <type><ref refid="pro_8h_1a386c10c6aa4340f1d63df85f40454fce" kindref="member">qstring</ref></type>
        <definition>qstring load_info_t::dllname</definition>
        <argsstring></argsstring>
        <name>dllname</name>
        <qualifiedname>load_info_t::dllname</qualifiedname>
        <briefdescription>
        </briefdescription>
        <detaileddescription>
        </detaileddescription>
        <inbodydescription>
        </inbodydescription>
        <location file="obj/x64_linux_gcc_32_opt/idasdk/loader.hpp" line="228" column="11" bodyfile="obj/x64_linux_gcc_32_opt/idasdk/loader.hpp" bodystart="228" bodyend="-1"/>
      </memberdef>
      <memberdef kind="variable" id="structload__info__t_1aba811e229eed42b4afddb60ab861580a" prot="public" static="no" mutable="no">
        <type><ref refid="pro_8h_1a386c10c6aa4340f1d63df85f40454fce" kindref="member">qstring</ref></type>
        <definition>qstring load_info_t::ftypename</definition>
        <argsstring></argsstring>
        <name>ftypename</name>
        <qualifiedname>load_info_t::ftypename</qualifiedname>
        <briefdescription>
        </briefdescription>
        <detaileddescription>
        </detaileddescription>
        <inbodydescription>
        </inbodydescription>
        <location file="obj/x64_linux_gcc_32_opt/idasdk/loader.hpp" line="229" column="11" bodyfile="obj/x64_linux_gcc_32_opt/idasdk/loader.hpp" bodystart="229" bodyend="-1"/>
      </memberdef>
      <memberdef kind="variable" id="structload__info__t_1a9a300966b3cd47a9309c09a09cad82c6" prot="public" static="no" mutable="no">
        <type><ref refid="pro_8h_1a386c10c6aa4340f1d63df85f40454fce" kindref="member">qstring</ref></type>
        <definition>qstring load_info_t::processor</definition>
        <argsstring></argsstring>
        <name>processor</name>
        <qualifiedname>load_info_t::processor</qualifiedname>
        <briefdescription>
<para>desired processor name </para>
        </briefdescription>
        <detaileddescription>
        </detaileddescription>
        <inbodydescription>
        </inbodydescription>
        <location file="obj/x64_linux_gcc_32_opt/idasdk/loader.hpp" line="230" column="11" bodyfile="obj/x64_linux_gcc_32_opt/idasdk/loader.hpp" bodystart="230" bodyend="-1"/>
      </memberdef>
      <memberdef kind="variable" id="structload__info__t_1a0806b351e5e14a8fb246f4c392b030e0" prot="public" static="no" mutable="no">
        <type><ref refid="ida_8hpp_1a51e70cc62f9953d2ca9595e8461473b2" kindref="member">filetype_t</ref></type>
        <definition>filetype_t load_info_t::ftype</definition>
        <argsstring></argsstring>
        <name>ftype</name>
        <qualifiedname>load_info_t::ftype</qualifiedname>
        <briefdescription>
        </briefdescription>
        <detaileddescription>
        </detaileddescription>
        <inbodydescription>
        </inbodydescription>
        <location file="obj/x64_linux_gcc_32_opt/idasdk/loader.hpp" line="231" column="14" bodyfile="obj/x64_linux_gcc_32_opt/idasdk/loader.hpp" bodystart="231" bodyend="-1"/>
      </memberdef>
      <memberdef kind="variable" id="structload__info__t_1ac244d39ed1b74f522dd57c265d1d28b0" prot="public" static="no" mutable="no">
        <type><ref refid="pro_8h_1a1134b580f8da4de94ca6b1de4d37975e" kindref="member">uint32</ref></type>
        <definition>uint32 load_info_t::loader_flags</definition>
        <argsstring></argsstring>
        <name>loader_flags</name>
        <qualifiedname>load_info_t::loader_flags</qualifiedname>
        <briefdescription>
<para>copy of <ref refid="structloader__t_1a049dfabd4bddd202488ce4ff3a263ff0" kindref="member">loader_t::flags</ref> </para>
        </briefdescription>
        <detaileddescription>
        </detaileddescription>
        <inbodydescription>
        </inbodydescription>
        <location file="obj/x64_linux_gcc_32_opt/idasdk/loader.hpp" line="232" column="10" bodyfile="obj/x64_linux_gcc_32_opt/idasdk/loader.hpp" bodystart="232" bodyend="-1"/>
      </memberdef>
      <memberdef kind="variable" id="structload__info__t_1a4299e881a2923b997360cb42595c2d20" prot="public" static="no" mutable="no">
        <type><ref refid="pro_8h_1a1134b580f8da4de94ca6b1de4d37975e" kindref="member">uint32</ref></type>
        <definition>uint32 load_info_t::lflags</definition>
        <argsstring></argsstring>
        <name>lflags</name>
        <qualifiedname>load_info_t::lflags</qualifiedname>
        <briefdescription>
<para><ref refid="group___l_i_f__" kindref="compound">loader info flags</ref> </para>
        </briefdescription>
        <detaileddescription>
        </detaileddescription>
        <inbodydescription>
        </inbodydescription>
        <location file="obj/x64_linux_gcc_32_opt/idasdk/loader.hpp" line="233" column="10" bodyfile="obj/x64_linux_gcc_32_opt/idasdk/loader.hpp" bodystart="233" bodyend="-1"/>
      </memberdef>
      <memberdef kind="variable" id="structload__info__t_1ad496590700d4b985330ad947b200605d" prot="public" static="no" mutable="no">
        <type>int</type>
        <definition>int load_info_t::pri</definition>
        <argsstring></argsstring>
        <name>pri</name>
        <qualifiedname>load_info_t::pri</qualifiedname>
        <briefdescription>
<para>2-archldr, 1-place first, 0-normal priority </para>
        </briefdescription>
        <detaileddescription>
        </detaileddescription>
        <inbodydescription>
        </inbodydescription>
        <location file="obj/x64_linux_gcc_32_opt/idasdk/loader.hpp" line="234" column="7" bodyfile="obj/x64_linux_gcc_32_opt/idasdk/loader.hpp" bodystart="234" bodyend="-1"/>
      </memberdef>
      </sectiondef>
      <sectiondef kind="public-func">
      <memberdef kind="function" id="structload__info__t_1aa33aec76d599a3ca99a5e59929a37cd4" prot="public" static="no" const="no" explicit="no" inline="yes" virt="non-virtual">
        <type>bool</type>
        <definition>bool load_info_t::is_archldr</definition>
        <argsstring>(void)</argsstring>
        <name>is_archldr</name>
        <qualifiedname>load_info_t::is_archldr</qualifiedname>
        <param>
          <type>void</type>
        </param>
        <briefdescription>
        </briefdescription>
        <detaileddescription>
        </detaileddescription>
        <inbodydescription>
        </inbodydescription>
        <location file="obj/x64_linux_gcc_32_opt/idasdk/loader.hpp" line="242" column="8" bodyfile="obj/x64_linux_gcc_32_opt/idasdk/loader.hpp" bodystart="242" bodyend="242"/>
      </memberdef>
      </sectiondef>
    <briefdescription>
<para>List of loaders. </para>
    </briefdescription>
    <detaileddescription>
    </detaileddescription>
    <collaborationgraph>
      <node id="2">
        <label>_qstring&lt; char &gt;</label>
        <link refid="class__qstring"/>
      </node>
      <node id="1">
        <label>load_info_t</label>
        <link refid="structload__info__t"/>
        <childnode refid="1" relation="usage">
          <edgelabel>next</edgelabel>
        </childnode>
        <childnode refid="2" relation="usage">
          <edgelabel>dllname</edgelabel>
          <edgelabel>ftypename</edgelabel>
          <edgelabel>processor</edgelabel>
        </childnode>
      </node>
    </collaborationgraph>
    <location file="obj/x64_linux_gcc_32_opt/idasdk/loader.hpp" line="225" column="1" bodyfile="obj/x64_linux_gcc_32_opt/idasdk/loader.hpp" bodystart="226" bodyend="243"/>
    <listofallmembers>
      <member refid="structload__info__t_1a405bbb71e8bd33675f2ba5f26c3e4069" prot="public" virt="non-virtual"><scope>load_info_t</scope><name>dllname</name></member>
      <member refid="structload__info__t_1a0806b351e5e14a8fb246f4c392b030e0" prot="public" virt="non-virtual"><scope>load_info_t</scope><name>ftype</name></member>
      <member refid="structload__info__t_1aba811e229eed42b4afddb60ab861580a" prot="public" virt="non-virtual"><scope>load_info_t</scope><name>ftypename</name></member>
      <member refid="structload__info__t_1aa33aec76d599a3ca99a5e59929a37cd4" prot="public" virt="non-virtual"><scope>load_info_t</scope><name>is_archldr</name></member>
      <member refid="structload__info__t_1a4299e881a2923b997360cb42595c2d20" prot="public" virt="non-virtual"><scope>load_info_t</scope><name>lflags</name></member>
      <member refid="structload__info__t_1ac244d39ed1b74f522dd57c265d1d28b0" prot="public" virt="non-virtual"><scope>load_info_t</scope><name>loader_flags</name></member>
      <member refid="structload__info__t_1a5b4e38caee030bb68057de8f9c0f45e0" prot="public" virt="non-virtual"><scope>load_info_t</scope><name>next</name></member>
      <member refid="structload__info__t_1ad496590700d4b985330ad947b200605d" prot="public" virt="non-virtual"><scope>load_info_t</scope><name>pri</name></member>
      <member refid="structload__info__t_1a9a300966b3cd47a9309c09a09cad82c6" prot="public" virt="non-virtual"><scope>load_info_t</scope><name>processor</name></member>
    </listofallmembers>
  </compounddef>
</doxygen>
