<?xml version='1.0' encoding='UTF-8' standalone='no'?>
<doxygen xmlns:xsi="http://www.w3.org/2001/XMLSchema-instance" xsi:noNamespaceSchemaLocation="compound.xsd" version="1.9.3" xml:lang="en-US">
  <compounddef id="structinput__file__t" kind="struct" language="C++" prot="public">
    <compoundname>input_file_t</compoundname>
      <sectiondef kind="public-attrib">
      <memberdef kind="variable" id="structinput__file__t_1a17e4949f223dae817adebbabec89995e" prot="public" static="no" mutable="no">
        <type><ref refid="pro_8h_1a386c10c6aa4340f1d63df85f40454fce" kindref="member">qstring</ref></type>
        <definition>qstring input_file_t::path</definition>
        <argsstring></argsstring>
        <name>path</name>
        <qualifiedname>input_file_t::path</qualifiedname>
        <briefdescription>
        </briefdescription>
        <detaileddescription>
        </detaileddescription>
        <inbodydescription>
        </inbodydescription>
        <location file="obj/x64_linux_gcc_32_opt/idasdk/lumina.hpp" line="675" column="11" bodyfile="obj/x64_linux_gcc_32_opt/idasdk/lumina.hpp" bodystart="675" bodyend="-1"/>
      </memberdef>
      <memberdef kind="variable" id="structinput__file__t_1ab659e31fee35c547fd20c7e77eba3868" prot="public" static="no" mutable="no">
        <type><ref refid="structmd5__t" kindref="compound">md5_t</ref></type>
        <definition>md5_t input_file_t::md5</definition>
        <argsstring></argsstring>
        <name>md5</name>
        <qualifiedname>input_file_t::md5</qualifiedname>
        <briefdescription>
        </briefdescription>
        <detaileddescription>
        </detaileddescription>
        <inbodydescription>
        </inbodydescription>
        <location file="obj/x64_linux_gcc_32_opt/idasdk/lumina.hpp" line="676" column="9" bodyfile="obj/x64_linux_gcc_32_opt/idasdk/lumina.hpp" bodystart="676" bodyend="-1"/>
      </memberdef>
      </sectiondef>
      <sectiondef kind="public-func">
      <memberdef kind="function" id="structinput__file__t_1a7e9053ba9f02541a84226b44a71cce23" prot="public" static="no" const="no" explicit="no" inline="yes" virt="non-virtual">
        <type></type>
        <definition>input_file_t::input_file_t</definition>
        <argsstring>(const char *__path=nullptr, md5_t __md5=md5_t())</argsstring>
        <name>input_file_t</name>
        <qualifiedname>input_file_t::input_file_t</qualifiedname>
        <param>
          <type>const char *</type>
          <declname>__path</declname>
          <defval>nullptr</defval>
        </param>
        <param>
          <type><ref refid="structmd5__t" kindref="compound">md5_t</ref></type>
          <declname>__md5</declname>
          <defval><ref refid="structmd5__t" kindref="compound">md5_t</ref>()</defval>
        </param>
        <briefdescription>
        </briefdescription>
        <detaileddescription>
        </detaileddescription>
        <inbodydescription>
        </inbodydescription>
        <location file="obj/x64_linux_gcc_32_opt/idasdk/lumina.hpp" line="677" column="3" bodyfile="obj/x64_linux_gcc_32_opt/idasdk/lumina.hpp" bodystart="677" bodyend="678"/>
      </memberdef>
      <memberdef kind="function" id="structinput__file__t_1adf13eab932d9c9671e2f7b8eff6f70cd" prot="public" static="no" const="no" explicit="no" inline="yes" virt="non-virtual">
        <type>void</type>
        <definition>void input_file_t::swap</definition>
        <argsstring>(input_file_t &amp;other)</argsstring>
        <name>swap</name>
        <qualifiedname>input_file_t::swap</qualifiedname>
        <param>
          <type><ref refid="structinput__file__t" kindref="compound">input_file_t</ref> &amp;</type>
          <declname>other</declname>
        </param>
        <briefdescription>
        </briefdescription>
        <detaileddescription>
        </detaileddescription>
        <inbodydescription>
        </inbodydescription>
        <location file="obj/x64_linux_gcc_32_opt/idasdk/lumina.hpp" line="680" column="8" bodyfile="obj/x64_linux_gcc_32_opt/idasdk/lumina.hpp" bodystart="680" bodyend="684"/>
      </memberdef>
      <memberdef kind="function" id="structinput__file__t_1a8ee2bc60f227de0c26f2e6a30d86e4f4" prot="public" static="no" const="yes" explicit="no" inline="no" virt="non-virtual">
        <type>void</type>
        <definition>void input_file_t::serialize</definition>
        <argsstring>(bytevec_t *out, int version) const</argsstring>
        <name>serialize</name>
        <qualifiedname>input_file_t::serialize</qualifiedname>
        <param>
          <type><ref refid="classbytevec__t" kindref="compound">bytevec_t</ref> *</type>
          <declname>out</declname>
        </param>
        <param>
          <type>int</type>
          <declname>version</declname>
        </param>
        <briefdescription>
        </briefdescription>
        <detaileddescription>
        </detaileddescription>
        <inbodydescription>
        </inbodydescription>
        <location file="obj/x64_linux_gcc_32_opt/idasdk/lumina.hpp" line="685" column="8"/>
      </memberdef>
      <memberdef kind="function" id="structinput__file__t_1a6e473eb09e5eb78e3fc857c67c6cbd75" prot="public" static="no" const="no" explicit="no" inline="no" virt="non-virtual">
        <type>bool</type>
        <definition>bool input_file_t::deserialize</definition>
        <argsstring>(const uchar **ptr, size_t len, int version)</argsstring>
        <name>deserialize</name>
        <qualifiedname>input_file_t::deserialize</qualifiedname>
        <param>
          <type>const <ref refid="pro_8h_1a65f85814a8290f9797005d3b28e7e5fc" kindref="member">uchar</ref> **</type>
          <declname>ptr</declname>
        </param>
        <param>
          <type>size_t</type>
          <declname>len</declname>
        </param>
        <param>
          <type>int</type>
          <declname>version</declname>
        </param>
        <briefdescription>
        </briefdescription>
        <detaileddescription>
        </detaileddescription>
        <inbodydescription>
        </inbodydescription>
        <location file="obj/x64_linux_gcc_32_opt/idasdk/lumina.hpp" line="686" column="8"/>
      </memberdef>
      </sectiondef>
    <briefdescription>
    </briefdescription>
    <detaileddescription>
    </detaileddescription>
    <collaborationgraph>
      <node id="2">
        <label>_qstring&lt; char &gt;</label>
        <link refid="class__qstring"/>
      </node>
      <node id="1">
        <label>input_file_t</label>
        <link refid="structinput__file__t"/>
        <childnode refid="2" relation="usage">
          <edgelabel>path</edgelabel>
        </childnode>
        <childnode refid="3" relation="usage">
          <edgelabel>md5</edgelabel>
        </childnode>
      </node>
      <node id="3">
        <label>md5_t</label>
        <link refid="structmd5__t"/>
      </node>
    </collaborationgraph>
    <location file="obj/x64_linux_gcc_32_opt/idasdk/lumina.hpp" line="673" column="1" bodyfile="obj/x64_linux_gcc_32_opt/idasdk/lumina.hpp" bodystart="674" bodyend="687"/>
    <listofallmembers>
      <member refid="structinput__file__t_1a6e473eb09e5eb78e3fc857c67c6cbd75" prot="public" virt="non-virtual"><scope>input_file_t</scope><name>deserialize</name></member>
      <member refid="structinput__file__t_1a7e9053ba9f02541a84226b44a71cce23" prot="public" virt="non-virtual"><scope>input_file_t</scope><name>input_file_t</name></member>
      <member refid="structinput__file__t_1ab659e31fee35c547fd20c7e77eba3868" prot="public" virt="non-virtual"><scope>input_file_t</scope><name>md5</name></member>
      <member refid="structinput__file__t_1a17e4949f223dae817adebbabec89995e" prot="public" virt="non-virtual"><scope>input_file_t</scope><name>path</name></member>
      <member refid="structinput__file__t_1a8ee2bc60f227de0c26f2e6a30d86e4f4" prot="public" virt="non-virtual"><scope>input_file_t</scope><name>serialize</name></member>
      <member refid="structinput__file__t_1adf13eab932d9c9671e2f7b8eff6f70cd" prot="public" virt="non-virtual"><scope>input_file_t</scope><name>swap</name></member>
    </listofallmembers>
  </compounddef>
</doxygen>
