<?xml version='1.0' encoding='UTF-8' standalone='no'?>
<doxygen xmlns:xsi="http://www.w3.org/2001/XMLSchema-instance" xsi:noNamespaceSchemaLocation="compound.xsd" version="1.8.15">
  <compounddef id="structvalstr__t_1_1flatten__args__t" kind="struct" language="C++" prot="private">
    <compoundname>valstr_t::flatten_args_t</compoundname>
      <sectiondef kind="public-attrib">
      <memberdef kind="variable" id="structvalstr__t_1_1flatten__args__t_1a7db4f5c072bc254a92442e6c815a96e6" prot="public" static="no" mutable="no">
        <type>const <ref refid="classvalstr__t" kindref="compound">valstr_t</ref> *</type>
        <definition>const valstr_t* valstr_t::flatten_args_t::may_not_collapse</definition>
        <argsstring></argsstring>
        <name>may_not_collapse</name>
        <briefdescription>
        </briefdescription>
        <detaileddescription>
        </detaileddescription>
        <inbodydescription>
        </inbodydescription>
        <location file="obj/x64_linux_gcc_32_opt/3/idasdk/typeinf.hpp" line="4164" column="1" bodyfile="obj/x64_linux_gcc_32_opt/3/idasdk/typeinf.hpp" bodystart="4164" bodyend="-1"/>
      </memberdef>
      <memberdef kind="variable" id="structvalstr__t_1_1flatten__args__t_1a0c1e59345edd95b2289738a5d68acbe9" prot="public" static="no" mutable="no">
        <type>int</type>
        <definition>int valstr_t::flatten_args_t::ptvf</definition>
        <argsstring></argsstring>
        <name>ptvf</name>
        <briefdescription>
        </briefdescription>
        <detaileddescription>
        </detaileddescription>
        <inbodydescription>
        </inbodydescription>
        <location file="obj/x64_linux_gcc_32_opt/3/idasdk/typeinf.hpp" line="4165" column="1" bodyfile="obj/x64_linux_gcc_32_opt/3/idasdk/typeinf.hpp" bodystart="4165" bodyend="-1"/>
      </memberdef>
      <memberdef kind="variable" id="structvalstr__t_1_1flatten__args__t_1ae8a3c27e06be29e0b69e5f622a5be4f4" prot="public" static="no" mutable="no">
        <type>int</type>
        <definition>int valstr_t::flatten_args_t::max_length</definition>
        <argsstring></argsstring>
        <name>max_length</name>
        <briefdescription>
        </briefdescription>
        <detaileddescription>
        </detaileddescription>
        <inbodydescription>
        </inbodydescription>
        <location file="obj/x64_linux_gcc_32_opt/3/idasdk/typeinf.hpp" line="4166" column="1" bodyfile="obj/x64_linux_gcc_32_opt/3/idasdk/typeinf.hpp" bodystart="4166" bodyend="-1"/>
      </memberdef>
      <memberdef kind="variable" id="structvalstr__t_1_1flatten__args__t_1ab2c9ce87c7efeee0d72cd696f6eea2d8" prot="public" static="no" mutable="no">
        <type>int</type>
        <definition>int valstr_t::flatten_args_t::margin</definition>
        <argsstring></argsstring>
        <name>margin</name>
        <briefdescription>
        </briefdescription>
        <detaileddescription>
        </detaileddescription>
        <inbodydescription>
        </inbodydescription>
        <location file="obj/x64_linux_gcc_32_opt/3/idasdk/typeinf.hpp" line="4167" column="1" bodyfile="obj/x64_linux_gcc_32_opt/3/idasdk/typeinf.hpp" bodystart="4167" bodyend="-1"/>
      </memberdef>
      <memberdef kind="variable" id="structvalstr__t_1_1flatten__args__t_1a34d61adec8a6a6364abba9b641055cae" prot="public" static="no" mutable="no">
        <type>int</type>
        <definition>int valstr_t::flatten_args_t::indent</definition>
        <argsstring></argsstring>
        <name>indent</name>
        <briefdescription>
        </briefdescription>
        <detaileddescription>
        </detaileddescription>
        <inbodydescription>
        </inbodydescription>
        <location file="obj/x64_linux_gcc_32_opt/3/idasdk/typeinf.hpp" line="4168" column="1" bodyfile="obj/x64_linux_gcc_32_opt/3/idasdk/typeinf.hpp" bodystart="4168" bodyend="-1"/>
      </memberdef>
      </sectiondef>
    <briefdescription>
    </briefdescription>
    <detaileddescription>
    </detaileddescription>
    <collaborationgraph>
      <node id="1685">
        <label>tinfo_t</label>
        <link refid="classtinfo__t"/>
      </node>
      <node id="1688">
        <label>argpartvec_t</label>
        <link refid="classqvector"/>
      </node>
      <node id="1683">
        <label>_qstring&lt; char &gt;</label>
        <link refid="class__qstring"/>
      </node>
      <node id="1679">
        <label>valstr_t::flatten_args_t</label>
        <childnode refid="1680" relation="usage">
          <edgelabel>may_not_collapse</edgelabel>
        </childnode>
      </node>
      <node id="1687">
        <label>scattered_aloc_t</label>
        <link refid="classscattered__aloc__t"/>
        <childnode refid="1688" relation="public-inheritance">
        </childnode>
      </node>
      <node id="1681">
        <label>valstrs_t</label>
        <link refid="structvalstrs__t"/>
        <childnode refid="1682" relation="public-inheritance">
        </childnode>
      </node>
      <node id="1684">
        <label>valinfo_t</label>
        <link refid="structvalinfo__t"/>
        <childnode refid="1683" relation="usage">
          <edgelabel>label</edgelabel>
        </childnode>
        <childnode refid="1685" relation="usage">
          <edgelabel>type</edgelabel>
        </childnode>
        <childnode refid="1686" relation="usage">
          <edgelabel>loc</edgelabel>
        </childnode>
      </node>
      <node id="1682">
        <label>valstrvec_t</label>
        <link refid="classqvector"/>
      </node>
      <node id="1680">
        <label>valstr_t</label>
        <link refid="classvalstr__t"/>
        <childnode refid="1681" relation="usage">
          <edgelabel>members</edgelabel>
        </childnode>
        <childnode refid="1683" relation="usage">
          <edgelabel>oneline</edgelabel>
        </childnode>
        <childnode refid="1684" relation="usage">
          <edgelabel>info</edgelabel>
        </childnode>
      </node>
      <node id="1686">
        <label>argloc_t</label>
        <link refid="classargloc__t"/>
        <childnode refid="1687" relation="usage">
          <edgelabel>dist</edgelabel>
        </childnode>
        <childnode refid="1689" relation="usage">
          <edgelabel>rrel</edgelabel>
        </childnode>
      </node>
      <node id="1689">
        <label>rrel_t</label>
        <link refid="structrrel__t"/>
      </node>
    </collaborationgraph>
    <location file="obj/x64_linux_gcc_32_opt/3/idasdk/typeinf.hpp" line="4163" column="1" bodyfile="obj/x64_linux_gcc_32_opt/3/idasdk/typeinf.hpp" bodystart="4162" bodyend="4169"/>
    <listofallmembers>
      <member refid="structvalstr__t_1_1flatten__args__t_1a34d61adec8a6a6364abba9b641055cae" prot="public" virt="non-virtual"><scope>valstr_t::flatten_args_t</scope><name>indent</name></member>
      <member refid="structvalstr__t_1_1flatten__args__t_1ab2c9ce87c7efeee0d72cd696f6eea2d8" prot="public" virt="non-virtual"><scope>valstr_t::flatten_args_t</scope><name>margin</name></member>
      <member refid="structvalstr__t_1_1flatten__args__t_1ae8a3c27e06be29e0b69e5f622a5be4f4" prot="public" virt="non-virtual"><scope>valstr_t::flatten_args_t</scope><name>max_length</name></member>
      <member refid="structvalstr__t_1_1flatten__args__t_1a7db4f5c072bc254a92442e6c815a96e6" prot="public" virt="non-virtual"><scope>valstr_t::flatten_args_t</scope><name>may_not_collapse</name></member>
      <member refid="structvalstr__t_1_1flatten__args__t_1a0c1e59345edd95b2289738a5d68acbe9" prot="public" virt="non-virtual"><scope>valstr_t::flatten_args_t</scope><name>ptvf</name></member>
    </listofallmembers>
  </compounddef>
</doxygen>
