<?xml version='1.0' encoding='UTF-8' standalone='no'?>
<doxygen xmlns:xsi="http://www.w3.org/2001/XMLSchema-instance" xsi:noNamespaceSchemaLocation="compound.xsd" version="1.9.3" xml:lang="en-US">
  <compounddef id="structlines__rendering__input__t" kind="struct" language="C++" prot="public">
    <compoundname>lines_rendering_input_t</compoundname>
    <includes refid="kernwin_8hpp" local="no">kernwin.hpp</includes>
      <sectiondef kind="public-attrib">
      <memberdef kind="variable" id="structlines__rendering__input__t_1a6b85f635d984de09f8a8af3fef9bb823" prot="public" static="no" mutable="no">
        <type>int</type>
        <definition>int lines_rendering_input_t::cb</definition>
        <argsstring></argsstring>
        <name>cb</name>
        <qualifiedname>lines_rendering_input_t::cb</qualifiedname>
        <briefdescription>
        </briefdescription>
        <detaileddescription>
        </detaileddescription>
        <inbodydescription>
        </inbodydescription>
        <location file="obj/x64_linux_gcc_32_opt_pro/idasdk/kernwin.hpp" line="2291" column="7" bodyfile="obj/x64_linux_gcc_32_opt_pro/idasdk/kernwin.hpp" bodystart="2291" bodyend="-1"/>
      </memberdef>
      <memberdef kind="variable" id="structlines__rendering__input__t_1ab1f99e7eed2004fa2f5740fb5e487028" prot="public" static="no" mutable="no">
        <type><ref refid="classqvector" kindref="compound">sections_lines_refs_t</ref></type>
        <definition>sections_lines_refs_t lines_rendering_input_t::sections_lines</definition>
        <argsstring></argsstring>
        <name>sections_lines</name>
        <qualifiedname>lines_rendering_input_t::sections_lines</qualifiedname>
        <briefdescription>
<para>references to the lines that are used for rendering </para>
        </briefdescription>
        <detaileddescription>
        </detaileddescription>
        <inbodydescription>
        </inbodydescription>
        <location file="obj/x64_linux_gcc_32_opt_pro/idasdk/kernwin.hpp" line="2292" column="25" bodyfile="obj/x64_linux_gcc_32_opt_pro/idasdk/kernwin.hpp" bodystart="2292" bodyend="-1"/>
      </memberdef>
      <memberdef kind="variable" id="structlines__rendering__input__t_1a543cb29379c9aed26e0dd0907c313b8a" prot="public" static="no" mutable="no">
        <type>const <ref refid="structsynced__group__t" kindref="compound">synced_group_t</ref> *</type>
        <definition>const synced_group_t* lines_rendering_input_t::sync_group</definition>
        <argsstring></argsstring>
        <name>sync_group</name>
        <qualifiedname>lines_rendering_input_t::sync_group</qualifiedname>
        <briefdescription>
<para>the &apos;synced&apos; group &apos;widget&apos; (see ui_get_lines_rendering_info) belongs to, or nullptr </para>
        </briefdescription>
        <detaileddescription>
        </detaileddescription>
        <inbodydescription>
        </inbodydescription>
        <location file="obj/x64_linux_gcc_32_opt_pro/idasdk/kernwin.hpp" line="2293" column="24" bodyfile="obj/x64_linux_gcc_32_opt_pro/idasdk/kernwin.hpp" bodystart="2293" bodyend="-1"/>
      </memberdef>
      </sectiondef>
      <sectiondef kind="public-func">
      <memberdef kind="function" id="structlines__rendering__input__t_1a73e1cb49403f1139d3d4485d505022d6" prot="public" static="no" const="no" explicit="no" inline="yes" virt="non-virtual">
        <type></type>
        <definition>lines_rendering_input_t::lines_rendering_input_t</definition>
        <argsstring>()</argsstring>
        <name>lines_rendering_input_t</name>
        <qualifiedname>lines_rendering_input_t::lines_rendering_input_t</qualifiedname>
        <briefdescription>
        </briefdescription>
        <detaileddescription>
        </detaileddescription>
        <inbodydescription>
        </inbodydescription>
        <location file="obj/x64_linux_gcc_32_opt_pro/idasdk/kernwin.hpp" line="2295" column="3" bodyfile="obj/x64_linux_gcc_32_opt_pro/idasdk/kernwin.hpp" bodystart="2295" bodyend="2297"/>
      </memberdef>
      </sectiondef>
    <briefdescription>
    </briefdescription>
    <detaileddescription>
<para>Contains information necessary for plugins to compute extra information needed for rendering. </para>
    </detaileddescription>
    <collaborationgraph>
      <node id="1">
        <label>lines_rendering_input_t</label>
        <link refid="structlines__rendering__input__t"/>
        <childnode refid="2" relation="usage">
          <edgelabel>sections_lines</edgelabel>
        </childnode>
        <childnode refid="3" relation="usage">
          <edgelabel>sync_group</edgelabel>
        </childnode>
      </node>
      <node id="2">
        <label>qvector&lt; section_lines_refs_t &gt;</label>
        <link refid="classqvector"/>
      </node>
      <node id="4">
        <label>sync_source_vec_t</label>
        <link refid="classqvector"/>
      </node>
      <node id="3">
        <label>synced_group_t</label>
        <link refid="structsynced__group__t"/>
        <childnode refid="4" relation="public-inheritance">
        </childnode>
      </node>
    </collaborationgraph>
    <location file="obj/x64_linux_gcc_32_opt_pro/idasdk/kernwin.hpp" line="2289" column="1" bodyfile="obj/x64_linux_gcc_32_opt_pro/idasdk/kernwin.hpp" bodystart="2290" bodyend="2298"/>
    <listofallmembers>
      <member refid="structlines__rendering__input__t_1a6b85f635d984de09f8a8af3fef9bb823" prot="public" virt="non-virtual"><scope>lines_rendering_input_t</scope><name>cb</name></member>
      <member refid="structlines__rendering__input__t_1a73e1cb49403f1139d3d4485d505022d6" prot="public" virt="non-virtual"><scope>lines_rendering_input_t</scope><name>lines_rendering_input_t</name></member>
      <member refid="structlines__rendering__input__t_1ab1f99e7eed2004fa2f5740fb5e487028" prot="public" virt="non-virtual"><scope>lines_rendering_input_t</scope><name>sections_lines</name></member>
      <member refid="structlines__rendering__input__t_1a543cb29379c9aed26e0dd0907c313b8a" prot="public" virt="non-virtual"><scope>lines_rendering_input_t</scope><name>sync_group</name></member>
    </listofallmembers>
  </compounddef>
</doxygen>
