<?xml version='1.0' encoding='UTF-8' standalone='no'?>
<doxygen xmlns:xsi="http://www.w3.org/2001/XMLSchema-instance" xsi:noNamespaceSchemaLocation="compound.xsd" version="1.8.15">
  <compounddef id="structvar__ref__t" kind="struct" language="C++" prot="public">
    <compoundname>var_ref_t</compoundname>
    <includes refid="hexrays_8hpp" local="no">hexrays.hpp</includes>
      <sectiondef kind="public-attrib">
      <memberdef kind="variable" id="structvar__ref__t_1ae0b3cef137b59bd5dcaf163f8c326932" prot="public" static="no" mutable="no">
        <type><ref refid="classmba__t" kindref="compound">mba_t</ref> *</type>
        <definition>mba_t* var_ref_t::mba</definition>
        <argsstring></argsstring>
        <name>mba</name>
        <briefdescription>
<para>pointer to the underlying micro array </para>
        </briefdescription>
        <detaileddescription>
        </detaileddescription>
        <inbodydescription>
        </inbodydescription>
        <location file="obj/x64_linux_gcc_32_opt/3/idasdk/hexrays.hpp" line="5698" column="1" bodyfile="obj/x64_linux_gcc_32_opt/3/idasdk/hexrays.hpp" bodystart="5698" bodyend="-1"/>
      </memberdef>
      <memberdef kind="variable" id="structvar__ref__t_1a7584d0e4de4f3a4d94ce9826b68f6adf" prot="public" static="no" mutable="no">
        <type>int</type>
        <definition>int var_ref_t::idx</definition>
        <argsstring></argsstring>
        <name>idx</name>
        <briefdescription>
<para>index into <ref refid="structlvars__t" kindref="compound">lvars_t</ref> </para>
        </briefdescription>
        <detaileddescription>
        </detaileddescription>
        <inbodydescription>
        </inbodydescription>
        <location file="obj/x64_linux_gcc_32_opt/3/idasdk/hexrays.hpp" line="5699" column="1" bodyfile="obj/x64_linux_gcc_32_opt/3/idasdk/hexrays.hpp" bodystart="5699" bodyend="-1"/>
      </memberdef>
      </sectiondef>
      <sectiondef kind="public-func">
      <memberdef kind="function" id="structvar__ref__t_1a28677eddfd847f3cfb0d015938f2aab6" prot="public" static="no" const="yes" explicit="no" inline="yes" virt="non-virtual">
        <type><ref refid="classlvar__t" kindref="compound">lvar_t</ref> &amp;</type>
        <definition>lvar_t&amp; var_ref_t::getv</definition>
        <argsstring>(void) const</argsstring>
        <name>getv</name>
        <param>
          <type>void</type>
        </param>
        <briefdescription>
        </briefdescription>
        <detaileddescription>
        </detaileddescription>
        <inbodydescription>
        </inbodydescription>
        <location file="obj/x64_linux_gcc_32_opt/3/idasdk/hexrays.hpp" line="5700" column="1" bodyfile="obj/x64_linux_gcc_32_opt/3/idasdk/hexrays.hpp" bodystart="5700" bodyend="5700"/>
      </memberdef>
      </sectiondef>
    <briefdescription>
<para>Reference to a local variable. </para>
    </briefdescription>
    <detaileddescription>
    </detaileddescription>
    <collaborationgraph>
      <node id="3790">
        <label>bitset_t</label>
        <link refid="classbitset__t"/>
      </node>
      <node id="3819">
        <label>T</label>
      </node>
      <node id="3788">
        <label>mlist_t</label>
        <link refid="structmlist__t"/>
        <childnode refid="3785" relation="usage">
          <edgelabel>mem</edgelabel>
        </childnode>
        <childnode refid="3789" relation="usage">
          <edgelabel>reg</edgelabel>
        </childnode>
      </node>
      <node id="3816">
        <label>ivl_with_name_t</label>
        <link refid="structivl__with__name__t"/>
        <childnode refid="3817" relation="usage">
          <edgelabel>ivl</edgelabel>
        </childnode>
      </node>
      <node id="3802">
        <label>tinfo_t</label>
        <link refid="classtinfo__t"/>
      </node>
      <node id="3805">
        <label>mop_addr_t</label>
        <link refid="classmop__addr__t"/>
        <childnode refid="3795" relation="public-inheritance">
        </childnode>
      </node>
      <node id="3828">
        <label>netnode</label>
        <link refid="classnetnode"/>
      </node>
      <node id="3810">
        <label>qvector&lt; mop_t &gt;</label>
        <link refid="classqvector"/>
      </node>
      <node id="3785">
        <label>ivlset_t</label>
        <link refid="structivlset__t"/>
        <childnode refid="3786" relation="public-inheritance">
        </childnode>
      </node>
      <node id="3793">
        <label>mblock_t</label>
        <link refid="classmblock__t"/>
        <childnode refid="3788" relation="usage">
          <edgelabel>maybuse</edgelabel>
          <edgelabel>dnu</edgelabel>
          <edgelabel>maybdef</edgelabel>
          <edgelabel>mustbuse</edgelabel>
          <edgelabel>mustbdef</edgelabel>
          <edgelabel>dead_at_start</edgelabel>
        </childnode>
        <childnode refid="3791" relation="usage">
          <edgelabel>succset</edgelabel>
          <edgelabel>predset</edgelabel>
        </childnode>
        <childnode refid="3794" relation="usage">
          <edgelabel>head</edgelabel>
          <edgelabel>tail</edgelabel>
        </childnode>
        <childnode refid="3793" relation="usage">
          <edgelabel>nextb</edgelabel>
          <edgelabel>prevb</edgelabel>
        </childnode>
        <childnode refid="3781" relation="usage">
          <edgelabel>mba</edgelabel>
        </childnode>
      </node>
      <node id="3827">
        <label>rangevec_base_t</label>
        <link refid="classqvector"/>
      </node>
      <node id="3808">
        <label>qvector&lt; type_attr_t &gt;</label>
        <link refid="classqvector"/>
      </node>
      <node id="3804">
        <label>fpvalue_t</label>
        <link refid="structfpvalue__t"/>
      </node>
      <node id="3813">
        <label>operand_locator_t</label>
        <link refid="structoperand__locator__t"/>
      </node>
      <node id="3814">
        <label>mcases_t</label>
        <link refid="classmcases__t"/>
        <childnode refid="3791" relation="usage">
          <edgelabel>targets</edgelabel>
        </childnode>
      </node>
      <node id="3809">
        <label>qvector&lt; mcallarg_t &gt;</label>
        <link refid="classqvector"/>
      </node>
      <node id="3800">
        <label>argpartvec_t</label>
        <link refid="classqvector"/>
      </node>
      <node id="3821">
        <label>func_t</label>
        <link refid="classfunc__t"/>
        <childnode refid="3822" relation="public-inheritance">
        </childnode>
        <childnode refid="3823" relation="usage">
          <edgelabel>regargs</edgelabel>
        </childnode>
        <childnode refid="3824" relation="usage">
          <edgelabel>points</edgelabel>
        </childnode>
        <childnode refid="3822" relation="usage">
          <edgelabel>tails</edgelabel>
        </childnode>
        <childnode refid="3825" relation="usage">
          <edgelabel>regvars</edgelabel>
        </childnode>
      </node>
      <node id="3795">
        <label>mop_t</label>
        <link refid="classmop__t"/>
        <childnode refid="3796" relation="usage">
          <edgelabel>scif</edgelabel>
        </childnode>
        <childnode refid="3803" relation="usage">
          <edgelabel>fpc</edgelabel>
        </childnode>
        <childnode refid="3805" relation="usage">
          <edgelabel>a</edgelabel>
        </childnode>
        <childnode refid="3806" relation="usage">
          <edgelabel>pair</edgelabel>
        </childnode>
        <childnode refid="3807" relation="usage">
          <edgelabel>f</edgelabel>
        </childnode>
        <childnode refid="3794" relation="usage">
          <edgelabel>d</edgelabel>
        </childnode>
        <childnode refid="3811" relation="usage">
          <edgelabel>l</edgelabel>
        </childnode>
        <childnode refid="3812" relation="usage">
          <edgelabel>nnn</edgelabel>
        </childnode>
        <childnode refid="3814" relation="usage">
          <edgelabel>c</edgelabel>
        </childnode>
        <childnode refid="3815" relation="usage">
          <edgelabel>s</edgelabel>
        </childnode>
      </node>
      <node id="3806">
        <label>mop_pair_t</label>
        <link refid="classmop__pair__t"/>
        <childnode refid="3795" relation="usage">
          <edgelabel>hop</edgelabel>
          <edgelabel>lop</edgelabel>
        </childnode>
      </node>
      <node id="3780">
        <label>var_ref_t</label>
        <link refid="structvar__ref__t"/>
        <childnode refid="3781" relation="usage">
          <edgelabel>mba</edgelabel>
        </childnode>
      </node>
      <node id="3823">
        <label>regarg_t</label>
        <link refid="structregarg__t"/>
      </node>
      <node id="3803">
        <label>fnumber_t</label>
        <link refid="structfnumber__t"/>
        <childnode refid="3804" relation="usage">
          <edgelabel>fnum</edgelabel>
        </childnode>
      </node>
      <node id="3807">
        <label>mcallinfo_t</label>
        <link refid="classmcallinfo__t"/>
        <childnode refid="3785" relation="usage">
          <edgelabel>visible_memory</edgelabel>
        </childnode>
        <childnode refid="3808" relation="usage">
          <edgelabel>fti_attrs</edgelabel>
        </childnode>
        <childnode refid="3788" relation="usage">
          <edgelabel>pass_regs</edgelabel>
          <edgelabel>spoiled</edgelabel>
          <edgelabel>dead_regs</edgelabel>
          <edgelabel>return_regs</edgelabel>
        </childnode>
        <childnode refid="3809" relation="usage">
          <edgelabel>args</edgelabel>
        </childnode>
        <childnode refid="3802" relation="usage">
          <edgelabel>return_type</edgelabel>
        </childnode>
        <childnode refid="3810" relation="usage">
          <edgelabel>retregs</edgelabel>
        </childnode>
        <childnode refid="3798" relation="usage">
          <edgelabel>return_argloc</edgelabel>
        </childnode>
      </node>
      <node id="3820">
        <label>mba_ranges_t</label>
        <link refid="structmba__ranges__t"/>
        <childnode refid="3821" relation="usage">
          <edgelabel>pfn</edgelabel>
        </childnode>
        <childnode refid="3826" relation="usage">
          <edgelabel>ranges</edgelabel>
        </childnode>
      </node>
      <node id="3796">
        <label>scif_t</label>
        <link refid="structscif__t"/>
        <childnode refid="3797" relation="public-inheritance">
        </childnode>
        <childnode refid="3784" relation="usage">
          <edgelabel>name</edgelabel>
        </childnode>
        <childnode refid="3802" relation="usage">
          <edgelabel>type</edgelabel>
        </childnode>
        <childnode refid="3781" relation="usage">
          <edgelabel>mba</edgelabel>
        </childnode>
      </node>
      <node id="3791">
        <label>qvector&lt; int &gt;</label>
        <link refid="classqvector"/>
      </node>
      <node id="3824">
        <label>stkpnt_t</label>
        <link refid="structstkpnt__t"/>
      </node>
      <node id="3784">
        <label>_qstring&lt; char &gt;</label>
        <link refid="class__qstring"/>
      </node>
      <node id="3794">
        <label>minsn_t</label>
        <link refid="classminsn__t"/>
        <childnode refid="3794" relation="usage">
          <edgelabel>prev</edgelabel>
          <edgelabel>next</edgelabel>
        </childnode>
        <childnode refid="3795" relation="usage">
          <edgelabel>l</edgelabel>
          <edgelabel>r</edgelabel>
          <edgelabel>d</edgelabel>
        </childnode>
      </node>
      <node id="3787">
        <label>qvector&lt; Ivl &gt;</label>
        <link refid="classqvector"/>
      </node>
      <node id="3799">
        <label>scattered_aloc_t</label>
        <link refid="classscattered__aloc__t"/>
        <childnode refid="3800" relation="public-inheritance">
        </childnode>
      </node>
      <node id="3822">
        <label>range_t</label>
        <link refid="structrange__t"/>
      </node>
      <node id="3797">
        <label>vdloc_t</label>
        <link refid="classvdloc__t"/>
        <childnode refid="3798" relation="public-inheritance">
        </childnode>
      </node>
      <node id="3825">
        <label>regvar_t</label>
        <link refid="structregvar__t"/>
        <childnode refid="3822" relation="public-inheritance">
        </childnode>
      </node>
      <node id="3781">
        <label>mba_t</label>
        <link refid="classmba__t"/>
        <childnode refid="3782" relation="usage">
          <edgelabel>vars</edgelabel>
        </childnode>
        <childnode refid="3784" relation="usage">
          <edgelabel>label</edgelabel>
          <edgelabel>error_strarg</edgelabel>
        </childnode>
        <childnode refid="3785" relation="usage">
          <edgelabel>gotoff_stkvars</edgelabel>
          <edgelabel>restricted_memory</edgelabel>
          <edgelabel>aliased_memory</edgelabel>
        </childnode>
        <childnode refid="3788" relation="usage">
          <edgelabel>spoiled_list</edgelabel>
          <edgelabel>nodel_memory</edgelabel>
        </childnode>
        <childnode refid="3791" relation="usage">
          <edgelabel>argidx</edgelabel>
        </childnode>
        <childnode refid="3792" relation="usage">
          <edgelabel>idb_spoiled</edgelabel>
        </childnode>
        <childnode refid="3793" relation="usage">
          <edgelabel>blocks</edgelabel>
          <edgelabel>natural</edgelabel>
        </childnode>
        <childnode refid="3789" relation="usage">
          <edgelabel>consumed_argregs</edgelabel>
        </childnode>
        <childnode refid="3816" relation="usage">
          <edgelabel>std_ivls</edgelabel>
        </childnode>
        <childnode refid="3802" relation="usage">
          <edgelabel>idb_type</edgelabel>
        </childnode>
        <childnode refid="3820" relation="usage">
          <edgelabel>mbr</edgelabel>
        </childnode>
        <childnode refid="3828" relation="usage">
          <edgelabel>deprecated_idb_node</edgelabel>
        </childnode>
        <childnode refid="3829" relation="usage">
          <edgelabel>notes</edgelabel>
        </childnode>
        <childnode refid="3817" relation="usage">
          <edgelabel>aliased_args</edgelabel>
          <edgelabel>aliased_vars</edgelabel>
        </childnode>
      </node>
      <node id="3829">
        <label>qvector&lt; hexwarn_t &gt;</label>
        <link refid="classqvector"/>
      </node>
      <node id="3812">
        <label>mnumber_t</label>
        <link refid="structmnumber__t"/>
        <childnode refid="3813" relation="public-inheritance">
        </childnode>
      </node>
      <node id="3782">
        <label>lvars_t</label>
        <link refid="structlvars__t"/>
        <childnode refid="3783" relation="public-inheritance">
        </childnode>
      </node>
      <node id="3798">
        <label>argloc_t</label>
        <link refid="classargloc__t"/>
        <childnode refid="3799" relation="usage">
          <edgelabel>dist</edgelabel>
        </childnode>
        <childnode refid="3801" relation="usage">
          <edgelabel>rrel</edgelabel>
        </childnode>
      </node>
      <node id="3811">
        <label>lvar_ref_t</label>
        <link refid="structlvar__ref__t"/>
        <childnode refid="3781" relation="usage">
          <edgelabel>mba</edgelabel>
        </childnode>
      </node>
      <node id="3783">
        <label>qvector&lt; lvar_t &gt;</label>
        <link refid="classqvector"/>
      </node>
      <node id="3815">
        <label>stkvar_ref_t</label>
        <link refid="structstkvar__ref__t"/>
        <childnode refid="3781" relation="usage">
          <edgelabel>mba</edgelabel>
        </childnode>
      </node>
      <node id="3792">
        <label>qvector&lt; reg_info_t &gt;</label>
        <link refid="classqvector"/>
      </node>
      <node id="3801">
        <label>rrel_t</label>
        <link refid="structrrel__t"/>
      </node>
      <node id="3789">
        <label>rlist_t</label>
        <link refid="classrlist__t"/>
        <childnode refid="3790" relation="public-inheritance">
        </childnode>
      </node>
      <node id="3817">
        <label>ivl_t</label>
        <link refid="structivl__t"/>
        <childnode refid="3818" relation="public-inheritance">
        </childnode>
        <childnode refid="3817" relation="usage">
          <edgelabel>allmem</edgelabel>
        </childnode>
      </node>
      <node id="3786">
        <label>uval_ivl_ivlset_t</label>
        <link refid="classivlset__tpl"/>
        <childnode refid="3787" relation="usage">
          <edgelabel>bag</edgelabel>
        </childnode>
      </node>
      <node id="3818">
        <label>uval_ivl_t</label>
        <link refid="structivl__tpl"/>
        <childnode refid="3819" relation="usage">
          <edgelabel>size</edgelabel>
          <edgelabel>off</edgelabel>
        </childnode>
      </node>
      <node id="3826">
        <label>rangevec_t</label>
        <link refid="structrangevec__t"/>
        <childnode refid="3827" relation="public-inheritance">
        </childnode>
      </node>
    </collaborationgraph>
    <location file="obj/x64_linux_gcc_32_opt/3/idasdk/hexrays.hpp" line="5697" column="1" bodyfile="obj/x64_linux_gcc_32_opt/3/idasdk/hexrays.hpp" bodystart="5696" bodyend="5703"/>
    <listofallmembers>
      <member refid="structvar__ref__t_1a28677eddfd847f3cfb0d015938f2aab6" prot="public" virt="non-virtual"><scope>var_ref_t</scope><name>getv</name></member>
      <member refid="structvar__ref__t_1a7584d0e4de4f3a4d94ce9826b68f6adf" prot="public" virt="non-virtual"><scope>var_ref_t</scope><name>idx</name></member>
      <member refid="structvar__ref__t_1ae0b3cef137b59bd5dcaf163f8c326932" prot="public" virt="non-virtual"><scope>var_ref_t</scope><name>mba</name></member>
    </listofallmembers>
  </compounddef>
</doxygen>
