<?xml version='1.0' encoding='UTF-8' standalone='no'?>
<doxygen xmlns:xsi="http://www.w3.org/2001/XMLSchema-instance" xsi:noNamespaceSchemaLocation="compound.xsd" version="1.9.3" xml:lang="en-US">
  <compounddef id="structuser__labels__iterator__t" kind="struct" language="C++" prot="public">
    <compoundname>user_labels_iterator_t</compoundname>
      <sectiondef kind="public-attrib">
      <memberdef kind="variable" id="structuser__labels__iterator__t_1adbd6df811fa15ccd78225f9adf26236a" prot="public" static="no" mutable="no">
        <type>iterator_word</type>
        <definition>iterator_word user_labels_iterator_t::x</definition>
        <argsstring></argsstring>
        <name>x</name>
        <qualifiedname>user_labels_iterator_t::x</qualifiedname>
        <briefdescription>
        </briefdescription>
        <detaileddescription>
        </detaileddescription>
        <inbodydescription>
        </inbodydescription>
        <location file="obj/x64_linux_gcc_32_opt/idasdk/hexrays.hpp" line="9177" column="17" bodyfile="obj/x64_linux_gcc_32_opt/idasdk/hexrays.hpp" bodystart="9177" bodyend="-1"/>
      </memberdef>
      </sectiondef>
      <sectiondef kind="public-func">
      <memberdef kind="function" id="structuser__labels__iterator__t_1a45dfba9584959205a5d85b5805895722" prot="public" static="no" const="yes" explicit="no" inline="yes" virt="non-virtual">
        <type>bool</type>
        <definition>bool user_labels_iterator_t::operator==</definition>
        <argsstring>(const user_labels_iterator_t &amp;p) const</argsstring>
        <name>operator==</name>
        <qualifiedname>user_labels_iterator_t::operator==</qualifiedname>
        <param>
          <type>const <ref refid="structuser__labels__iterator__t" kindref="compound">user_labels_iterator_t</ref> &amp;</type>
          <declname>p</declname>
        </param>
        <briefdescription>
        </briefdescription>
        <detaileddescription>
        </detaileddescription>
        <inbodydescription>
        </inbodydescription>
        <location file="obj/x64_linux_gcc_32_opt/idasdk/hexrays.hpp" line="9178" column="8" bodyfile="obj/x64_linux_gcc_32_opt/idasdk/hexrays.hpp" bodystart="9178" bodyend="9178"/>
      </memberdef>
      <memberdef kind="function" id="structuser__labels__iterator__t_1a76adad33a92565974428e710f3a405db" prot="public" static="no" const="yes" explicit="no" inline="yes" virt="non-virtual">
        <type>bool</type>
        <definition>bool user_labels_iterator_t::operator!=</definition>
        <argsstring>(const user_labels_iterator_t &amp;p) const</argsstring>
        <name>operator!=</name>
        <qualifiedname>user_labels_iterator_t::operator!=</qualifiedname>
        <param>
          <type>const <ref refid="structuser__labels__iterator__t" kindref="compound">user_labels_iterator_t</ref> &amp;</type>
          <declname>p</declname>
        </param>
        <briefdescription>
        </briefdescription>
        <detaileddescription>
        </detaileddescription>
        <inbodydescription>
        </inbodydescription>
        <location file="obj/x64_linux_gcc_32_opt/idasdk/hexrays.hpp" line="9179" column="8" bodyfile="obj/x64_linux_gcc_32_opt/idasdk/hexrays.hpp" bodystart="9179" bodyend="9179"/>
      </memberdef>
      </sectiondef>
    <briefdescription>
    </briefdescription>
    <detaileddescription>
    </detaileddescription>
    <location file="obj/x64_linux_gcc_32_opt/idasdk/hexrays.hpp" line="9175" column="1" bodyfile="obj/x64_linux_gcc_32_opt/idasdk/hexrays.hpp" bodystart="9176" bodyend="9180"/>
    <listofallmembers>
      <member refid="structuser__labels__iterator__t_1a76adad33a92565974428e710f3a405db" prot="public" virt="non-virtual"><scope>user_labels_iterator_t</scope><name>operator!=</name></member>
      <member refid="structuser__labels__iterator__t_1a45dfba9584959205a5d85b5805895722" prot="public" virt="non-virtual"><scope>user_labels_iterator_t</scope><name>operator==</name></member>
      <member refid="structuser__labels__iterator__t_1adbd6df811fa15ccd78225f9adf26236a" prot="public" virt="non-virtual"><scope>user_labels_iterator_t</scope><name>x</name></member>
    </listofallmembers>
  </compounddef>
</doxygen>
