<?xml version='1.0' encoding='UTF-8' standalone='no'?>
<doxygen xmlns:xsi="http://www.w3.org/2001/XMLSchema-instance" xsi:noNamespaceSchemaLocation="compound.xsd" version="1.9.3" xml:lang="en-US">
  <compounddef id="structextlang__visitor__t" kind="struct" language="C++" prot="public" abstract="yes">
    <compoundname>extlang_visitor_t</compoundname>
      <sectiondef kind="public-func">
      <memberdef kind="function" id="structextlang__visitor__t_1aabfcd16c664b9131701e1bdd27c28d8b" prot="public" static="no" const="no" explicit="no" inline="no" virt="pure-virtual">
        <type><ref refid="pro_8h_1ab65ed42d67e6c517c746ff2a6a187016" kindref="member">ssize_t</ref> idaapi</type>
        <definition>virtual ssize_t idaapi extlang_visitor_t::visit_extlang</definition>
        <argsstring>(extlang_t *extlang)=0</argsstring>
        <name>visit_extlang</name>
        <qualifiedname>extlang_visitor_t::visit_extlang</qualifiedname>
        <param>
          <type><ref refid="structextlang__t" kindref="compound">extlang_t</ref> *</type>
          <declname>extlang</declname>
        </param>
        <briefdescription>
        </briefdescription>
        <detaileddescription>
        </detaileddescription>
        <inbodydescription>
        </inbodydescription>
        <location file="obj/x64_linux_gcc_32_opt/idasdk/expr.hpp" line="850" column="26"/>
      </memberdef>
      </sectiondef>
    <briefdescription>
    </briefdescription>
    <detaileddescription>
    </detaileddescription>
    <location file="obj/x64_linux_gcc_32_opt/idasdk/expr.hpp" line="848" column="1" bodyfile="obj/x64_linux_gcc_32_opt/idasdk/expr.hpp" bodystart="849" bodyend="851"/>
    <listofallmembers>
      <member refid="structextlang__visitor__t_1aabfcd16c664b9131701e1bdd27c28d8b" prot="public" virt="pure-virtual"><scope>extlang_visitor_t</scope><name>visit_extlang</name></member>
    </listofallmembers>
  </compounddef>
</doxygen>
