<?xml version='1.0' encoding='UTF-8' standalone='no'?>
<doxygen xmlns:xsi="http://www.w3.org/2001/XMLSchema-instance" xsi:noNamespaceSchemaLocation="compound.xsd" version="1.8.15">
  <compounddef id="structframe__desc__t" kind="struct" language="C++" prot="public">
    <compoundname>frame_desc_t</compoundname>
      <sectiondef kind="public-attrib">
      <memberdef kind="variable" id="structframe__desc__t_1a6588566f9eaa81c20e5f0cec42fc2fb3" prot="public" static="no" mutable="no">
        <type><ref refid="pro_8h_1a430639fcfd4601cd6cb310ae71481fe1" kindref="member">sval_t</ref></type>
        <definition>sval_t frame_desc_t::frsize</definition>
        <argsstring></argsstring>
        <name>frsize</name>
        <briefdescription>
        </briefdescription>
        <detaileddescription>
        </detaileddescription>
        <inbodydescription>
        </inbodydescription>
        <location file="obj/x64_linux_gcc_32_opt/3/idasdk/lumina.hpp" line="744" column="1" bodyfile="obj/x64_linux_gcc_32_opt/3/idasdk/lumina.hpp" bodystart="744" bodyend="-1"/>
      </memberdef>
      <memberdef kind="variable" id="structframe__desc__t_1a37423ec11a8a6da71fb4a0ba6c05b413" prot="public" static="no" mutable="no">
        <type>asize_t</type>
        <definition>asize_t frame_desc_t::argsize</definition>
        <argsstring></argsstring>
        <name>argsize</name>
        <briefdescription>
        </briefdescription>
        <detaileddescription>
        </detaileddescription>
        <inbodydescription>
        </inbodydescription>
        <location file="obj/x64_linux_gcc_32_opt/3/idasdk/lumina.hpp" line="745" column="1" bodyfile="obj/x64_linux_gcc_32_opt/3/idasdk/lumina.hpp" bodystart="745" bodyend="-1"/>
      </memberdef>
      <memberdef kind="variable" id="structframe__desc__t_1a690075b942a50eada67a4b1fa57f2325" prot="public" static="no" mutable="no">
        <type><ref refid="pro_8h_1ab95f123a6c9bcfee6a343170ef8c5f69" kindref="member">ushort</ref></type>
        <definition>ushort frame_desc_t::frregs</definition>
        <argsstring></argsstring>
        <name>frregs</name>
        <briefdescription>
        </briefdescription>
        <detaileddescription>
        </detaileddescription>
        <inbodydescription>
        </inbodydescription>
        <location file="obj/x64_linux_gcc_32_opt/3/idasdk/lumina.hpp" line="746" column="1" bodyfile="obj/x64_linux_gcc_32_opt/3/idasdk/lumina.hpp" bodystart="746" bodyend="-1"/>
      </memberdef>
      <memberdef kind="variable" id="structframe__desc__t_1ac0ae48dd52602508539f3bbcab13979c" prot="public" static="no" mutable="no">
        <type><ref refid="classqvector" kindref="compound">frame_mems_t</ref></type>
        <definition>frame_mems_t frame_desc_t::members</definition>
        <argsstring></argsstring>
        <name>members</name>
        <briefdescription>
        </briefdescription>
        <detaileddescription>
        </detaileddescription>
        <inbodydescription>
        </inbodydescription>
        <location file="obj/x64_linux_gcc_32_opt/3/idasdk/lumina.hpp" line="747" column="1" bodyfile="obj/x64_linux_gcc_32_opt/3/idasdk/lumina.hpp" bodystart="747" bodyend="-1"/>
      </memberdef>
      </sectiondef>
      <sectiondef kind="public-func">
      <memberdef kind="function" id="structframe__desc__t_1af65728ae2df6f700e3ec1193b22c8ab7" prot="public" static="no" const="no" explicit="no" inline="yes" virt="non-virtual">
        <type></type>
        <definition>frame_desc_t::frame_desc_t</definition>
        <argsstring>()</argsstring>
        <name>frame_desc_t</name>
        <briefdescription>
        </briefdescription>
        <detaileddescription>
        </detaileddescription>
        <inbodydescription>
        </inbodydescription>
        <location file="obj/x64_linux_gcc_32_opt/3/idasdk/lumina.hpp" line="748" column="1" bodyfile="obj/x64_linux_gcc_32_opt/3/idasdk/lumina.hpp" bodystart="748" bodyend="749"/>
      </memberdef>
      <memberdef kind="function" id="structframe__desc__t_1aa560ffbd61ede8ca9e9ee5796507d331" prot="public" static="no" const="yes" explicit="no" inline="no" virt="non-virtual">
        <type>void</type>
        <definition>void frame_desc_t::serialize</definition>
        <argsstring>(bytevec_t *out, int version) const</argsstring>
        <name>serialize</name>
        <param>
          <type><ref refid="classbytevec__t" kindref="compound">bytevec_t</ref> *</type>
          <declname>out</declname>
        </param>
        <param>
          <type>int</type>
          <declname>version</declname>
        </param>
        <briefdescription>
        </briefdescription>
        <detaileddescription>
        </detaileddescription>
        <inbodydescription>
        </inbodydescription>
        <location file="obj/x64_linux_gcc_32_opt/3/idasdk/lumina.hpp" line="751" column="1"/>
      </memberdef>
      <memberdef kind="function" id="structframe__desc__t_1ae4bfca403af77d065c46dfc7cfbaede1" prot="public" static="no" const="no" explicit="no" inline="no" virt="non-virtual">
        <type>bool</type>
        <definition>bool frame_desc_t::deserialize</definition>
        <argsstring>(const uchar **ptr, size_t len, int version)</argsstring>
        <name>deserialize</name>
        <param>
          <type>const <ref refid="pro_8h_1a65f85814a8290f9797005d3b28e7e5fc" kindref="member">uchar</ref> **</type>
          <declname>ptr</declname>
        </param>
        <param>
          <type>size_t</type>
          <declname>len</declname>
        </param>
        <param>
          <type>int</type>
          <declname>version</declname>
        </param>
        <briefdescription>
        </briefdescription>
        <detaileddescription>
        </detaileddescription>
        <inbodydescription>
        </inbodydescription>
        <location file="obj/x64_linux_gcc_32_opt/3/idasdk/lumina.hpp" line="752" column="1"/>
      </memberdef>
      </sectiondef>
    <briefdescription>
    </briefdescription>
    <detaileddescription>
    </detaileddescription>
    <collaborationgraph>
      <node id="1603">
        <label>frame_desc_t</label>
        <link refid="structframe__desc__t"/>
        <childnode refid="1604" relation="usage">
          <edgelabel>members</edgelabel>
        </childnode>
      </node>
      <node id="1604">
        <label>qvector&lt; frame_mem_t &gt;</label>
        <link refid="classqvector"/>
      </node>
    </collaborationgraph>
    <location file="obj/x64_linux_gcc_32_opt/3/idasdk/lumina.hpp" line="743" column="1" bodyfile="obj/x64_linux_gcc_32_opt/3/idasdk/lumina.hpp" bodystart="742" bodyend="753"/>
    <listofallmembers>
      <member refid="structframe__desc__t_1a37423ec11a8a6da71fb4a0ba6c05b413" prot="public" virt="non-virtual"><scope>frame_desc_t</scope><name>argsize</name></member>
      <member refid="structframe__desc__t_1ae4bfca403af77d065c46dfc7cfbaede1" prot="public" virt="non-virtual"><scope>frame_desc_t</scope><name>deserialize</name></member>
      <member refid="structframe__desc__t_1af65728ae2df6f700e3ec1193b22c8ab7" prot="public" virt="non-virtual"><scope>frame_desc_t</scope><name>frame_desc_t</name></member>
      <member refid="structframe__desc__t_1a690075b942a50eada67a4b1fa57f2325" prot="public" virt="non-virtual"><scope>frame_desc_t</scope><name>frregs</name></member>
      <member refid="structframe__desc__t_1a6588566f9eaa81c20e5f0cec42fc2fb3" prot="public" virt="non-virtual"><scope>frame_desc_t</scope><name>frsize</name></member>
      <member refid="structframe__desc__t_1ac0ae48dd52602508539f3bbcab13979c" prot="public" virt="non-virtual"><scope>frame_desc_t</scope><name>members</name></member>
      <member refid="structframe__desc__t_1aa560ffbd61ede8ca9e9ee5796507d331" prot="public" virt="non-virtual"><scope>frame_desc_t</scope><name>serialize</name></member>
    </listofallmembers>
  </compounddef>
</doxygen>
