<?xml version='1.0' encoding='UTF-8' standalone='no'?>
<doxygen xmlns:xsi="http://www.w3.org/2001/XMLSchema-instance" xsi:noNamespaceSchemaLocation="compound.xsd" version="1.8.12">
  <compounddef id="structsaved__structplace__t" kind="struct" language="C++" prot="public">
    <compoundname>saved_structplace_t</compoundname>
      <sectiondef kind="public-attrib">
      <memberdef kind="variable" id="structsaved__structplace__t_1a4278214c468ffcdac8bb7bce3dc452e8" prot="public" static="no" mutable="no">
        <type>ushort</type>
        <definition>ushort saved_structplace_t::lnnum</definition>
        <argsstring></argsstring>
        <name>lnnum</name>
        <briefdescription>
        </briefdescription>
        <detaileddescription>
        </detaileddescription>
        <inbodydescription>
        </inbodydescription>
        <location file="/home/aundro/idasrc/695/include/kernwin.hpp" line="5797" column="1" bodyfile="/home/aundro/idasrc/695/include/kernwin.hpp" bodystart="5797" bodyend="-1"/>
      </memberdef>
      <memberdef kind="variable" id="structsaved__structplace__t_1a9baf14cad65b2ae11817e058806ed70e" prot="public" static="no" mutable="no">
        <type>ushort</type>
        <definition>ushort saved_structplace_t::x</definition>
        <argsstring></argsstring>
        <name>x</name>
        <briefdescription>
        </briefdescription>
        <detaileddescription>
        </detaileddescription>
        <inbodydescription>
        </inbodydescription>
        <location file="/home/aundro/idasrc/695/include/kernwin.hpp" line="5798" column="1" bodyfile="/home/aundro/idasrc/695/include/kernwin.hpp" bodystart="5798" bodyend="-1"/>
      </memberdef>
      <memberdef kind="variable" id="structsaved__structplace__t_1ada1c40eb66945726dd3dd4716c766bde" prot="public" static="no" mutable="no">
        <type>ushort</type>
        <definition>ushort saved_structplace_t::y</definition>
        <argsstring></argsstring>
        <name>y</name>
        <briefdescription>
        </briefdescription>
        <detaileddescription>
        </detaileddescription>
        <inbodydescription>
        </inbodydescription>
        <location file="/home/aundro/idasrc/695/include/kernwin.hpp" line="5798" column="1" bodyfile="/home/aundro/idasrc/695/include/kernwin.hpp" bodystart="5798" bodyend="-1"/>
      </memberdef>
      <memberdef kind="variable" id="structsaved__structplace__t_1ac3061f05b0687cd79cf761d312330f8c" prot="public" static="no" mutable="no">
        <type>uval_t</type>
        <definition>uval_t saved_structplace_t::idx</definition>
        <argsstring></argsstring>
        <name>idx</name>
        <briefdescription>
        </briefdescription>
        <detaileddescription>
        </detaileddescription>
        <inbodydescription>
        </inbodydescription>
        <location file="/home/aundro/idasrc/695/include/kernwin.hpp" line="5799" column="1" bodyfile="/home/aundro/idasrc/695/include/kernwin.hpp" bodystart="5799" bodyend="-1"/>
      </memberdef>
      <memberdef kind="variable" id="structsaved__structplace__t_1ace53bb8c7eda60a2b4893d25665bbc15" prot="public" static="no" mutable="no">
        <type>uval_t</type>
        <definition>uval_t saved_structplace_t::offset</definition>
        <argsstring></argsstring>
        <name>offset</name>
        <briefdescription>
        </briefdescription>
        <detaileddescription>
        </detaileddescription>
        <inbodydescription>
        </inbodydescription>
        <location file="/home/aundro/idasrc/695/include/kernwin.hpp" line="5800" column="1" bodyfile="/home/aundro/idasrc/695/include/kernwin.hpp" bodystart="5800" bodyend="-1"/>
      </memberdef>
      </sectiondef>
    <briefdescription>
    </briefdescription>
    <detaileddescription>
    </detaileddescription>
    <location file="/home/aundro/idasrc/695/include/kernwin.hpp" line="5796" column="1" bodyfile="/home/aundro/idasrc/695/include/kernwin.hpp" bodystart="5795" bodyend="5801"/>
    <listofallmembers>
      <member refid="structsaved__structplace__t_1ac3061f05b0687cd79cf761d312330f8c" prot="public" virt="non-virtual"><scope>saved_structplace_t</scope><name>idx</name></member>
      <member refid="structsaved__structplace__t_1a4278214c468ffcdac8bb7bce3dc452e8" prot="public" virt="non-virtual"><scope>saved_structplace_t</scope><name>lnnum</name></member>
      <member refid="structsaved__structplace__t_1ace53bb8c7eda60a2b4893d25665bbc15" prot="public" virt="non-virtual"><scope>saved_structplace_t</scope><name>offset</name></member>
      <member refid="structsaved__structplace__t_1a9baf14cad65b2ae11817e058806ed70e" prot="public" virt="non-virtual"><scope>saved_structplace_t</scope><name>x</name></member>
      <member refid="structsaved__structplace__t_1ada1c40eb66945726dd3dd4716c766bde" prot="public" virt="non-virtual"><scope>saved_structplace_t</scope><name>y</name></member>
    </listofallmembers>
  </compounddef>
</doxygen>
