<?xml version='1.0' encoding='UTF-8' standalone='no'?>
<doxygen xmlns:xsi="http://www.w3.org/2001/XMLSchema-instance" xsi:noNamespaceSchemaLocation="compound.xsd" version="1.9.3" xml:lang="en-US">
  <compounddef id="structblock__chains__iterator__t" kind="struct" language="C++" prot="public">
    <compoundname>block_chains_iterator_t</compoundname>
      <sectiondef kind="public-attrib">
      <memberdef kind="variable" id="structblock__chains__iterator__t_1ad86004c647623448fdc1b7db7ff0149a" prot="public" static="no" mutable="no">
        <type>iterator_word</type>
        <definition>iterator_word block_chains_iterator_t::x</definition>
        <argsstring></argsstring>
        <name>x</name>
        <qualifiedname>block_chains_iterator_t::x</qualifiedname>
        <briefdescription>
        </briefdescription>
        <detaileddescription>
        </detaileddescription>
        <inbodydescription>
        </inbodydescription>
        <location file="obj/x64_linux_gcc_32_opt/idasdk/hexrays.hpp" line="9461" column="17" bodyfile="obj/x64_linux_gcc_32_opt/idasdk/hexrays.hpp" bodystart="9461" bodyend="-1"/>
      </memberdef>
      </sectiondef>
      <sectiondef kind="public-func">
      <memberdef kind="function" id="structblock__chains__iterator__t_1a6505d71de3428be4f1fbcf93a8a4c1ec" prot="public" static="no" const="yes" explicit="no" inline="yes" virt="non-virtual">
        <type>bool</type>
        <definition>bool block_chains_iterator_t::operator==</definition>
        <argsstring>(const block_chains_iterator_t &amp;p) const</argsstring>
        <name>operator==</name>
        <qualifiedname>block_chains_iterator_t::operator==</qualifiedname>
        <param>
          <type>const <ref refid="structblock__chains__iterator__t" kindref="compound">block_chains_iterator_t</ref> &amp;</type>
          <declname>p</declname>
        </param>
        <briefdescription>
        </briefdescription>
        <detaileddescription>
        </detaileddescription>
        <inbodydescription>
        </inbodydescription>
        <location file="obj/x64_linux_gcc_32_opt/idasdk/hexrays.hpp" line="9462" column="8" bodyfile="obj/x64_linux_gcc_32_opt/idasdk/hexrays.hpp" bodystart="9462" bodyend="9462"/>
      </memberdef>
      <memberdef kind="function" id="structblock__chains__iterator__t_1aebf355e2c7d3bb3bc2d8c434e77be5f6" prot="public" static="no" const="yes" explicit="no" inline="yes" virt="non-virtual">
        <type>bool</type>
        <definition>bool block_chains_iterator_t::operator!=</definition>
        <argsstring>(const block_chains_iterator_t &amp;p) const</argsstring>
        <name>operator!=</name>
        <qualifiedname>block_chains_iterator_t::operator!=</qualifiedname>
        <param>
          <type>const <ref refid="structblock__chains__iterator__t" kindref="compound">block_chains_iterator_t</ref> &amp;</type>
          <declname>p</declname>
        </param>
        <briefdescription>
        </briefdescription>
        <detaileddescription>
        </detaileddescription>
        <inbodydescription>
        </inbodydescription>
        <location file="obj/x64_linux_gcc_32_opt/idasdk/hexrays.hpp" line="9463" column="8" bodyfile="obj/x64_linux_gcc_32_opt/idasdk/hexrays.hpp" bodystart="9463" bodyend="9463"/>
      </memberdef>
      </sectiondef>
    <briefdescription>
    </briefdescription>
    <detaileddescription>
    </detaileddescription>
    <location file="obj/x64_linux_gcc_32_opt/idasdk/hexrays.hpp" line="9459" column="1" bodyfile="obj/x64_linux_gcc_32_opt/idasdk/hexrays.hpp" bodystart="9460" bodyend="9464"/>
    <listofallmembers>
      <member refid="structblock__chains__iterator__t_1aebf355e2c7d3bb3bc2d8c434e77be5f6" prot="public" virt="non-virtual"><scope>block_chains_iterator_t</scope><name>operator!=</name></member>
      <member refid="structblock__chains__iterator__t_1a6505d71de3428be4f1fbcf93a8a4c1ec" prot="public" virt="non-virtual"><scope>block_chains_iterator_t</scope><name>operator==</name></member>
      <member refid="structblock__chains__iterator__t_1ad86004c647623448fdc1b7db7ff0149a" prot="public" virt="non-virtual"><scope>block_chains_iterator_t</scope><name>x</name></member>
    </listofallmembers>
  </compounddef>
</doxygen>
