<?xml version='1.0' encoding='UTF-8' standalone='no'?>
<doxygen xmlns:xsi="http://www.w3.org/2001/XMLSchema-instance" xsi:noNamespaceSchemaLocation="compound.xsd" version="1.8.15">
  <compounddef id="structrenderer__info__t" kind="struct" language="C++" prot="public">
    <compoundname>renderer_info_t</compoundname>
      <sectiondef kind="public-type">
      <memberdef kind="typedef" id="structrenderer__info__t_1a224321176235ba3af0205d24f737bd86" prot="public" static="no">
        <type><ref refid="structrenderer__info__pos__t" kindref="compound">renderer_info_pos_t</ref></type>
        <definition>typedef renderer_info_pos_t renderer_info_t::pos_t</definition>
        <argsstring></argsstring>
        <name>pos_t</name>
        <briefdescription>
        </briefdescription>
        <detaileddescription>
        </detaileddescription>
        <inbodydescription>
        </inbodydescription>
        <location file="obj/x64_linux_gcc_32_opt/idasdk/moves.hpp" line="112" column="1" bodyfile="obj/x64_linux_gcc_32_opt/idasdk/moves.hpp" bodystart="112" bodyend="-1"/>
      </memberdef>
      </sectiondef>
      <sectiondef kind="public-attrib">
      <memberdef kind="variable" id="structrenderer__info__t_1a4d82fee01131d9f9e6ab0a39b58eb61b" prot="public" static="no" mutable="no">
        <type><ref refid="structgraph__location__info__t" kindref="compound">graph_location_info_t</ref></type>
        <definition>graph_location_info_t renderer_info_t::gli</definition>
        <argsstring></argsstring>
        <name>gli</name>
        <briefdescription>
        </briefdescription>
        <detaileddescription>
        </detaileddescription>
        <inbodydescription>
        </inbodydescription>
        <location file="obj/x64_linux_gcc_32_opt/idasdk/moves.hpp" line="111" column="1" bodyfile="obj/x64_linux_gcc_32_opt/idasdk/moves.hpp" bodystart="111" bodyend="-1"/>
      </memberdef>
      <memberdef kind="variable" id="structrenderer__info__t_1a9a07cc2bc2c627c21a1eddbc708d8164" prot="public" static="no" mutable="no">
        <type><ref refid="structrenderer__info__pos__t" kindref="compound">pos_t</ref></type>
        <definition>pos_t renderer_info_t::pos</definition>
        <argsstring></argsstring>
        <name>pos</name>
        <briefdescription>
        </briefdescription>
        <detaileddescription>
        </detaileddescription>
        <inbodydescription>
        </inbodydescription>
        <location file="obj/x64_linux_gcc_32_opt/idasdk/moves.hpp" line="113" column="1" bodyfile="obj/x64_linux_gcc_32_opt/idasdk/moves.hpp" bodystart="113" bodyend="-1"/>
      </memberdef>
      <memberdef kind="variable" id="structrenderer__info__t_1a4da5091d3e6cf98fd18d6e54bc2928d2" prot="public" static="no" mutable="no">
        <type><ref refid="kernwin_8hpp_1a35329d63b9cd10f0e8064ab3e39c3232" kindref="member">tcc_renderer_type_t</ref></type>
        <definition>tcc_renderer_type_t renderer_info_t::rtype</definition>
        <argsstring></argsstring>
        <name>rtype</name>
        <briefdescription>
        </briefdescription>
        <detaileddescription>
        </detaileddescription>
        <inbodydescription>
        </inbodydescription>
        <location file="obj/x64_linux_gcc_32_opt/idasdk/moves.hpp" line="114" column="1" bodyfile="obj/x64_linux_gcc_32_opt/idasdk/moves.hpp" bodystart="114" bodyend="-1"/>
      </memberdef>
      </sectiondef>
      <sectiondef kind="public-func">
      <memberdef kind="function" id="structrenderer__info__t_1a5d479a67f4b2651341823da2d3b6745b" prot="public" static="no" const="no" explicit="no" inline="yes" virt="non-virtual">
        <type></type>
        <definition>renderer_info_t::renderer_info_t</definition>
        <argsstring>()</argsstring>
        <name>renderer_info_t</name>
        <briefdescription>
        </briefdescription>
        <detaileddescription>
        </detaileddescription>
        <inbodydescription>
        </inbodydescription>
        <location file="obj/x64_linux_gcc_32_opt/idasdk/moves.hpp" line="110" column="1" bodyfile="obj/x64_linux_gcc_32_opt/idasdk/moves.hpp" bodystart="110" bodyend="110"/>
      </memberdef>
      <memberdef kind="function" id="structrenderer__info__t_1aa81e7ddfc191459c6089ba765c76379e" prot="public" static="no" const="yes" explicit="no" inline="yes" virt="non-virtual">
        <type>bool</type>
        <definition>bool renderer_info_t::operator==</definition>
        <argsstring>(const renderer_info_t &amp;r) const</argsstring>
        <name>operator==</name>
        <param>
          <type>const <ref refid="structrenderer__info__t" kindref="compound">renderer_info_t</ref> &amp;</type>
          <declname>r</declname>
        </param>
        <briefdescription>
        </briefdescription>
        <detaileddescription>
        </detaileddescription>
        <inbodydescription>
        </inbodydescription>
        <location file="obj/x64_linux_gcc_32_opt/idasdk/moves.hpp" line="116" column="1" bodyfile="obj/x64_linux_gcc_32_opt/idasdk/moves.hpp" bodystart="116" bodyend="117"/>
      </memberdef>
      <memberdef kind="function" id="structrenderer__info__t_1ab779771400a0d5756814b6183aa5ffde" prot="public" static="no" const="yes" explicit="no" inline="yes" virt="non-virtual">
        <type>bool</type>
        <definition>bool renderer_info_t::operator !=</definition>
        <argsstring>(const renderer_info_t &amp;r) const</argsstring>
        <name>operator !=</name>
        <param>
          <type>const <ref refid="structrenderer__info__t" kindref="compound">renderer_info_t</ref> &amp;</type>
          <declname>r</declname>
        </param>
        <briefdescription>
        </briefdescription>
        <detaileddescription>
        </detaileddescription>
        <inbodydescription>
        </inbodydescription>
        <location file="obj/x64_linux_gcc_32_opt/idasdk/moves.hpp" line="118" column="1" bodyfile="obj/x64_linux_gcc_32_opt/idasdk/moves.hpp" bodystart="118" bodyend="119"/>
      </memberdef>
      <memberdef kind="function" id="structrenderer__info__t_1a56993de0eafe38a66b4143d0af9b5be4" prot="public" static="no" const="no" explicit="no" inline="yes" virt="non-virtual">
        <type>void</type>
        <definition>void renderer_info_t::clear</definition>
        <argsstring>()</argsstring>
        <name>clear</name>
        <briefdescription>
        </briefdescription>
        <detaileddescription>
        </detaileddescription>
        <inbodydescription>
        </inbodydescription>
        <location file="obj/x64_linux_gcc_32_opt/idasdk/moves.hpp" line="121" column="1" bodyfile="obj/x64_linux_gcc_32_opt/idasdk/moves.hpp" bodystart="121" bodyend="125"/>
      </memberdef>
      </sectiondef>
    <briefdescription>
    </briefdescription>
    <detaileddescription>
    </detaileddescription>
    <collaborationgraph>
      <node id="3254">
        <label>renderer_info_t</label>
        <link refid="structrenderer__info__t"/>
        <childnode refid="3255" relation="usage">
          <edgelabel>pos</edgelabel>
        </childnode>
        <childnode refid="3256" relation="usage">
          <edgelabel>gli</edgelabel>
        </childnode>
      </node>
      <node id="3256">
        <label>graph_location_info_t</label>
        <link refid="structgraph__location__info__t"/>
      </node>
      <node id="3255">
        <label>renderer_info_pos_t</label>
        <link refid="structrenderer__info__pos__t"/>
      </node>
    </collaborationgraph>
    <location file="obj/x64_linux_gcc_32_opt/idasdk/moves.hpp" line="109" column="1" bodyfile="obj/x64_linux_gcc_32_opt/idasdk/moves.hpp" bodystart="108" bodyend="126"/>
    <listofallmembers>
      <member refid="structrenderer__info__t_1a56993de0eafe38a66b4143d0af9b5be4" prot="public" virt="non-virtual"><scope>renderer_info_t</scope><name>clear</name></member>
      <member refid="structrenderer__info__t_1a4d82fee01131d9f9e6ab0a39b58eb61b" prot="public" virt="non-virtual"><scope>renderer_info_t</scope><name>gli</name></member>
      <member refid="structrenderer__info__t_1ab779771400a0d5756814b6183aa5ffde" prot="public" virt="non-virtual"><scope>renderer_info_t</scope><name>operator !=</name></member>
      <member refid="structrenderer__info__t_1aa81e7ddfc191459c6089ba765c76379e" prot="public" virt="non-virtual"><scope>renderer_info_t</scope><name>operator==</name></member>
      <member refid="structrenderer__info__t_1a9a07cc2bc2c627c21a1eddbc708d8164" prot="public" virt="non-virtual"><scope>renderer_info_t</scope><name>pos</name></member>
      <member refid="structrenderer__info__t_1a224321176235ba3af0205d24f737bd86" prot="public" virt="non-virtual"><scope>renderer_info_t</scope><name>pos_t</name></member>
      <member refid="structrenderer__info__t_1a5d479a67f4b2651341823da2d3b6745b" prot="public" virt="non-virtual"><scope>renderer_info_t</scope><name>renderer_info_t</name></member>
      <member refid="structrenderer__info__t_1a4da5091d3e6cf98fd18d6e54bc2928d2" prot="public" virt="non-virtual"><scope>renderer_info_t</scope><name>rtype</name></member>
    </listofallmembers>
  </compounddef>
</doxygen>
