<?xml version='1.0' encoding='UTF-8' standalone='no'?>
<doxygen xmlns:xsi="http://www.w3.org/2001/XMLSchema-instance" xsi:noNamespaceSchemaLocation="compound.xsd" version="1.8.12">
  <compounddef id="structrpc__packet__type__desc__t" kind="struct" language="C++" prot="public">
    <compoundname>rpc_packet_type_desc_t</compoundname>
      <sectiondef kind="public-attrib">
      <memberdef kind="variable" id="structrpc__packet__type__desc__t_1a83994ac1b75026531ebd052f2ec2df99" prot="public" static="no" mutable="no">
        <type><ref refid="pro_8h_1a65f85814a8290f9797005d3b28e7e5fc" kindref="member">uchar</ref></type>
        <definition>uchar rpc_packet_type_desc_t::code</definition>
        <argsstring></argsstring>
        <name>code</name>
        <briefdescription>
        </briefdescription>
        <detaileddescription>
        </detaileddescription>
        <inbodydescription>
        </inbodydescription>
        <location file="obj/x64_linux_gcc_32_opt/idasdk/network.hpp" line="413" column="1" bodyfile="obj/x64_linux_gcc_32_opt/idasdk/network.hpp" bodystart="413" bodyend="-1"/>
      </memberdef>
      <memberdef kind="variable" id="structrpc__packet__type__desc__t_1a9e6296e8aa1aa4e320a667ef481b7c02" prot="public" static="no" mutable="no">
        <type>const char *</type>
        <definition>const char* rpc_packet_type_desc_t::name</definition>
        <argsstring></argsstring>
        <name>name</name>
        <briefdescription>
        </briefdescription>
        <detaileddescription>
        </detaileddescription>
        <inbodydescription>
        </inbodydescription>
        <location file="obj/x64_linux_gcc_32_opt/idasdk/network.hpp" line="414" column="1" bodyfile="obj/x64_linux_gcc_32_opt/idasdk/network.hpp" bodystart="414" bodyend="-1"/>
      </memberdef>
      <memberdef kind="variable" id="structrpc__packet__type__desc__t_1a5754e674573f6d6c51fcd354dfa9b702" prot="public" static="no" mutable="no">
        <type>rpc_packet_instantiator_t *</type>
        <definition>rpc_packet_instantiator_t* rpc_packet_type_desc_t::instantiate</definition>
        <argsstring></argsstring>
        <name>instantiate</name>
        <briefdescription>
        </briefdescription>
        <detaileddescription>
        </detaileddescription>
        <inbodydescription>
        </inbodydescription>
        <location file="obj/x64_linux_gcc_32_opt/idasdk/network.hpp" line="415" column="1" bodyfile="obj/x64_linux_gcc_32_opt/idasdk/network.hpp" bodystart="415" bodyend="-1"/>
      </memberdef>
      </sectiondef>
    <briefdescription>
    </briefdescription>
    <detaileddescription>
    </detaileddescription>
    <location file="obj/x64_linux_gcc_32_opt/idasdk/network.hpp" line="412" column="1" bodyfile="obj/x64_linux_gcc_32_opt/idasdk/network.hpp" bodystart="411" bodyend="416"/>
    <listofallmembers>
      <member refid="structrpc__packet__type__desc__t_1a83994ac1b75026531ebd052f2ec2df99" prot="public" virt="non-virtual"><scope>rpc_packet_type_desc_t</scope><name>code</name></member>
      <member refid="structrpc__packet__type__desc__t_1a5754e674573f6d6c51fcd354dfa9b702" prot="public" virt="non-virtual"><scope>rpc_packet_type_desc_t</scope><name>instantiate</name></member>
      <member refid="structrpc__packet__type__desc__t_1a9e6296e8aa1aa4e320a667ef481b7c02" prot="public" virt="non-virtual"><scope>rpc_packet_type_desc_t</scope><name>name</name></member>
    </listofallmembers>
  </compounddef>
</doxygen>
