<?xml version='1.0' encoding='UTF-8' standalone='no'?>
<doxygen xmlns:xsi="http://www.w3.org/2001/XMLSchema-instance" xsi:noNamespaceSchemaLocation="compound.xsd" version="1.9.3" xml:lang="en-US">
  <compounddef id="structpkt__push__md__t" kind="struct" language="C++" prot="public">
    <compoundname>pkt_push_md_t</compoundname>
    <basecompoundref refid="structrpc__packet__data__t" prot="public" virt="non-virtual">rpc_packet_data_t</basecompoundref>
      <sectiondef kind="public-attrib">
      <memberdef kind="variable" id="structpkt__push__md__t_1a64e03bb6b29bcf8c176ac835e7d9e8d1" prot="public" static="no" mutable="no">
        <type><ref refid="pro_8h_1a1134b580f8da4de94ca6b1de4d37975e" kindref="member">uint32</ref></type>
        <definition>uint32 pkt_push_md_t::flags</definition>
        <argsstring></argsstring>
        <name>flags</name>
        <qualifiedname>pkt_push_md_t::flags</qualifiedname>
        <briefdescription>
        </briefdescription>
        <detaileddescription>
        </detaileddescription>
        <inbodydescription>
        </inbodydescription>
        <location file="obj/x64_linux_gcc_32_opt/idasdk/lumina.hpp" line="970" column="10" bodyfile="obj/x64_linux_gcc_32_opt/idasdk/lumina.hpp" bodystart="970" bodyend="-1"/>
      </memberdef>
      <memberdef kind="variable" id="structpkt__push__md__t_1a24d81226b0ac6b7fae26e98621fcc1ef" prot="public" static="no" mutable="no">
        <type><ref refid="pro_8h_1a386c10c6aa4340f1d63df85f40454fce" kindref="member">qstring</ref></type>
        <definition>qstring pkt_push_md_t::idb</definition>
        <argsstring></argsstring>
        <name>idb</name>
        <qualifiedname>pkt_push_md_t::idb</qualifiedname>
        <briefdescription>
        </briefdescription>
        <detaileddescription>
        </detaileddescription>
        <inbodydescription>
        </inbodydescription>
        <location file="obj/x64_linux_gcc_32_opt/idasdk/lumina.hpp" line="971" column="11" bodyfile="obj/x64_linux_gcc_32_opt/idasdk/lumina.hpp" bodystart="971" bodyend="-1"/>
      </memberdef>
      <memberdef kind="variable" id="structpkt__push__md__t_1a2a4b6d4d7a8fb9a434654df6e50b8ccf" prot="public" static="no" mutable="no">
        <type><ref refid="structinput__file__t" kindref="compound">input_file_t</ref></type>
        <definition>input_file_t pkt_push_md_t::input</definition>
        <argsstring></argsstring>
        <name>input</name>
        <qualifiedname>pkt_push_md_t::input</qualifiedname>
        <briefdescription>
        </briefdescription>
        <detaileddescription>
        </detaileddescription>
        <inbodydescription>
        </inbodydescription>
        <location file="obj/x64_linux_gcc_32_opt/idasdk/lumina.hpp" line="972" column="16" bodyfile="obj/x64_linux_gcc_32_opt/idasdk/lumina.hpp" bodystart="972" bodyend="-1"/>
      </memberdef>
      <memberdef kind="variable" id="structpkt__push__md__t_1af5492b0f77cb45a2e0e2b6284e522a4d" prot="public" static="no" mutable="no">
        <type><ref refid="pro_8h_1a386c10c6aa4340f1d63df85f40454fce" kindref="member">qstring</ref></type>
        <definition>qstring pkt_push_md_t::hostname</definition>
        <argsstring></argsstring>
        <name>hostname</name>
        <qualifiedname>pkt_push_md_t::hostname</qualifiedname>
        <briefdescription>
        </briefdescription>
        <detaileddescription>
        </detaileddescription>
        <inbodydescription>
        </inbodydescription>
        <location file="obj/x64_linux_gcc_32_opt/idasdk/lumina.hpp" line="973" column="11" bodyfile="obj/x64_linux_gcc_32_opt/idasdk/lumina.hpp" bodystart="973" bodyend="-1"/>
      </memberdef>
      <memberdef kind="variable" id="structpkt__push__md__t_1aa6e4c2f69b8706935ef8eaada8a76103" prot="public" static="no" mutable="no">
        <type><ref refid="classqvector" kindref="compound">func_info_and_pattern_vec_t</ref></type>
        <definition>func_info_and_pattern_vec_t pkt_push_md_t::contents</definition>
        <argsstring></argsstring>
        <name>contents</name>
        <qualifiedname>pkt_push_md_t::contents</qualifiedname>
        <briefdescription>
        </briefdescription>
        <detaileddescription>
        </detaileddescription>
        <inbodydescription>
        </inbodydescription>
        <location file="obj/x64_linux_gcc_32_opt/idasdk/lumina.hpp" line="974" column="31" bodyfile="obj/x64_linux_gcc_32_opt/idasdk/lumina.hpp" bodystart="974" bodyend="-1"/>
      </memberdef>
      <memberdef kind="variable" id="structpkt__push__md__t_1a60647912f8bd8eba8e967b33ee22a6bf" prot="public" static="no" mutable="no">
        <type><ref refid="classqvector" kindref="compound">ea64vec_t</ref></type>
        <definition>ea64vec_t pkt_push_md_t::ea64s</definition>
        <argsstring></argsstring>
        <name>ea64s</name>
        <qualifiedname>pkt_push_md_t::ea64s</qualifiedname>
        <briefdescription>
        </briefdescription>
        <detaileddescription>
        </detaileddescription>
        <inbodydescription>
        </inbodydescription>
        <location file="obj/x64_linux_gcc_32_opt/idasdk/lumina.hpp" line="975" column="13" bodyfile="obj/x64_linux_gcc_32_opt/idasdk/lumina.hpp" bodystart="975" bodyend="-1"/>
      </memberdef>
      </sectiondef>
      <sectiondef kind="public-func">
      <memberdef kind="function" id="structpkt__push__md__t_1a3739fc8bad7a62829689932879e9101a" prot="public" static="no" const="no" explicit="no" inline="yes" virt="non-virtual">
        <type></type>
        <definition>pkt_push_md_t::pkt_push_md_t</definition>
        <argsstring>(uint32 __flags=0, const char *__idb=nullptr, input_file_t __input=input_file_t(), const char *__hostname=nullptr, func_info_and_pattern_vec_t __contents=func_info_and_pattern_vec_t(), ea64vec_t __ea64s=ea64vec_t())</argsstring>
        <name>pkt_push_md_t</name>
        <qualifiedname>pkt_push_md_t::pkt_push_md_t</qualifiedname>
        <param>
          <type><ref refid="pro_8h_1a1134b580f8da4de94ca6b1de4d37975e" kindref="member">uint32</ref></type>
          <declname>__flags</declname>
          <defval>0</defval>
        </param>
        <param>
          <type>const char *</type>
          <declname>__idb</declname>
          <defval>nullptr</defval>
        </param>
        <param>
          <type><ref refid="structinput__file__t" kindref="compound">input_file_t</ref></type>
          <declname>__input</declname>
          <defval><ref refid="structinput__file__t" kindref="compound">input_file_t</ref>()</defval>
        </param>
        <param>
          <type>const char *</type>
          <declname>__hostname</declname>
          <defval>nullptr</defval>
        </param>
        <param>
          <type><ref refid="classqvector" kindref="compound">func_info_and_pattern_vec_t</ref></type>
          <declname>__contents</declname>
          <defval><ref refid="classqvector" kindref="compound">func_info_and_pattern_vec_t</ref>()</defval>
        </param>
        <param>
          <type><ref refid="classqvector" kindref="compound">ea64vec_t</ref></type>
          <declname>__ea64s</declname>
          <defval><ref refid="classqvector" kindref="compound">ea64vec_t</ref>()</defval>
        </param>
        <briefdescription>
        </briefdescription>
        <detaileddescription>
        </detaileddescription>
        <inbodydescription>
        </inbodydescription>
        <location file="obj/x64_linux_gcc_32_opt/idasdk/lumina.hpp" line="976" column="3" bodyfile="obj/x64_linux_gcc_32_opt/idasdk/lumina.hpp" bodystart="976" bodyend="977"/>
      </memberdef>
      <memberdef kind="function" id="structpkt__push__md__t_1a1a5e08802bdc4a2097f5c26eb70932ed" prot="public" static="no" const="no" explicit="no" inline="no" virt="virtual">
        <type></type>
        <definition>virtual pkt_push_md_t::~pkt_push_md_t</definition>
        <argsstring>()</argsstring>
        <name>~pkt_push_md_t</name>
        <qualifiedname>pkt_push_md_t::~pkt_push_md_t</qualifiedname>
        <briefdescription>
        </briefdescription>
        <detaileddescription>
        </detaileddescription>
        <inbodydescription>
        </inbodydescription>
        <location file="obj/x64_linux_gcc_32_opt/idasdk/lumina.hpp" line="979" column="11"/>
      </memberdef>
      <memberdef kind="function" id="structpkt__push__md__t_1ad103c8d01a8ebd95d67b94f4871a8a04" prot="public" static="no" const="yes" explicit="no" inline="no" virt="virtual">
        <type>void</type>
        <definition>virtual void pkt_push_md_t::serialize</definition>
        <argsstring>(bytevec_t *out, int version) const override</argsstring>
        <name>serialize</name>
        <qualifiedname>pkt_push_md_t::serialize</qualifiedname>
        <reimplements refid="structrpc__packet__data__t_1a577ceb943847ae0b714a56b264b9cf65">serialize</reimplements>
        <param>
          <type><ref refid="classbytevec__t" kindref="compound">bytevec_t</ref> *</type>
          <declname>out</declname>
        </param>
        <param>
          <type>int</type>
          <declname>version</declname>
        </param>
        <briefdescription>
        </briefdescription>
        <detaileddescription>
        </detaileddescription>
        <inbodydescription>
        </inbodydescription>
        <location file="obj/x64_linux_gcc_32_opt/idasdk/lumina.hpp" line="980" column="16"/>
      </memberdef>
      <memberdef kind="function" id="structpkt__push__md__t_1aa1ea8946137de227f072dbe5d6559801" prot="public" static="no" const="no" explicit="no" inline="no" virt="virtual">
        <type>bool</type>
        <definition>virtual bool pkt_push_md_t::deserialize</definition>
        <argsstring>(const uchar **ptr, size_t len, int version) override</argsstring>
        <name>deserialize</name>
        <qualifiedname>pkt_push_md_t::deserialize</qualifiedname>
        <reimplements refid="structrpc__packet__data__t_1a150454902741340968d1386c8277e857">deserialize</reimplements>
        <param>
          <type>const <ref refid="pro_8h_1a65f85814a8290f9797005d3b28e7e5fc" kindref="member">uchar</ref> **</type>
          <declname>ptr</declname>
        </param>
        <param>
          <type>size_t</type>
          <declname>len</declname>
        </param>
        <param>
          <type>int</type>
          <declname>version</declname>
        </param>
        <briefdescription>
        </briefdescription>
        <detaileddescription>
        </detaileddescription>
        <inbodydescription>
        </inbodydescription>
        <location file="obj/x64_linux_gcc_32_opt/idasdk/lumina.hpp" line="981" column="16"/>
      </memberdef>
      </sectiondef>
    <briefdescription>
    </briefdescription>
    <detaileddescription>
    </detaileddescription>
    <inheritancegraph>
      <node id="1">
        <label>pkt_push_md_t</label>
        <link refid="structpkt__push__md__t"/>
        <childnode refid="2" relation="public-inheritance">
        </childnode>
      </node>
      <node id="2">
        <label>rpc_packet_data_t</label>
        <link refid="structrpc__packet__data__t"/>
      </node>
    </inheritancegraph>
    <collaborationgraph>
      <node id="3">
        <label>_qstring&lt; char &gt;</label>
        <link refid="class__qstring"/>
      </node>
      <node id="4">
        <label>input_file_t</label>
        <link refid="structinput__file__t"/>
        <childnode refid="3" relation="usage">
          <edgelabel>path</edgelabel>
        </childnode>
        <childnode refid="5" relation="usage">
          <edgelabel>md5</edgelabel>
        </childnode>
      </node>
      <node id="5">
        <label>md5_t</label>
        <link refid="structmd5__t"/>
      </node>
      <node id="1">
        <label>pkt_push_md_t</label>
        <link refid="structpkt__push__md__t"/>
        <childnode refid="2" relation="public-inheritance">
        </childnode>
        <childnode refid="3" relation="usage">
          <edgelabel>hostname</edgelabel>
          <edgelabel>idb</edgelabel>
        </childnode>
        <childnode refid="4" relation="usage">
          <edgelabel>input</edgelabel>
        </childnode>
        <childnode refid="6" relation="usage">
          <edgelabel>contents</edgelabel>
        </childnode>
        <childnode refid="7" relation="usage">
          <edgelabel>ea64s</edgelabel>
        </childnode>
      </node>
      <node id="7">
        <label>qvector&lt; ea64_t &gt;</label>
        <link refid="classqvector"/>
      </node>
      <node id="6">
        <label>qvector&lt; func_info_and_pattern_t &gt;</label>
        <link refid="classqvector"/>
      </node>
      <node id="2">
        <label>rpc_packet_data_t</label>
        <link refid="structrpc__packet__data__t"/>
      </node>
    </collaborationgraph>
    <location file="obj/x64_linux_gcc_32_opt/idasdk/lumina.hpp" line="968" column="1" bodyfile="obj/x64_linux_gcc_32_opt/idasdk/lumina.hpp" bodystart="969" bodyend="982"/>
    <listofallmembers>
      <member refid="structrpc__packet__data__t_1ae8f08a217a006f7a35f5fdb3f0e26a87" prot="public" virt="non-virtual"><scope>pkt_push_md_t</scope><name>code</name></member>
      <member refid="structpkt__push__md__t_1aa6e4c2f69b8706935ef8eaada8a76103" prot="public" virt="non-virtual"><scope>pkt_push_md_t</scope><name>contents</name></member>
      <member refid="structpkt__push__md__t_1aa1ea8946137de227f072dbe5d6559801" prot="public" virt="virtual"><scope>pkt_push_md_t</scope><name>deserialize</name></member>
      <member refid="structpkt__push__md__t_1a60647912f8bd8eba8e967b33ee22a6bf" prot="public" virt="non-virtual"><scope>pkt_push_md_t</scope><name>ea64s</name></member>
      <member refid="structpkt__push__md__t_1a64e03bb6b29bcf8c176ac835e7d9e8d1" prot="public" virt="non-virtual"><scope>pkt_push_md_t</scope><name>flags</name></member>
      <member refid="structpkt__push__md__t_1af5492b0f77cb45a2e0e2b6284e522a4d" prot="public" virt="non-virtual"><scope>pkt_push_md_t</scope><name>hostname</name></member>
      <member refid="structpkt__push__md__t_1a24d81226b0ac6b7fae26e98621fcc1ef" prot="public" virt="non-virtual"><scope>pkt_push_md_t</scope><name>idb</name></member>
      <member refid="structpkt__push__md__t_1a2a4b6d4d7a8fb9a434654df6e50b8ccf" prot="public" virt="non-virtual"><scope>pkt_push_md_t</scope><name>input</name></member>
      <member refid="structpkt__push__md__t_1a3739fc8bad7a62829689932879e9101a" prot="public" virt="non-virtual"><scope>pkt_push_md_t</scope><name>pkt_push_md_t</name></member>
      <member refid="structrpc__packet__data__t_1aa48c3e33219ccb723d7be7f18392f50b" prot="public" virt="non-virtual"><scope>pkt_push_md_t</scope><name>rpc_packet_data_t</name></member>
      <member refid="structpkt__push__md__t_1ad103c8d01a8ebd95d67b94f4871a8a04" prot="public" virt="virtual"><scope>pkt_push_md_t</scope><name>serialize</name></member>
      <member refid="structpkt__push__md__t_1a1a5e08802bdc4a2097f5c26eb70932ed" prot="public" virt="virtual"><scope>pkt_push_md_t</scope><name>~pkt_push_md_t</name></member>
      <member refid="structrpc__packet__data__t_1af3d9b0008dfb68fb02fbc403c41fe396" prot="public" virt="virtual"><scope>pkt_push_md_t</scope><name>~rpc_packet_data_t</name></member>
    </listofallmembers>
  </compounddef>
</doxygen>
