<?xml version='1.0' encoding='UTF-8' standalone='no'?>
<doxygen xmlns:xsi="http://www.w3.org/2001/XMLSchema-instance" xsi:noNamespaceSchemaLocation="compound.xsd" version="1.9.3" xml:lang="en-US">
  <compounddef id="structlumina__credentials__t" kind="struct" language="C++" prot="public">
    <compoundname>lumina_credentials_t</compoundname>
    <basecompoundref refid="structlogin__credentials__t" prot="public" virt="non-virtual">login_credentials_t</basecompoundref>
      <sectiondef kind="public-attrib">
      <memberdef kind="variable" id="structlumina__credentials__t_1a728dae43d724b34ec02c9be0e13f94a7" prot="public" static="no" mutable="no">
        <type>bool</type>
        <definition>bool lumina_credentials_t::is_primary</definition>
        <argsstring></argsstring>
        <name>is_primary</name>
        <qualifiedname>lumina_credentials_t::is_primary</qualifiedname>
        <briefdescription>
        </briefdescription>
        <detaileddescription>
        </detaileddescription>
        <inbodydescription>
        </inbodydescription>
        <location file="obj/x64_linux_gcc_32_opt/idasdk/network.hpp" line="983" column="8" bodyfile="obj/x64_linux_gcc_32_opt/idasdk/network.hpp" bodystart="983" bodyend="-1"/>
      </memberdef>
      </sectiondef>
      <sectiondef kind="public-func">
      <memberdef kind="function" id="structlumina__credentials__t_1af64172405d1f15540f3a5c623b2e3533" prot="public" static="no" const="no" explicit="no" inline="yes" virt="non-virtual">
        <type></type>
        <definition>lumina_credentials_t::lumina_credentials_t</definition>
        <argsstring>()</argsstring>
        <name>lumina_credentials_t</name>
        <qualifiedname>lumina_credentials_t::lumina_credentials_t</qualifiedname>
        <briefdescription>
        </briefdescription>
        <detaileddescription>
        </detaileddescription>
        <inbodydescription>
        </inbodydescription>
        <location file="obj/x64_linux_gcc_32_opt/idasdk/network.hpp" line="985" column="3" bodyfile="obj/x64_linux_gcc_32_opt/idasdk/network.hpp" bodystart="985" bodyend="987"/>
      </memberdef>
      <memberdef kind="function" id="structlumina__credentials__t_1ad4d71bc4e0858917c22dcea0ab0a8c25" prot="public" static="no" const="no" explicit="no" inline="yes" virt="virtual">
        <type></type>
        <definition>virtual lumina_credentials_t::~lumina_credentials_t</definition>
        <argsstring>()</argsstring>
        <name>~lumina_credentials_t</name>
        <qualifiedname>lumina_credentials_t::~lumina_credentials_t</qualifiedname>
        <briefdescription>
        </briefdescription>
        <detaileddescription>
        </detaileddescription>
        <inbodydescription>
        </inbodydescription>
        <location file="obj/x64_linux_gcc_32_opt/idasdk/network.hpp" line="988" column="11" bodyfile="obj/x64_linux_gcc_32_opt/idasdk/network.hpp" bodystart="988" bodyend="988"/>
      </memberdef>
      <memberdef kind="function" id="structlumina__credentials__t_1a20914810782af85f1f7a1ead832bcb96" prot="public" static="no" const="no" explicit="no" inline="no" virt="non-virtual">
        <type>void</type>
        <definition>void lumina_credentials_t::init</definition>
        <argsstring>(bool set_as_primary=true)</argsstring>
        <name>init</name>
        <qualifiedname>lumina_credentials_t::init</qualifiedname>
        <param>
          <type>bool</type>
          <declname>set_as_primary</declname>
          <defval>true</defval>
        </param>
        <briefdescription>
        </briefdescription>
        <detaileddescription>
        </detaileddescription>
        <inbodydescription>
        </inbodydescription>
        <location file="obj/x64_linux_gcc_32_opt/idasdk/network.hpp" line="990" column="8"/>
      </memberdef>
      <memberdef kind="function" id="structlumina__credentials__t_1ae2909f35f484ed72658f631d37138892" prot="public" static="no" const="yes" explicit="no" inline="no" virt="virtual">
        <type>bool</type>
        <definition>virtual bool lumina_credentials_t::do_load_password</definition>
        <argsstring>(qstring *out, qstring *errbuf) const override</argsstring>
        <name>do_load_password</name>
        <qualifiedname>lumina_credentials_t::do_load_password</qualifiedname>
        <reimplements refid="structlogin__credentials__t_1aeadffc2e4cb3e68d7cc8f3a3af6f619c">do_load_password</reimplements>
        <param>
          <type><ref refid="pro_8h_1a386c10c6aa4340f1d63df85f40454fce" kindref="member">qstring</ref> *</type>
          <declname>out</declname>
        </param>
        <param>
          <type><ref refid="pro_8h_1a386c10c6aa4340f1d63df85f40454fce" kindref="member">qstring</ref> *</type>
          <declname>errbuf</declname>
        </param>
        <briefdescription>
        </briefdescription>
        <detaileddescription>
        </detaileddescription>
        <inbodydescription>
        </inbodydescription>
        <location file="obj/x64_linux_gcc_32_opt/idasdk/network.hpp" line="992" column="16"/>
      </memberdef>
      <memberdef kind="function" id="structlumina__credentials__t_1a077210c70cbe13a832e0b9c7fe9198fc" prot="public" static="no" const="yes" explicit="no" inline="no" virt="virtual">
        <type>bool</type>
        <definition>virtual bool lumina_credentials_t::write</definition>
        <argsstring>() const override</argsstring>
        <name>write</name>
        <qualifiedname>lumina_credentials_t::write</qualifiedname>
        <reimplements refid="structlogin__credentials__t_1a2ed12318dfddc55cb028d4e4514fb0ba">write</reimplements>
        <briefdescription>
        </briefdescription>
        <detaileddescription>
        </detaileddescription>
        <inbodydescription>
        </inbodydescription>
        <location file="obj/x64_linux_gcc_32_opt/idasdk/network.hpp" line="993" column="16"/>
      </memberdef>
      </sectiondef>
    <briefdescription>
    </briefdescription>
    <detaileddescription>
    </detaileddescription>
    <inheritancegraph>
      <node id="3">
        <label>endpoint_credentials_t</label>
        <link refid="structendpoint__credentials__t"/>
        <childnode refid="4" relation="public-inheritance">
        </childnode>
      </node>
      <node id="4">
        <label>host_port_t</label>
        <link refid="structhost__port__t"/>
      </node>
      <node id="2">
        <label>login_credentials_t</label>
        <link refid="structlogin__credentials__t"/>
        <childnode refid="3" relation="public-inheritance">
        </childnode>
      </node>
      <node id="1">
        <label>lumina_credentials_t</label>
        <link refid="structlumina__credentials__t"/>
        <childnode refid="2" relation="public-inheritance">
        </childnode>
      </node>
    </inheritancegraph>
    <collaborationgraph>
      <node id="5">
        <label>_qstring&lt; char &gt;</label>
        <link refid="class__qstring"/>
      </node>
      <node id="3">
        <label>endpoint_credentials_t</label>
        <link refid="structendpoint__credentials__t"/>
        <childnode refid="4" relation="public-inheritance">
        </childnode>
        <childnode refid="5" relation="usage">
          <edgelabel>password_override</edgelabel>
          <edgelabel>username</edgelabel>
        </childnode>
      </node>
      <node id="4">
        <label>host_port_t</label>
        <link refid="structhost__port__t"/>
        <childnode refid="5" relation="usage">
          <edgelabel>host</edgelabel>
        </childnode>
      </node>
      <node id="2">
        <label>login_credentials_t</label>
        <link refid="structlogin__credentials__t"/>
        <childnode refid="3" relation="public-inheritance">
        </childnode>
        <childnode refid="3" relation="usage">
          <edgelabel>proxy</edgelabel>
        </childnode>
      </node>
      <node id="1">
        <label>lumina_credentials_t</label>
        <link refid="structlumina__credentials__t"/>
        <childnode refid="2" relation="public-inheritance">
        </childnode>
      </node>
    </collaborationgraph>
    <location file="obj/x64_linux_gcc_32_opt/idasdk/network.hpp" line="981" column="1" bodyfile="obj/x64_linux_gcc_32_opt/idasdk/network.hpp" bodystart="982" bodyend="994"/>
    <listofallmembers>
      <member refid="structendpoint__credentials__t_1a3b0967f2875f5283a4ff9dfe13d9114b" prot="public" virt="non-virtual"><scope>lumina_credentials_t</scope><name>build_connstr</name></member>
      <member refid="structendpoint__credentials__t_1ae8c2209e6c56d68a9c4d5075b6ca7ded" prot="public" virt="non-virtual"><scope>lumina_credentials_t</scope><name>build_connstr</name></member>
      <member refid="structlogin__credentials__t_1a0a2092c72abde2725cf1ed1fd96a363c" prot="public" virt="virtual"><scope>lumina_credentials_t</scope><name>clear</name></member>
      <member refid="structlumina__credentials__t_1ae2909f35f484ed72658f631d37138892" prot="public" virt="virtual"><scope>lumina_credentials_t</scope><name>do_load_password</name></member>
      <member refid="structlogin__credentials__t_1ae7bba7b6840ca8dbb508a24fa95d0e09" prot="protected" virt="virtual"><scope>lumina_credentials_t</scope><name>do_load_proxy_password</name></member>
      <member refid="structendpoint__credentials__t_1afab8958d2dca410ce82d1c3be60a28de" prot="public" virt="non-virtual"><scope>lumina_credentials_t</scope><name>endpoint_credentials_t</name></member>
      <member refid="structendpoint__credentials__t_1a4cd9bc805361ce0bb6f609c2eb701fb2" prot="public" virt="non-virtual"><scope>lumina_credentials_t</scope><name>endpoint_credentials_t</name></member>
      <member refid="structlogin__credentials__t_1ad63758458f1a4a079e9e9f424f0ad033" prot="public" virt="non-virtual"><scope>lumina_credentials_t</scope><name>has_seen_proxy_option</name></member>
      <member refid="structhost__port__t_1a7ea573bb9fda4bf676bbf57505a35a9d" prot="public" virt="non-virtual"><scope>lumina_credentials_t</scope><name>host</name></member>
      <member refid="structhost__port__t_1a4e6794e7a92e8bf73e35c8cfd0f73516" prot="public" virt="non-virtual"><scope>lumina_credentials_t</scope><name>host_port_t</name></member>
      <member refid="structhost__port__t_1ab95e3ec75a56960a33538ad472096487" prot="public" virt="non-virtual"><scope>lumina_credentials_t</scope><name>host_port_t</name></member>
      <member refid="structlumina__credentials__t_1a20914810782af85f1f7a1ead832bcb96" prot="public" virt="non-virtual"><scope>lumina_credentials_t</scope><name>init</name></member>
      <member refid="structlumina__credentials__t_1a728dae43d724b34ec02c9be0e13f94a7" prot="public" virt="non-virtual"><scope>lumina_credentials_t</scope><name>is_primary</name></member>
      <member refid="structlogin__credentials__t_1afc1547ba26331cd396f94b2d5352f639" prot="protected" virt="non-virtual"><scope>lumina_credentials_t</scope><name>load_pass_from_keychain</name></member>
      <member refid="structlogin__credentials__t_1a02f5bd3104d0c3cb5033ba72a4c2eea0" prot="public" virt="non-virtual"><scope>lumina_credentials_t</scope><name>load_password</name></member>
      <member refid="structlogin__credentials__t_1a7cbe46465034aab3cd03aea0eca4ff09" prot="public" virt="non-virtual"><scope>lumina_credentials_t</scope><name>load_proxy_password</name></member>
      <member refid="structlogin__credentials__t_1a51c44e4dded529afb9e0237f930b6b9b" prot="public" virt="non-virtual"><scope>lumina_credentials_t</scope><name>login_credentials_t</name></member>
      <member refid="structlumina__credentials__t_1af64172405d1f15540f3a5c623b2e3533" prot="public" virt="non-virtual"><scope>lumina_credentials_t</scope><name>lumina_credentials_t</name></member>
      <member refid="structendpoint__credentials__t_1aded75fc7ecf287ac313694cb6e08b528" prot="public" virt="non-virtual"><scope>lumina_credentials_t</scope><name>parse_connstr</name></member>
      <member refid="structendpoint__credentials__t_1ad9659586ee0773e78af739f588d7633c" prot="public" virt="non-virtual"><scope>lumina_credentials_t</scope><name>parse_connstr</name></member>
      <member refid="structendpoint__credentials__t_1a6cd949223cabacfa124a6dc4d438d0bc" prot="public" virt="non-virtual"><scope>lumina_credentials_t</scope><name>password_override</name></member>
      <member refid="structhost__port__t_1ac31a9ca3c55da5842599c65a992d577a" prot="public" virt="non-virtual"><scope>lumina_credentials_t</scope><name>port</name></member>
      <member refid="structlogin__credentials__t_1afa892b9268fc82932c53959c8066efde" prot="public" virt="virtual"><scope>lumina_credentials_t</scope><name>process_switch</name></member>
      <member refid="structlogin__credentials__t_1a8b6fbf0ccddd9d5ab3071cd916fa9fbb" prot="public" virt="non-virtual"><scope>lumina_credentials_t</scope><name>proxy</name></member>
      <member refid="structlogin__credentials__t_1a6ab9bfe8bbff1f237912cb0199086fa9" prot="public" virt="non-virtual"><scope>lumina_credentials_t</scope><name>set_use_tls</name></member>
      <member refid="structlogin__credentials__t_1a9a1f4219d91ccc91da673e01127d06c2" prot="public" virt="non-virtual"><scope>lumina_credentials_t</scope><name>state</name></member>
      <member refid="structlogin__credentials__t_1abfd9a5756ed1f3c0c859792c27542582" prot="public" virt="non-virtual"><scope>lumina_credentials_t</scope><name>use_tls</name></member>
      <member refid="structendpoint__credentials__t_1a82694e4b2dfa286863018522fde74943" prot="public" virt="non-virtual"><scope>lumina_credentials_t</scope><name>username</name></member>
      <member refid="structlumina__credentials__t_1a077210c70cbe13a832e0b9c7fe9198fc" prot="public" virt="virtual"><scope>lumina_credentials_t</scope><name>write</name></member>
      <member refid="structlogin__credentials__t_1aa2078c237e7dece2ea2061326e96df52" prot="public" virt="virtual"><scope>lumina_credentials_t</scope><name>~login_credentials_t</name></member>
      <member refid="structlumina__credentials__t_1ad4d71bc4e0858917c22dcea0ab0a8c25" prot="public" virt="virtual"><scope>lumina_credentials_t</scope><name>~lumina_credentials_t</name></member>
    </listofallmembers>
  </compounddef>
</doxygen>
