<?xml version='1.0' encoding='UTF-8' standalone='no'?>
<doxygen xmlns:xsi="http://www.w3.org/2001/XMLSchema-instance" xsi:noNamespaceSchemaLocation="compound.xsd" version="1.8.15">
  <compounddef id="structsegm__move__infos__t" kind="struct" language="C++" prot="public">
    <compoundname>segm_move_infos_t</compoundname>
    <basecompoundref refid="classqvector" prot="public" virt="non-virtual">qvector&lt; segm_move_info_t &gt;</basecompoundref>
      <sectiondef kind="public-func">
      <memberdef kind="function" id="structsegm__move__infos__t_1a2654fba908cd45cd466234ab80d09fc5" prot="public" static="no" const="yes" explicit="no" inline="yes" virt="non-virtual">
        <type>const <ref refid="structsegm__move__info__t" kindref="compound">segm_move_info_t</ref> *</type>
        <definition>const segm_move_info_t* segm_move_infos_t::find</definition>
        <argsstring>(ea_t ea) const</argsstring>
        <name>find</name>
        <param>
          <type>ea_t</type>
          <declname>ea</declname>
        </param>
        <briefdescription>
        </briefdescription>
        <detaileddescription>
        </detaileddescription>
        <inbodydescription>
        </inbodydescription>
        <location file="obj/x64_linux_gcc_32_opt/3/idasdk/moves.hpp" line="57" column="1" bodyfile="obj/x64_linux_gcc_32_opt/3/idasdk/moves.hpp" bodystart="57" bodyend="66"/>
      </memberdef>
      </sectiondef>
    <briefdescription>
    </briefdescription>
    <detaileddescription>
    </detaileddescription>
    <inheritancegraph>
      <node id="3309">
        <label>segm_move_info_vec_t</label>
        <link refid="classqvector"/>
      </node>
      <node id="3308">
        <label>segm_move_infos_t</label>
        <link refid="structsegm__move__infos__t"/>
        <childnode refid="3309" relation="public-inheritance">
        </childnode>
      </node>
    </inheritancegraph>
    <collaborationgraph>
      <node id="3311">
        <label>segm_move_info_vec_t</label>
        <link refid="classqvector"/>
      </node>
      <node id="3310">
        <label>segm_move_infos_t</label>
        <link refid="structsegm__move__infos__t"/>
        <childnode refid="3311" relation="public-inheritance">
        </childnode>
      </node>
    </collaborationgraph>
    <location file="obj/x64_linux_gcc_32_opt/3/idasdk/moves.hpp" line="56" column="1" bodyfile="obj/x64_linux_gcc_32_opt/3/idasdk/moves.hpp" bodystart="55" bodyend="67"/>
    <listofallmembers>
      <member refid="classqvector_1aae20729cb52ff559b27b834e0bbb5528" prot="public" virt="non-virtual"><scope>segm_move_infos_t</scope><name>add</name></member>
      <member refid="classqvector_1af0e3de3e606a0b52de17e80ce710317c" prot="public" virt="non-virtual"><scope>segm_move_infos_t</scope><name>add_unique</name></member>
      <member refid="classqvector_1a7756bf02ed2b83370fc1d62acb49d3be" prot="public" virt="non-virtual"><scope>segm_move_infos_t</scope><name>at</name></member>
      <member refid="classqvector_1a8239a85aa07f560afcf35b8c7c53fd48" prot="public" virt="non-virtual"><scope>segm_move_infos_t</scope><name>at</name></member>
      <member refid="classqvector_1ae86d54e6a60b2f2e7eb254b181e4a4dc" prot="public" virt="non-virtual"><scope>segm_move_infos_t</scope><name>back</name></member>
      <member refid="classqvector_1aa9af4ff586a6b15e11e760e1f28766f3" prot="public" virt="non-virtual"><scope>segm_move_infos_t</scope><name>back</name></member>
      <member refid="classqvector_1ad907a7b2c09c0ca4dd437392ee34a50a" prot="public" virt="non-virtual"><scope>segm_move_infos_t</scope><name>begin</name></member>
      <member refid="classqvector_1a85630357a750889ffc6c204e98a8d4aa" prot="public" virt="non-virtual"><scope>segm_move_infos_t</scope><name>begin</name></member>
      <member refid="classqvector_1ae2f4823d02d814d50c6d198ff0c43a0c" prot="public" virt="non-virtual"><scope>segm_move_infos_t</scope><name>capacity</name></member>
      <member refid="classqvector_1a00ea674adc4b958966d78ba450621a46" prot="public" virt="non-virtual"><scope>segm_move_infos_t</scope><name>clear</name></member>
      <member refid="classqvector_1a194d7dff35eb2e50e2b98109a6a9c4da" prot="public" virt="non-virtual"><scope>segm_move_infos_t</scope><name>const_iterator</name></member>
      <member refid="classqvector_1a1f7772500942d63596a5c91249ad577c" prot="public" virt="non-virtual"><scope>segm_move_infos_t</scope><name>del</name></member>
      <member refid="classqvector_1ac78b72e26edaf62a9554b5a0fe3d6457" prot="public" virt="non-virtual"><scope>segm_move_infos_t</scope><name>dstr</name></member>
      <member refid="classqvector_1a557b1f774ef7d7e242ce4792ac83b572" prot="public" virt="non-virtual"><scope>segm_move_infos_t</scope><name>empty</name></member>
      <member refid="classqvector_1a6139abba869b7a488109c983445a34d1" prot="public" virt="non-virtual"><scope>segm_move_infos_t</scope><name>end</name></member>
      <member refid="classqvector_1adcc73c6c8ad31d17a5fdc57dffea90e1" prot="public" virt="non-virtual"><scope>segm_move_infos_t</scope><name>end</name></member>
      <member refid="classqvector_1a59661e16df1b8e3c69caf2b2a6ca2b59" prot="public" virt="non-virtual"><scope>segm_move_infos_t</scope><name>erase</name></member>
      <member refid="classqvector_1a16a369b4edb05a6feddd38f8612eab1b" prot="public" virt="non-virtual"><scope>segm_move_infos_t</scope><name>erase</name></member>
      <member refid="classqvector_1abf8f50b30972a829ad7affb27cdb80c7" prot="public" virt="non-virtual"><scope>segm_move_infos_t</scope><name>extract</name></member>
      <member refid="structsegm__move__infos__t_1a2654fba908cd45cd466234ab80d09fc5" prot="public" virt="non-virtual"><scope>segm_move_infos_t</scope><name>find</name></member>
      <member refid="classqvector_1ab9b8ccda1db8948c10f1ea2936c59a5c" prot="public" virt="non-virtual" ambiguityscope="qvector::"><scope>segm_move_infos_t</scope><name>find</name></member>
      <member refid="classqvector_1a4e77dc1a55ea19e725e8a22aa574ae28" prot="public" virt="non-virtual" ambiguityscope="qvector::"><scope>segm_move_infos_t</scope><name>find</name></member>
      <member refid="classqvector_1a7cfc6f9d91d6495f92961c5ea37bb0d4" prot="public" virt="non-virtual"><scope>segm_move_infos_t</scope><name>front</name></member>
      <member refid="classqvector_1ae4595a6221e8a056b54fed4dced17f26" prot="public" virt="non-virtual"><scope>segm_move_infos_t</scope><name>front</name></member>
      <member refid="classqvector_1acd86e975d8aa56bee809e4176bb0d530" prot="public" virt="non-virtual"><scope>segm_move_infos_t</scope><name>grow</name></member>
      <member refid="classqvector_1af9f9d1bbac527168131b03ee956833fc" prot="public" virt="non-virtual"><scope>segm_move_infos_t</scope><name>has</name></member>
      <member refid="classqvector_1aeb58b3064e71399ce8f2bfaf9a582d29" prot="public" virt="non-virtual"><scope>segm_move_infos_t</scope><name>index</name></member>
      <member refid="classqvector_1a0e2ac6acfb0b5607cd6b77e8049633db" prot="public" virt="non-virtual"><scope>segm_move_infos_t</scope><name>inject</name></member>
      <member refid="classqvector_1a7c55d837eb4006430e5b300e79901ef1" prot="public" virt="non-virtual"><scope>segm_move_infos_t</scope><name>insert</name></member>
      <member refid="classqvector_1ad10cb71a7d5bfdd090dafd52f625eb20" prot="public" virt="non-virtual"><scope>segm_move_infos_t</scope><name>insert</name></member>
      <member refid="classqvector_1ad40f094ea07c84e9cab1077188893c5c" prot="public" virt="non-virtual"><scope>segm_move_infos_t</scope><name>iterator</name></member>
      <member refid="classqvector_1a15efec34b1af4afd53e662169dcdf969" prot="public" virt="non-virtual"><scope>segm_move_infos_t</scope><name>operator !=</name></member>
      <member refid="classqvector_1af24534fa1de39b829e85f573640f9f48" prot="public" virt="non-virtual"><scope>segm_move_infos_t</scope><name>operator=</name></member>
      <member refid="classqvector_1ace7ff39fb8ad735fdd45b86a46ba4fbc" prot="public" virt="non-virtual"><scope>segm_move_infos_t</scope><name>operator==</name></member>
      <member refid="classqvector_1a3ffbd25fbea3165cf3f8f7a6b4d5c86d" prot="public" virt="non-virtual"><scope>segm_move_infos_t</scope><name>operator[]</name></member>
      <member refid="classqvector_1a9743bfd5464506b812d9686d3ba40299" prot="public" virt="non-virtual"><scope>segm_move_infos_t</scope><name>operator[]</name></member>
      <member refid="classqvector_1ad0dfc171e75ac7ddf1de00309505d995" prot="public" virt="non-virtual"><scope>segm_move_infos_t</scope><name>pop_back</name></member>
      <member refid="classqvector_1a3a46bca9030a31c7e0a1596948797e37" prot="public" virt="non-virtual"><scope>segm_move_infos_t</scope><name>push_back</name></member>
      <member refid="classqvector_1ad54c35eca9074d6458a0f589f09d1750" prot="public" virt="non-virtual"><scope>segm_move_infos_t</scope><name>push_back</name></member>
      <member refid="classqvector_1a5e84e633cf9a05ebdc441af0780edb4a" prot="public" virt="non-virtual"><scope>segm_move_infos_t</scope><name>qclear</name></member>
      <member refid="classqvector_1ac1c66f1594aff3114ed1de62cf84410d" prot="public" virt="non-virtual"><scope>segm_move_infos_t</scope><name>qvector</name></member>
      <member refid="classqvector_1a53936d7ddf6df4efdf91eeed34894c41" prot="public" virt="non-virtual"><scope>segm_move_infos_t</scope><name>qvector</name></member>
      <member refid="classqvector_1a00e5c32c63732f5149e901c932d2f3c2" prot="public" virt="non-virtual"><scope>segm_move_infos_t</scope><name>reserve</name></member>
      <member refid="classqvector_1a86c07a20c0f081c2930118f0db280148" prot="public" virt="non-virtual"><scope>segm_move_infos_t</scope><name>resize</name></member>
      <member refid="classqvector_1ae4d55e7d94d1a247e10baeae524b53dc" prot="public" virt="non-virtual"><scope>segm_move_infos_t</scope><name>resize</name></member>
      <member refid="classqvector_1a10917886cc8f5f5c829f914c75973d2f" prot="public" virt="non-virtual"><scope>segm_move_infos_t</scope><name>resize_noinit</name></member>
      <member refid="classqvector_1ae96fe88d3602362b063bd0540ff579dd" prot="public" virt="non-virtual"><scope>segm_move_infos_t</scope><name>size</name></member>
      <member refid="classqvector_1a2006754f99fb324709ae0972ddb20bb4" prot="public" virt="non-virtual"><scope>segm_move_infos_t</scope><name>swap</name></member>
      <member refid="classqvector_1a447062dc6a1a8318a9e0430d4bbe0ec6" prot="public" virt="non-virtual"><scope>segm_move_infos_t</scope><name>truncate</name></member>
      <member refid="classqvector_1a71bc4c4aa5df2fda5b070e74f01b5d28" prot="public" virt="non-virtual"><scope>segm_move_infos_t</scope><name>value_type</name></member>
      <member refid="classqvector_1a3c7294aeb604b9c9e1b47b3abd8cd71e" prot="public" virt="non-virtual"><scope>segm_move_infos_t</scope><name>~qvector</name></member>
    </listofallmembers>
  </compounddef>
</doxygen>
