<?xml version='1.0' encoding='UTF-8' standalone='no'?>
<doxygen xmlns:xsi="http://www.w3.org/2001/XMLSchema-instance" xsi:noNamespaceSchemaLocation="compound.xsd" version="1.8.15">
  <compounddef id="structuser__graph__place__t" kind="struct" language="C++" prot="public">
    <compoundname>user_graph_place_t</compoundname>
    <basecompoundref refid="classplace__t" prot="public" virt="non-virtual">place_t</basecompoundref>
    <includes refid="graph_8hpp" local="no">graph.hpp</includes>
      <sectiondef kind="public-attrib">
      <memberdef kind="variable" id="structuser__graph__place__t_1a7389ed3206f5b0d0e95aed90ba197307" prot="public" static="no" mutable="no">
        <type>int</type>
        <definition>int user_graph_place_t::node</definition>
        <argsstring></argsstring>
        <name>node</name>
        <briefdescription>
        </briefdescription>
        <detaileddescription>
        </detaileddescription>
        <inbodydescription>
        </inbodydescription>
        <location file="obj/x64_linux_gcc_32_opt/3/idasdk/graph.hpp" line="1501" column="1" bodyfile="obj/x64_linux_gcc_32_opt/3/idasdk/graph.hpp" bodystart="1501" bodyend="-1"/>
      </memberdef>
      </sectiondef>
    <briefdescription>
    </briefdescription>
    <detaileddescription>
<para>Structure returned by <ref refid="kernwin_8hpp_1a888ed62f71b1b711dcdb240b210307a0" kindref="member">get_custom_viewer_place()</ref> if the first parameter is a graph viewer. </para>
    </detaileddescription>
    <inheritancegraph>
      <node id="3692">
        <label>place_t</label>
        <link refid="classplace__t"/>
      </node>
      <node id="3691">
        <label>user_graph_place_t</label>
        <link refid="structuser__graph__place__t"/>
        <childnode refid="3692" relation="public-inheritance">
        </childnode>
      </node>
    </inheritancegraph>
    <collaborationgraph>
      <node id="3694">
        <label>place_t</label>
        <link refid="classplace__t"/>
      </node>
      <node id="3693">
        <label>user_graph_place_t</label>
        <link refid="structuser__graph__place__t"/>
        <childnode refid="3694" relation="public-inheritance">
        </childnode>
      </node>
    </collaborationgraph>
    <location file="obj/x64_linux_gcc_32_opt/3/idasdk/graph.hpp" line="1500" column="1" bodyfile="obj/x64_linux_gcc_32_opt/3/idasdk/graph.hpp" bodystart="1499" bodyend="1502"/>
    <listofallmembers>
      <member refid="classplace__t_1a3b16c13455ab860b9e24b796887f4740" prot="public" virt="pure-virtual"><scope>user_graph_place_t</scope><name>adjust</name></member>
      <member refid="classplace__t_1a1eb30fc9b839d8da28f05ce0ccbbc661" prot="public" virt="pure-virtual"><scope>user_graph_place_t</scope><name>beginning</name></member>
      <member refid="classplace__t_1aa4cf253af9a4980c7a4481ebcb292fe6" prot="public" virt="pure-virtual"><scope>user_graph_place_t</scope><name>clone</name></member>
      <member refid="classplace__t_1adb067d4ab607933cf2b15b951457273c" prot="public" virt="pure-virtual"><scope>user_graph_place_t</scope><name>compare</name></member>
      <member refid="classplace__t_1a2bef187a2512317396d6fd4aeb1e9253" prot="public" virt="virtual"><scope>user_graph_place_t</scope><name>compare2</name></member>
      <member refid="classplace__t_1a93a239a8f6f2e6d23f6e5d24ab2b5584" prot="public" virt="pure-virtual"><scope>user_graph_place_t</scope><name>copyfrom</name></member>
      <member refid="classplace__t_1af183cc97073e7ff7f59b881358b25ad8" prot="public" virt="pure-virtual"><scope>user_graph_place_t</scope><name>deserialize</name></member>
      <member refid="classplace__t_1af8a0747c609c749e5ac27fec0ccf7749" prot="public" virt="pure-virtual"><scope>user_graph_place_t</scope><name>ending</name></member>
      <member refid="classplace__t_1aa455b2b6db54bd27452456f7304363e3" prot="public" virt="virtual"><scope>user_graph_place_t</scope><name>enter</name></member>
      <member refid="classplace__t_1ac5e9d9bb1c1e76313484c30669f17581" prot="public" virt="pure-virtual"><scope>user_graph_place_t</scope><name>generate</name></member>
      <member refid="classplace__t_1a2d5a9daadc5ed9ebc58c292013013d9d" prot="public" virt="pure-virtual"><scope>user_graph_place_t</scope><name>id</name></member>
      <member refid="classplace__t_1ae4c35e91362b8095481cc80aa12eefa0" prot="public" virt="virtual"><scope>user_graph_place_t</scope><name>leave</name></member>
      <member refid="classplace__t_1a2290792667079b755a6f40979b241c0d" prot="public" virt="non-virtual"><scope>user_graph_place_t</scope><name>lnnum</name></member>
      <member refid="classplace__t_1a2c5b119c1e71bb062ff40e6194eff383" prot="public" virt="pure-virtual"><scope>user_graph_place_t</scope><name>makeplace</name></member>
      <member refid="classplace__t_1ab31b8e0b9c635346da32da95849f860c" prot="public" virt="pure-virtual"><scope>user_graph_place_t</scope><name>name</name></member>
      <member refid="classplace__t_1aea2b5b32abe1aa93e6e334140fdbae0c" prot="public" virt="pure-virtual"><scope>user_graph_place_t</scope><name>next</name></member>
      <member refid="structuser__graph__place__t_1a7389ed3206f5b0d0e95aed90ba197307" prot="public" virt="non-virtual"><scope>user_graph_place_t</scope><name>node</name></member>
      <member refid="classplace__t_1ae14ab4038d37fb100de804658e0ae407" prot="public" virt="non-virtual"><scope>user_graph_place_t</scope><name>place_t</name></member>
      <member refid="classplace__t_1a8519f60eee7c08ade01ba7bbf54651b9" prot="public" virt="non-virtual"><scope>user_graph_place_t</scope><name>place_t</name></member>
      <member refid="classplace__t_1a8039d5e4b13f624908a4a7377081e45c" prot="public" virt="pure-virtual"><scope>user_graph_place_t</scope><name>prev</name></member>
      <member refid="classplace__t_1a62149ac6731e1d55d48a056ac25e0ea1" prot="public" virt="pure-virtual"><scope>user_graph_place_t</scope><name>print</name></member>
      <member refid="classplace__t_1a4ae4e2531f911f3f4876531cf54342c4" prot="public" virt="virtual"><scope>user_graph_place_t</scope><name>rebase</name></member>
      <member refid="classplace__t_1a6bac077150420a43060a136e1c7fb74f" prot="public" virt="pure-virtual"><scope>user_graph_place_t</scope><name>serialize</name></member>
      <member refid="classplace__t_1a4cfdfecee2e21b5f818c685f5c61e059" prot="public" virt="virtual"><scope>user_graph_place_t</scope><name>toea</name></member>
      <member refid="classplace__t_1a834a8cc4961c1c57c3b354fe1fca6870" prot="public" virt="pure-virtual"><scope>user_graph_place_t</scope><name>touval</name></member>
    </listofallmembers>
  </compounddef>
</doxygen>
