<?xml version='1.0' encoding='UTF-8' standalone='no'?>
<doxygen xmlns:xsi="http://www.w3.org/2001/XMLSchema-instance" xsi:noNamespaceSchemaLocation="compound.xsd" version="1.8.15">
  <compounddef id="struct_varray_1_1chunk__t" kind="struct" language="C++" prot="private">
    <compoundname>Varray::chunk_t</compoundname>
      <sectiondef kind="public-attrib">
      <memberdef kind="variable" id="struct_varray_1_1chunk__t_1a9faa7439c316994b64ded3848895ea1d" prot="public" static="no" mutable="no">
        <type>ea_t</type>
        <definition>ea_t Varray::chunk_t::start</definition>
        <argsstring></argsstring>
        <name>start</name>
        <briefdescription>
        </briefdescription>
        <detaileddescription>
        </detaileddescription>
        <inbodydescription>
        </inbodydescription>
        <location file="obj/x64_linux_gcc_32_opt/idasdk/va.hpp" line="186" column="1" bodyfile="obj/x64_linux_gcc_32_opt/idasdk/va.hpp" bodystart="186" bodyend="-1"/>
      </memberdef>
      <memberdef kind="variable" id="struct_varray_1_1chunk__t_1a0f8e432310fc5035ae877d7736339916" prot="public" static="no" mutable="no">
        <type>ea_t</type>
        <definition>ea_t Varray::chunk_t::end</definition>
        <argsstring></argsstring>
        <name>end</name>
        <briefdescription>
        </briefdescription>
        <detaileddescription>
        </detaileddescription>
        <inbodydescription>
        </inbodydescription>
        <location file="obj/x64_linux_gcc_32_opt/idasdk/va.hpp" line="187" column="1" bodyfile="obj/x64_linux_gcc_32_opt/idasdk/va.hpp" bodystart="187" bodyend="-1"/>
      </memberdef>
      </sectiondef>
    <briefdescription>
    </briefdescription>
    <detaileddescription>
    </detaileddescription>
    <location file="obj/x64_linux_gcc_32_opt/idasdk/va.hpp" line="185" column="1" bodyfile="obj/x64_linux_gcc_32_opt/idasdk/va.hpp" bodystart="184" bodyend="188"/>
    <listofallmembers>
      <member refid="struct_varray_1_1chunk__t_1a0f8e432310fc5035ae877d7736339916" prot="public" virt="non-virtual"><scope>Varray::chunk_t</scope><name>end</name></member>
      <member refid="struct_varray_1_1chunk__t_1a9faa7439c316994b64ded3848895ea1d" prot="public" virt="non-virtual"><scope>Varray::chunk_t</scope><name>start</name></member>
    </listofallmembers>
  </compounddef>
</doxygen>
