<?xml version='1.0' encoding='UTF-8' standalone='no'?>
<doxygen xmlns:xsi="http://www.w3.org/2001/XMLSchema-instance" xsi:noNamespaceSchemaLocation="compound.xsd" version="1.9.3" xml:lang="en-US">
  <compounddef id="structqbasic__block__t" kind="struct" language="C++" prot="public">
    <compoundname>qbasic_block_t</compoundname>
    <basecompoundref refid="structrange__t" prot="public" virt="non-virtual">range_t</basecompoundref>
    <includes refid="gdl_8hpp" local="no">gdl.hpp</includes>
      <sectiondef kind="public-attrib">
      <memberdef kind="variable" id="structqbasic__block__t_1ab09ace233c4992731d273ad94aaacaee" prot="public" static="no" mutable="no">
        <type><ref refid="pro_8h_1a16a891be237a47eac68383da2ebc2fa6" kindref="member">intvec_t</ref></type>
        <definition>intvec_t qbasic_block_t::succ</definition>
        <argsstring></argsstring>
        <name>succ</name>
        <qualifiedname>qbasic_block_t::succ</qualifiedname>
        <briefdescription>
<para>list of node successors </para>
        </briefdescription>
        <detaileddescription>
        </detaileddescription>
        <inbodydescription>
        </inbodydescription>
        <location file="obj/x64_linux_gcc_32_opt_pro/idasdk/gdl.hpp" line="286" column="12" bodyfile="obj/x64_linux_gcc_32_opt_pro/idasdk/gdl.hpp" bodystart="286" bodyend="-1"/>
      </memberdef>
      <memberdef kind="variable" id="structqbasic__block__t_1a3d2785af583b34be6f65ad94dd5fd751" prot="public" static="no" mutable="no">
        <type><ref refid="pro_8h_1a16a891be237a47eac68383da2ebc2fa6" kindref="member">intvec_t</ref></type>
        <definition>intvec_t qbasic_block_t::pred</definition>
        <argsstring></argsstring>
        <name>pred</name>
        <qualifiedname>qbasic_block_t::pred</qualifiedname>
        <briefdescription>
<para>list of node predecessors </para>
        </briefdescription>
        <detaileddescription>
        </detaileddescription>
        <inbodydescription>
        </inbodydescription>
        <location file="obj/x64_linux_gcc_32_opt_pro/idasdk/gdl.hpp" line="287" column="12" bodyfile="obj/x64_linux_gcc_32_opt_pro/idasdk/gdl.hpp" bodystart="287" bodyend="-1"/>
      </memberdef>
      </sectiondef>
    <briefdescription>
<para>Information about a basic block of a <ref refid="classqflow__chart__t" kindref="compound">qflow_chart_t</ref>. </para>
    </briefdescription>
    <detaileddescription>
    </detaileddescription>
    <inheritancegraph>
      <node id="1">
        <label>qbasic_block_t</label>
        <link refid="structqbasic__block__t"/>
        <childnode refid="2" relation="public-inheritance">
        </childnode>
      </node>
      <node id="2">
        <label>range_t</label>
        <link refid="structrange__t"/>
      </node>
    </inheritancegraph>
    <collaborationgraph>
      <node id="1">
        <label>qbasic_block_t</label>
        <link refid="structqbasic__block__t"/>
        <childnode refid="2" relation="public-inheritance">
        </childnode>
        <childnode refid="3" relation="usage">
          <edgelabel>pred</edgelabel>
          <edgelabel>succ</edgelabel>
        </childnode>
      </node>
      <node id="3">
        <label>qvector&lt; int &gt;</label>
        <link refid="classqvector"/>
      </node>
      <node id="2">
        <label>range_t</label>
        <link refid="structrange__t"/>
      </node>
    </collaborationgraph>
    <location file="obj/x64_linux_gcc_32_opt_pro/idasdk/gdl.hpp" line="284" column="1" bodyfile="obj/x64_linux_gcc_32_opt_pro/idasdk/gdl.hpp" bodystart="285" bodyend="288"/>
    <listofallmembers>
      <member refid="structrange__t_1af69f6653edafca6c68050cc689f6a34a" prot="public" virt="non-virtual"><scope>qbasic_block_t</scope><name>clear</name></member>
      <member refid="structrange__t_1a0830eb0562430bfc98c8ffd89c34c38b" prot="public" virt="non-virtual"><scope>qbasic_block_t</scope><name>compare</name></member>
      <member refid="structrange__t_1a639ccf2de4dc8a2272fdb2937427616b" prot="public" virt="non-virtual"><scope>qbasic_block_t</scope><name>contains</name></member>
      <member refid="structrange__t_1a188429d8f3c57001a60f2b0f4e5a9c88" prot="public" virt="non-virtual"><scope>qbasic_block_t</scope><name>contains</name></member>
      <member refid="structrange__t_1a07d4ba9971d45948b8efdad8bedb2773" prot="public" virt="non-virtual"><scope>qbasic_block_t</scope><name>empty</name></member>
      <member refid="structrange__t_1a31e62b2ecbc6b543945e3c2fcaa5ae3d" prot="public" virt="non-virtual"><scope>qbasic_block_t</scope><name>end_ea</name></member>
      <member refid="structrange__t_1a2fbe9a8accdb83fe775b546ae4aca51b" prot="public" virt="non-virtual"><scope>qbasic_block_t</scope><name>extend</name></member>
      <member refid="structrange__t_1ab4b7e2856112ddbf081134b3d71ed7a5" prot="public" virt="non-virtual"><scope>qbasic_block_t</scope><name>intersect</name></member>
      <member refid="structrange__t_1ac9f6c3adeb6af420bcaa2d2c624fd1f1" prot="public" virt="non-virtual"><scope>qbasic_block_t</scope><name>operator!=</name></member>
      <member refid="structrange__t_1a9041a2aa65b7181856d9e110b0b9fbef" prot="public" virt="non-virtual"><scope>qbasic_block_t</scope><name>operator&lt;</name></member>
      <member refid="structrange__t_1aa7f77c097f903e791eefca4a81e6b3d3" prot="public" virt="non-virtual"><scope>qbasic_block_t</scope><name>operator==</name></member>
      <member refid="structrange__t_1a5972a592e712ca2e09bfff8037561ef2" prot="public" virt="non-virtual"><scope>qbasic_block_t</scope><name>operator&gt;</name></member>
      <member refid="structrange__t_1ac063ce03653e4456e408aea12ffa80e1" prot="public" virt="non-virtual"><scope>qbasic_block_t</scope><name>overlaps</name></member>
      <member refid="structqbasic__block__t_1a3d2785af583b34be6f65ad94dd5fd751" prot="public" virt="non-virtual"><scope>qbasic_block_t</scope><name>pred</name></member>
      <member refid="structrange__t_1a5e4a06ff3c34f53d752985274c39a3a1" prot="public" virt="non-virtual"><scope>qbasic_block_t</scope><name>print</name></member>
      <member refid="structrange__t_1a43ae77e02b4b42dca95b04a5b72b4381" prot="public" virt="non-virtual"><scope>qbasic_block_t</scope><name>range_t</name></member>
      <member refid="structrange__t_1a1994b8457d9394a0f50723fc67eef06a" prot="public" virt="non-virtual"><scope>qbasic_block_t</scope><name>range_t</name></member>
      <member refid="structrange__t_1acf22d1af607f5bef81df4862f6ad5ac8" prot="public" virt="non-virtual"><scope>qbasic_block_t</scope><name>size</name></member>
      <member refid="structrange__t_1a69799eeea6c081e327fed05bcc617585" prot="public" virt="non-virtual"><scope>qbasic_block_t</scope><name>start_ea</name></member>
      <member refid="structqbasic__block__t_1ab09ace233c4992731d273ad94aaacaee" prot="public" virt="non-virtual"><scope>qbasic_block_t</scope><name>succ</name></member>
    </listofallmembers>
  </compounddef>
</doxygen>
